Rank	Player	Position	Team
1	Bijan Robinson	RB	ATL
1	Josh Allen	QB	BUF
2	Jahmyr Gibbs	RB	DET
3	Drake Maye	QB	NE
3	Ja'Marr Chase	WR	CIN
4	Jonathan Taylor	RB	IND
5	Christian McCaffrey	RB	SF
5	James Cook	RB	BUF
5	Jaxon Smith-Njigba	WR	SEA
5	Puka Nacua	WR	LAR
7	Derrick Henry	RB	BAL
8	Amon-Ra St. Brown	WR	DET
8	De'Von Achane	RB	MIA
9	Jayden Daniels	QB	WAS
10	CeeDee Lamb	WR	DAL
11	Joe Burrow	QB	CIN
11	Justin Jefferson	WR	MIN
12	Ashton Jeanty	RB	LV
12	Lamar Jackson	QB	BAL
12	Omarion Hampton	RB	LAC
13	Kyren Williams	RB	LAR
13	Saquon Barkley	RB	PHI
14	Drake London	WR	ATL
15	Caleb Williams	QB	CHI
15	Jeremiyah Love	RB	ARI
16	Chase Brown	RB	CIN
17	Trey McBride	TE	ARI
18	A.J. Brown	WR	NE
18	Brock Bowers	TE	LV
19	Kenneth Walker	RB	KC
19	Nico Collins	WR	HOU
20	Josh Jacobs	RB	GB
23	George Pickens	WR	DAL
23	Rashee Rice	WR	KC
24	Jaxson Dart	QB	NYG
25	Justin Herbert	QB	LAC
26	Chris Olave	WR	NO
26	Jalen Hurts	QB	PHI
26	Patrick Mahomes	QB	KC
27	Breece Hall	RB	NYJ
27	Malik Nabers	WR	NYG
27	Todd Gurley	RB	
30	Travis Etienne	RB	NO
31	Trevor Lawrence	QB	JAX
32	Bucky Irving	RB	TB
32	Javonte Williams	RB	DAL
34	Bo Nix	QB	DEN
36	Tee Higgins	WR	CIN
37	Brock Purdy	QB	SF
37	Tetairoa McMillan	WR	CAR
37	TreVeyon Henderson	RB	NE
38	Garrett Wilson	WR	NYJ
39	Cam Skattebo	RB	NYG
39	DeVonta Smith	WR	PHI
39	Fernando Mendoza	QB	LV
40	Luther Burden	WR	CHI
40	RJ Harvey	RB	DEN
41	Colston Loveland	TE	CHI
41	Ladd McConkey	WR	LAC
42	Jaylen Waddle	WR	DEN
43	Emeka Egbuka	WR	TB
44	Bhayshul Tuten	RB	JAX
44	Bryce Ford-Wheaton	WR	
44	Zay Flowers	WR	BAL
45	Dak Prescott	QB	DAL
45	Quinshon Judkins	RB	CLE
45	Terry McLaurin	WR	WAS
46	Davante Adams	WR	LAR
47	D'Andre Swift	RB	CHI
48	David Montgomery	RB	HOU
50	Jordan Love	QB	GB
50	Tyler Warren	TE	IND
52	Jameson Williams	WR	DET
52	Jaylen Warren	RB	PIT
54	DJ Moore	WR	BUF
57	Mike Evans	WR	SF
58	Rhamondre Stevenson	RB	NE
61	Carnell Tate	WR	TEN
61	Kyle Monangai	RB	CHI
63	Christian Watson	WR	GB
63	Harold Fannin	TE	CLE
63	Jadarian Price	RB	SEA
63	Rome Odunze	WR	CHI
63	Tony Pollard	RB	TEN
64	Baker Mayfield	QB	TB
65	Rico Dowdle	RB	PIT
66	Brian Thomas	WR	JAX
66	Chuba Hubbard	RB	CAR
66	Jared Goff	QB	DET
67	Tucker Kraft	TE	GB
68	Blake Corum	RB	LAR
69	Jordyn Tyson	WR	NO
71	Kyle Pitts	TE	ATL
72	Courtland Sutton	WR	DEN
73	DK Metcalf	WR	PIT
74	Tom Brady	QB	
75	Cam Ward	QB	TEN
75	J.K. Dobbins	RB	DEN
75	Michael Wilson	WR	ARI
76	Drew Brees	QB	
76	Marvin Harrison	WR	ARI
76	Sam LaPorta	TE	DET
77	Jakobi Meyers	WR	JAX
77	Makai Lemon	WR	PHI
80	Brian Robinson	RB	ATL
80	C.J. Stroud	QB	HOU
81	Dalton Kincaid	TE	BUF
81	Parker Washington	WR	JAX
81	Tyler Shough	QB	NO
82	Alec Pierce	WR	IND
83	Oronde Gadsden	TE	LAC
84	Sam Darnold	QB	SEA
85	Aaron Jones	RB	MIN
86	Kenny Gainwell	RB	TB
88	Chris Godwin	WR	TB
89	Antonio Brown	WR	
89	Tyler Allgeier	RB	ARI
91	Jonathon Brooks	RB	CAR
92	Hunter Henry	TE	NE
92	James Conner	RB	ARI
92	Julian Edelman	WR	
92	Kyler Murray	QB	MIN
94	Dallas Goedert	TE	PHI
95	Jacory Croskey-Merritt	RB	WAS
96	Mark Andrews	TE	BAL
97	George Kittle	TE	SF
97	Jake Ferguson	TE	DAL
98	Bryce Young	QB	CAR
98	Dalton Schultz	TE	HOU
98	Jordan Addison	WR	MIN
98	Michael Pittman	WR	PIT
101	Zach Charbonnet	RB	SEA
102	Wan'Dale Robinson	WR	TEN
103	Juwan Johnson	TE	NO
103	Matthew Stafford	QB	LAR
103	Quentin Johnston	WR	LAC
104	Brenton Strange	TE	JAX
104	Gus Edwards	RB	
104	Thomas Odukoya	TE	
105	Woody Marks	RB	HOU
106	Travis Kelce	TE	KC
109	Daniel Jones	QB	IND
109	Kenyon Sadiq	TE	NYJ
109	Malik Willis	QB	MIA
110	Brandon Aubrey	K	DAL
110	Tyrone Tracy	RB	NYG
111	Ezekiel Elliott	RB	
111	Jayden Reed	WR	GB
112	Jordan Mason	RB	MIN
113	Emmett Johnson	RB	KC
113	Isaiah Likely	TE	NYG
113	Romeo Doubs	WR	NE
114	Trey Benson	RB	ARI
116	KC Concepcion	WR	CLE
116	Keenan Allen	WR	
116	Stefon Diggs	WR	WAS
118	Jonah Coleman	RB	DEN
118	Rob Gronkowski	TE	
119	Alvin Kamara	RB	NO
119	Rachaad White	RB	WAS
119	William Fuller	WR	
120	Khalil Shakir	WR	BUF
120	Xavier Worthy	WR	KC
121	Josh Downs	WR	IND
122	Tyjae Spears	RB	TEN
123	Jauan Jennings	WR	MIN
124	Henry Ruggs	WR	
126	AJ Barner	TE	SEA
126	Damien Harris	RB	
126	Jayden Higgins	WR	HOU
127	Bryce Love	RB	
128	T.J. Hockenson	TE	MIN
129	Cameron Dicker	K	LAC
129	Dylan Sampson	RB	CLE
131	David Njoku	TE	LAC
131	Tyler Lockett	WR	
132	Jalen Coker	WR	CAR
132	Jason Myers	K	SEA
132	Matthew Golden	WR	GB
135	Braelon Allen	RB	NYJ
136	Colby Parkinson	TE	LAR
137	Chig Okonkwo	TE	WAS
138	Mason Taylor	TE	NYJ
139	Mike Washington	RB	LV
140	Eli Stowers	TE	PHI
141	Chris Rodriguez	RB	JAX
141	Kimani Vidal	RB	LAC
141	Terrance Ferguson	TE	LAR
141	Ty Simpson	QB	LAR
144	Denzel Boston	WR	CLE
144	Theo Johnson	TE	NYG
145	Travis Hunter	WR	JAX
145	Tyreek Hill	WR	
146	Omar Cooper	WR	NYJ
147	Tank Bigsby	RB	PHI
148	Cade Otton	TE	TB
148	Keaton Mitchell	RB	LAC
150	De'Zhaun Stribling	WR	SF
150	Deebo Samuel	WR	SF
150	Harrison Mevis	K	LAR
150	Noah Brown	WR	
150	Rashid Shaheed	WR	SEA
150	Tyler Loop	K	BAL
151	Brandin Cooks	WR	
151	Chris Boswell	K	PIT
151	Isiah Pacheco	RB	DET
153	Cam Little	K	JAX
153	Gunnar Helm	TE	TEN
154	Andy Borregales	K	NE
155	Harrison Butker	K	KC
155	Ka'imi Fairbairn	K	HOU
155	Sean Tucker	RB	TB
156	Antonio Williams	WR	WAS
157	Kaytron Allen	RB	WAS
160	Jerry Jeudy	WR	CLE
161	Alshon Jeffery	WR	
161	Emanuel Wilson	RB	SEA
162	Adonai Mitchell	WR	NYJ
162	Jalen McMillan	WR	TB
163	Adam Thielen	WR	
164	Eddy Pineiro	K	SF
164	Kayshon Boutte	WR	NE
165	Larry Fitzgerald	WR	
167	Jalen Nailor	WR	LV
167	Nicholas Singleton	RB	TEN
167	Ray Davis	RB	BUF
169	Dan Bailey	K	
169	Devin Neal	RB	NO
171	Troy Franklin	WR	DEN
172	Pat Bryant	WR	DEN
172	Stephen Gostkowski	K	
173	Jake Bates	K	DET
173	Kaleb Johnson	RB	PIT
174	Jaylen Wright	RB	MIA
174	Will Reichard	K	MIN
175	Chimere Dike	WR	TEN
176	Ben Roethlisberger	QB	PIT
176	Demond Claiborne	RB	MIN
177	Brandon Aiyuk	WR	SF
177	Wil Lutz	K	DEN
178	Jake Tonges	TE	SF
179	Tre' Harris	WR	LAC
180	Calvin Ridley	WR	TEN
180	Kendre Miller	RB	NO
180	Zachariah Branch	WR	ATL
182	Brashard Smith	RB	KC
182	Ja'Kobi Lane	WR	BAL
182	Justin Tucker	K	
183	Amari Cooper	WR	
183	Tua Tagovailoa	QB	ATL
184	Isaac TeSlaa	WR	DET
185	Elic Ayomanor	WR	TEN
187	Frank Gore	RB	
187	Tank Dell	WR	HOU
188	Tre Tucker	WR	LV
189	Jaydon Blue	RB	DAL
190	Audric Estime	RB	NO
190	Cairo Santos	K	CHI
190	Jaylin Noel	WR	HOU
191	Jarquez Hunter	RB	LAR
192	Marvin Mims	WR	DEN
194	Darnell Mooney	WR	NYG
194	Germie Bernard	WR	PIT
195	Kyle Williams	WR	NE
196	Ted Hurst	WR	TB
198	Chase McLaughlin	K	TB
198	Tyrell Williams	WR	
199	Michael Penix	QB	ATL
199	Ryan Flournoy	WR	DAL
199	Tory Horton	WR	SEA
200	Chris Carson	RB	
200	J.J. McCarthy	QB	MIN
201	Derek Carr	QB	
201	Elijah Sarratt	WR	BAL
201	Jacoby Brissett	QB	ARI
201	Mike Davis	RB	
202	Joshua Dobbs	QB	
203	Chris Bell	WR	MIA
203	Rashod Bateman	WR	BAL
206	Cooper Kupp	WR	SEA
206	Evan McPherson	K	CIN
206	Jonnu Smith	TE	
206	Keon Coleman	WR	BUF
208	Jack Bech	WR	LV
209	Devaughn Vele	WR	NO
210	Christian Kirk	WR	SF
210	Malachi Fields	WR	NYG
210	Ted Ginn	WR	
212	Dontrelle Inman	WR	
212	Jarvis Landry	WR	
212	Joe Mixon	RB	
212	Max Klare	TE	LAR
212	Michael Trigg	TE	DAL
215	Eric Ebron	TE	PIT
216	A.J. Green	WR	
218	Blake Jarwin	TE	
219	Jimmy Garoppolo	QB	
219	LeSean McCoy	RB	
219	Najee Harris	RB	
220	Cam Newton	QB	
221	Jake Elliott	K	PHI
222	Robbie Gould	K	
222	Shedeur Sanders	QB	CLE
223	Kenny Golladay	WR	
230	Michael Thomas	WR	
231	Mark Ingram	RB	
232	Titus Swen	RB	
234	J.D. McKissic	RB	
235	Le'Veon Bell	RB	TB
235	Leonard Fournette	RB	
236	Jerick McKinnon	RB	
239	Matt Gay	K	LV
241	Riley Patterson	K	MIA
242	Charlie Smyth	K	NO
242	Dion Lewis	RB	
242	Kareem Hunt	RB	
243	Tyler Boyd	WR	
244	Craig Reynolds	RB	
244	Nick Chubb	RB	
245	D'Onta Foreman	RB	
249	Darren Waller	TE	
249	Mac Jones	QB	SF
249	Nick Folk	K	ATL
249	Tanner Morgan	QB	
250	Diontae Johnson	WR	
251	Tyree Jackson	TE	
253	Chase Edmonds	RB	
253	Jose Barbon	WR	
254	Anthony Richardson	QB	IND
254	Brett Hundley	QB	
256	Brian Cobbs	WR	
257	Scotty Washington	WR	
259	Connor Davis	TE	
259	Jamaal Williams	RB	
259	Kevin Hogan	QB	
260	Charleston Rambo	WR	
260	Geno Smith	QB	NYJ
260	Zack Moss	RB	
265	Quinn Nordin	K	
267	Noah Gindorff	TE	
272	John Stephens	TE	
272	Russell Wilson	QB	
274	Colt McCoy	QB	
274	DeShon Williams	TE	
275	Ryan Succop	K	
275	Zach Ertz	TE	
276	Avery Davis	WR	
277	Alex Kessman	K	CAR
277	Josh Imatorbhebhe	WR	
277	Malik Flowers	WR	
278	James White	RB	
279	Chase Claypool	WR	
279	Emanuel Hall	WR	
279	Logan Woodside	QB	
280	Anthony McFarland	RB	
280	Jack Sorenson	WR	
280	Tucker McCann	K	
282	Christian Wade	RB	
283	MyCole Pruitt	TE	
284	DeAndre Washington	RB	
284	Gavin Holmes	WR	
285	Max Borghi	RB	
286	Jalen Sample	WR	
286	Seth Roberts	WR	
288	Kaden Smith	TE	
288	Tyler Bass	K	BUF
288	Tyler Bray	QB	
289	Ethan Fernea	WR	
290	Eric Tomlinson	TE	
290	Miles Sanders	RB	
292	Camerun Peoples	RB	
292	Ryan Griffin	QB	
292	Trey Ragas	RB	
293	Dustin Crum	QB	
294	Peter LeBlanc	WR	
296	Jared Cook	TE	
296	Kadarius Toney	WR	
297	Aaron Dykes	RB	
297	Bennie Fowler	WR	
297	Mike Williams	WR	
299	Aaron Fuller	WR	
300	Aron Cruickshank	WR	
300	Jermaine Burton	WR	
300	Zach Mathis	WR	
301	Tayon Fleet-Davis	RB	
302	Greg Olsen	TE	
302	Leon Johnson	WR	
303	Darius Anderson	RB	
303	David Bell	WR	
303	Jacob Hollister	TE	
304	Ventell Bryant	WR	
306	Duece Watts	WR	
306	Isaiah Coulter	WR	
307	Alex Quevedo	K	
307	Josh Rosen	QB	
307	Sam Ficken	K	
307	Zach Heins	TE	
309	Jake Moody	K	WAS
310	Elijah Collins	RB	
311	A.J. Rose	RB	
311	AJ McCarron	QB	
311	Isaac Rex	TE	
312	Holton Ahlers	QB	
312	Kirk Merritt	WR	
314	Aldrick Rosas	K	
314	Davis Cheek	QB	
315	Ahmarean Brown	WR	
315	Austin Proehl	WR	
317	Austin Ekeler	RB	
317	John Hall	WR	
317	Tajae Sharpe	WR	
319	Andre Szmyt	K	CLE
319	DeAndre Hopkins	WR	
321	La'Mical Perine	RB	
321	Marcus Kemp	WR	
321	Taysom Hill	TE	
322	Allen Lazard	WR	
322	Gabe Davis	WR	
322	Ryan Tannehill	QB	
322	T.J. Yeldon	RB	
323	Thyrick Pitts	WR	
324	Chad Ryland	K	ARI
324	Nathan Rourke	QB	
325	Joey Slye	K	TEN
326	Ben Sauls	K	NYG
326	Justin Fields	QB	KC
327	Ryan Fitzgerald	K	CAR
328	Matt Ryan	QB	
328	Sean Ryan	WR	
329	Garrett Nussmeier	QB	KC
330	Alize Mack	TE	
330	D.J. Montgomery	WR	
330	Dominic Zvada	K	NYG
330	Montana Lemonious-Craig	WR	
330	Trey Smack	K	GB
331	James Turner	K	
333	Bug Howard	TE	
333	Donte Moncrief	WR	
333	Sammy Watkins	WR	
334	Kyle Sloter	QB	
334	Wendell Smallwood	RB	WAS
335	Sam Pinckney	WR	
336	Andy Isabella	WR	
336	Jordan Ta'amu	QB	
336	Mason Crosby	K	
337	Dontrell Hilliard	RB	
338	Philip Rivers	QB	
338	Tyler Adams	WR	
339	Aaron Rodgers	QB	PIT
339	Devonta Freeman	RB	
339	Jermaine Jackson	WR	
339	Jordan Petaia	TE	
339	Tyler Eifert	TE	
340	Austin Reed	QB	
341	Benny Snell	RB	
341	Jacob Kibodi	RB	
342	Brayden Lenius	TE	
342	Hassan Hall	RB	
342	Kendall Blanton	TE	
343	Devin Ross	WR	
343	Sean Mannion	QB	
344	Michael Pratt	QB	
345	Brandon Peters	QB	
345	Gabe Brkic	K	
346	Martavis Bryant	WR	
348	Chris Naggar	K	
350	Cade York	K	NYJ
351	David Blough	QB	
351	Matt Cole	WR	
351	Moose Muhammad	WR	
351	Nathaniel Peat	RB	
351	Randy Bullock	K	
352	OJ Hiliare	WR	
353	JaVonta Payton	WR	
353	Rodrigo Blankenship	K	
354	Ty James	WR	
355	J.P. Holtz	TE	
355	Jalen Milroe	QB	SEA
355	Malachi Carter	WR	
355	Matthew Trickett	K	
355	Nick Bowers	TE	
355	Sony Michel	RB	
355	Spencer Shrader	K	IND
356	Michael Warren	RB	DET
357	Alex McNulty	K	
357	Chris Coleman	WR	
357	Devon Garrison	TE	
358	Darrell Daniels	TE	
359	Jesper Horsted	TE	
361	Ian Book	QB	
361	Randall Cobb	WR	
362	Rashaad Penny	RB	
363	Jalen Jackson	RB	
364	Tanner Taula	TE	
365	Josh Lambo	K	
366	Louis Rees-Zammit	RB	
366	Trey Quinn	WR	
367	Antonio Gibson	RB	
367	Cameron Brate	TE	
367	Daurice Fountain	WR	
367	Jack Podlesny	K	
367	Ryan Santoso	K	
367	Stevie Scott	RB	
368	Brett Maher	K	
368	Jared Bernhardt	WR	
368	Joseph Scates	WR	
368	Kawaan Baker	WR	
368	Kirk Cousins	QB	LV
368	Michael Walker	WR	
368	Zakhari Franklin	WR	
369	Kobe Lewis	RB	
370	Garett Maag	WR	
370	Jamal Pettigrew	TE	
371	Alex Hale	K	
371	Curtis Samuel	WR	
371	Pooka Williams	RB	
372	Emory Jones	QB	
372	Jeremy Sprinkle	TE	
372	Trent Taylor	WR	
372	Will Howard	QB	PIT
373	Jordan Reed	TE	
374	Otis Anderson	RB	
375	Sterling Shepard	WR	
376	Donovan Peoples-Jones	WR	
376	Tyler Ervin	RB	
378	Dylan Parham	TE	
378	Jason Witten	TE	
378	Jonathan Garibay	K	
378	Tyler Mabry	TE	
379	D'Eriq King	QB	
380	Jack Plummer	QB	
380	Josh Pederson	TE	
380	Tyron Billy-Johnson	WR	
381	Kody Case	WR	
381	Racey McMath	WR	
382	Alexander Mattison	RB	
382	Thaddeus Moss	TE	
383	D'Ernest Johnson	RB	
383	Jadon Haselwood	WR	
383	Jonathan Ward	RB	
384	Diontae Spencer	WR	
384	Jalen White	RB	
384	Maurice Ffrench	WR	
384	Raheem Mostert	RB	
384	Tavien Feaster	RB	ARI
385	Kellen Mond	QB	
386	Dan Arnold	TE	
386	Drew Estrada	WR	
386	Reggie Roberson	WR	
387	Casey Bauman	QB	
387	Hamze El-Zayat	WR	
388	Zamir White	RB	
392	Terrell Bynum	WR	
393	Hunter Renfrow	WR	
394	Emmanuel Sanders	WR	
394	Josh Reynolds	WR	
395	Corey Sutton	WR	
396	Isaiah Winstead	WR	
396	Quinn Ewers	QB	MIA
397	Deshaun Watson	QB	CLE
397	Mike Glennon	QB	
397	Will Dissly	TE	
398	Cade Klubnik	QB	NYJ
398	Cole Beasley	WR	
399	Antoine Green	WR	
399	Jontre Kirklin	WR	
400	Chris Brazzell	WR	CAR
400	Marcus Mariota	QB	WAS
400	Ricky Pearsall	WR	SF
401	Melvin Gordon	RB	
401	Vance McDonald	TE	
402	Baylor Cupp	TE	
402	Cethan Carter	TE	
402	Ramon Jefferson	RB	
402	Riley Leonard	QB	IND
402	Riley Ridley	WR	
402	Seth Williams	WR	
403	Chase Cota	WR	
403	Tim DeMorat	QB	
404	Jaylen Johnson	WR	
404	Jordan Travis	QB	
405	Bronson Kaufusi	TE	GB
405	Mac Hippenhammer	WR	
406	Mason Fairchild	TE	
406	Stanley Berryhill	WR	
407	Anthony Miller	WR	
408	Devontae Booker	RB	
408	Geor'Quarius Spivey	TE	
408	Jake Hausmann	TE	
409	Jameis Winston	QB	NYG
409	Taulia Tagovailoa	QB	
410	Jimmy Graham	TE	
410	Joe Milton	QB	DAL
410	Sam Sloman	K	
412	Samson Nacua	WR	
412	Tyson Bagent	QB	CHI
413	Eno Benjamin	RB	
413	Lachlan Pitts	TE	
413	Taylor Heinicke	QB	
414	Cornell Powell	WR	
414	Stanley Morgan	WR	
415	Jaden Shirden	RB	
415	Ketron Jackson	WR	
415	Ray-Ray McCloud	WR	
416	Carson Beck	QB	ARI
416	Jack Coan	QB	
417	Jason Bean	QB	
417	Trace McSorley	QB	
418	Alec Holler	TE	
418	Julio Jones	WR	
418	Mike Harley	WR	
419	Ishmael Hyman	WR	
420	Ben Wooldridge	QB	
420	Rodney Smith	RB	
421	J.J. Taylor	RB	
421	Kenjon Barner	RB	
422	Hassan Haskins	RB	
422	Jeff Badet	WR	
423	Wayne Gallman	RB	
424	Mike Rigerman	TE	
424	Nick O'Leary	TE	
425	Alex Smith	QB	
425	James Blackman	QB	
425	Lorenzo Lingard	RB	
425	Michael Gallup	WR	
426	Carl Tucker	TE	
426	Jeff Smith	WR	
428	Devon Williams	WR	
428	Tiyon Evans	RB	
429	Miller Forristall	TE	
430	Albert Wilson	WR	
431	Jaxon Janke	WR	
431	Paul Quessenberry	TE	
432	Keelan Cole	WR	
433	Amara Darboh	WR	
433	BJ Baylor	RB	
433	Kyle Rudolph	TE	
433	Marquise Goodwin	WR	
434	Jason Moore	WR	
434	Snoop Conner	RB	
436	David Wallis	WR	
437	Dede Westbrook	WR	
437	DeSean Jackson	WR	
437	Drew Plitt	QB	
438	Riley Sharp	TE	
439	Darwin Thompson	RB	
439	Kevin Shaa	WR	
440	Frank Darby	WR	
440	Jerreth Sterns	WR	
440	Wayne Taulapapa	RB	
442	Jordan Thomas	TE	
443	Parker Hesse	TE	
444	Derrick Gore	RB	
445	Jaray Jenkins	WR	
445	Xavier Wade	WR	
446	De'Montre Tuggle	RB	
446	Isaiah Weston	WR	
446	Josh Johnson	WR	
446	Nakia Griffin-Stewart	TE	
447	Chris Finke	WR	
447	Gerrid Doaks	RB	
448	Kurt Benkert	QB	
449	Christian Sims	TE	
449	Cole Fotheringham	TE	
450	Josh Gordon	WR	
451	Blaine Gabbert	QB	
452	Jermaine Terry	TE	
453	Matthew Wright	K	
454	Corey Crooms	WR	
455	Brevin Easton	WR	
455	C.J. Uzomah	TE	
455	Tony Poljan	TE	
456	Kyle Trask	QB	
456	T.Y. Hilton	WR	
456	Theo Riddick	RB	
457	Aaron Parker	WR	
457	Kyle Shurmur	QB	
458	Matt McCrane	K	
458	Zach Pascal	WR	
460	Ricky Person	RB	
461	Richie James	WR	
461	Sam Schnee	WR	
461	Zion Bowens	WR	
462	Carlos Hyde	RB	
463	DeShone Kizer	QB	
464	Tarik Cohen	RB	
465	Daniel Arias	WR	
465	Keshunn Abram	WR	
466	Fred Brown	WR	
466	Jake Funk	RB	
467	Darrynton Evans	RB	
467	Latavius Murray	RB	
468	Nate Sudfeld	QB	
468	Noah Togiai	TE	
469	Johnny King	WR	
470	Dylan Soehner	TE	
471	Greg Zuerlein	K	
471	Thomas Greaney	TE	
472	Camren McDonald	TE	
472	Emani Bailey	RB	
472	Josh Hill	TE	
472	Nick Williams	WR	
473	Golden Tate	WR	
473	Jose Borregales	K	
474	DeVante Parker	WR	
474	Malik Knowles	WR	
474	Nate McCrary	RB	
476	Jacob Harris	WR	
477	Dymere Miller	WR	
478	Clayton Thorson	QB	NYG
480	Willie Snead	WR	
482	Alfonzo Graham	RB	
482	Chad Henne	QB	
482	Dustin Hopkins	K	
482	O.J. Howard	TE	
483	Chad Beebe	WR	
483	Deon Jackson	RB	
483	Jadakis Bonds	WR	
483	Javian Hawkins	RB	
484	Kairee Robinson	RB	
484	Kevin Rader	TE	
484	Robert Griffin	QB	
484	SaRodorick Thompson	RB	
485	Jesse Matthews	WR	
485	Lirim Hajrullahu	K	
486	Anthony Schwartz	WR	
486	Zach Gentry	TE	
487	Anthony Torres	TE	
487	Deon Cain	WR	
488	Steven Mitchell	WR	
490	Devon Allen	WR	
490	DJ Chark	WR	
490	Parker Romo	K	
491	Mataeo Durant	RB	
492	Robert Woods	WR	
492	Xavier Jones	RB	
493	Joshua Cephus	WR	
493	Tim Boyle	QB	
494	Dominik Eberle	K	
494	Griffin Hebert	TE	
494	Steven Stilianos	TE	
495	Ryan Becker	TE	
496	Anthony Sherman	RB	
496	Clyde Edwards-Helaire	RB	
497	Grant DuBose	WR	
498	JJ Laap	WR	
498	John Hurst	WR	
500	Jalen Wayne	WR	
500	Luke Willson	TE	
500	T.J. Vasher	WR	
500	Tavon Austin	WR	
501	Corey Davis	WR	
501	Luke Stocker	TE	
501	Shemar Bridges	WR	
502	Key'Shawn Smith	WR	
502	Matt Moore	QB	
502	Troy Hairston	RB	
503	Cephus Johnson	WR	
504	Jack Doyle	TE	IND
504	Rocky Lombardi	QB	
505	Marvin Jones	WR	
506	Phil Lutz	WR	
508	Nolan Givan	TE	
509	Mike Boone	RB	
509	Ryan Finley	QB	
511	Dominique Dafney	TE	
513	Hayden Hurst	TE	
513	Matt Schaub	QB	
513	Nick Sciba	K	
513	Taylor Morin	WR	
514	Bryan Thompson	WR	
514	Bryce Perkins	QB	
516	Jase McClellan	RB	
516	Terique Owens	WR	
517	P.J. Walker	QB	
517	Patrick Murtagh	TE	
518	Allen Robinson	WR	
519	Trevon Wesco	TE	
520	Devin Leary	QB	
520	Keric Wheatfall	WR	
520	Mitchell Wilcox	TE	
521	Matt Corral	QB	
522	Cody Parkey	K	
522	Josh Ali	WR	
522	Justin Rigg	TE	
522	Tre' McKitty	TE	
523	Connor Wedington	WR	
523	Deshaun Fenwick	RB	
523	Greg Joseph	K	
523	Raleigh Webb	WR	
524	Jordan Bly	WR	
524	Josh Malone	WR	
524	Rodney Williams	TE	
525	Trishton Jackson	WR	
526	Jerell Adams	TE	
527	Mohamed Ibrahim	RB	
528	Taywan Taylor	WR	
529	Myron Mitchell	WR	
529	Sandro Platzgummer	RB	
531	Hale Hentges	TE	
531	Tre'Quan Smith	WR	
532	Tucker Fisk	TE	
534	Dallin Holker	TE	
534	Jamal Agnew	WR	
535	Senorise Perry	RB	
537	Anders Carlson	K	
537	J.J. Koski	WR	
539	Ke'Shawn Vaughn	RB	
539	Shaquan Davis	WR	
539	Tyjon Lindsey	WR	
542	Dorian Singer	WR	
542	Matt Landers	WR	
543	Jaren Hall	QB	
543	Marcus Rosemy-Jacksaint	WR	
543	Ty Fryfogle	WR	
544	Ty Scott	WR	
545	Kazmeir Allen	WR	
545	KJ Hill	WR	LAC
545	Marcus Baugh	TE	
546	Gerald Everett	TE	
547	C.J. Beathard	QB	
548	Dorian Thompson-Robinson	QB	
549	Boston Scott	RB	
549	Javon Baker	WR	
549	John Paddock	QB	
549	Jude McAtamney	K	
549	Kehinde Oginni	TE	
550	Chris Streveler	QB	
550	Devin Funchess	TE	
550	Kerryon Johnson	RB	
551	Andre Patton	WR	
551	Tanner Knue	WR	
551	Trent Pennix	TE	
551	Trey Wolff	K	
552	John Hoyland	K	
552	La'Michael Pettway	TE	
552	Max Duggan	QB	
552	Phillip Brooks	WR	
552	Ramiz Ahmed	K	
553	Corey Coleman	WR	
553	Daniel Jackson	WR	
555	Zander Horvath	RB	
556	Blake Bell	TE	
556	Dalton Keene	TE	
556	Russell Gage	WR	
557	Damiere Byrd	WR	
557	Dwayne Washington	RB	
557	Thayer Thomas	WR	
559	Josh Johnson	RB	
559	Justyn Ross	WR	
561	Corey Clement	RB	
562	Cade Johnson	WR	
562	D.J. Foster	RB	
562	Juwann Winfree	WR	
562	Michael Young	WR	
563	Isaiah McKenzie	WR	
563	Isaiah Wright	WR	
563	Jadon Janke	WR	
564	Deneric Prince	RB	
564	Matt Barkley	QB	
565	Taysir Mack	WR	
567	Ross Dwelley	TE	
568	Jake Butt	TE	
571	Isaac Nauta	TE	GB
571	Kwamie Lassiter	WR	
572	Luis Perez	QB	
573	James Robinson	RB	
574	Jacob Warren	TE	
574	Justin Rohrwasser	K	
575	Caden Davis	K	
575	Kenyan Drake	RB	
575	Kerrith Whyte	RB	GB
575	Myles Gaskin	RB	
575	Payton Thorne	QB	
575	Robbie Chosen	WR	
576	Devlin Hodges	QB	
576	Equanimeous St. Brown	WR	
577	Kyric McGowan	WR	
578	Cole Hikutini	TE	
578	Mohamed Sanu	WR	
579	Tyler Vaughns	WR	
580	Jon'Vea Johnson	WR	
582	Braylon Sanders	WR	
583	David Fales	QB	
583	Kayron Lynch-Adams	RB	
583	Matt Breida	RB	
584	Lamar Miller	RB	
585	Blake Proehl	WR	
588	Adam Vinatieri	K	
588	Brayden Narveson	K	
588	Derek Wright	WR	
588	Neal Johnson	TE	
589	Matt Bushman	TE	
591	Drew Stanton	QB	
592	Joseph Ngata	WR	
593	Andrew Parchment	WR	
593	Josh McCown	QB	
593	Oscar Cardenas	TE	
596	Cordarrelle Patterson	RB	
596	Joel Honigford	TE	
597	Blake Haubeil	K	
597	Colin Thompson	TE	
597	Jahmal Banks	WR	
597	Michael Ezeike	TE	
597	Moochie Dixon	WR	
598	Mike White	QB	
599	Julian Hicks	WR	
600	Dillon Johnson	RB	
600	Dre Miller	TE	
600	Scottie Phillips	RB	
602	David White	WR	
602	Dwayne Haskins	QB	PIT
603	Jacob Eason	QB	
603	Tyrion Davis-Price	RB	
605	Byron Pringle	WR	
605	Nate Noel	RB	
606	Javon Wims	WR	
606	Josh Babicz	TE	
606	Tommy Mellott	WR	
606	Trey Knox	TE	
607	Demaryius Thomas	WR	
608	Hayden Hatten	WR	
609	Daijun Edwards	RB	
609	Darrel Williams	RB	
609	Mathew Sexton	WR	
609	Trey Sermon	RB	
611	John Samuel Shenker	TE	
611	Quintez Cephus	WR	
611	Tre'Shaun Harrison	WR	
612	Joe Webb	QB	
612	Kyle Lauletta	QB	
613	Jared Pinkney	TE	
613	Kobe Hudson	WR	
615	Antonio Williams	RB	
615	Phillip Lindsay	RB	
615	Tyler Kahmann	WR	
615	Zack Annexstad	QB	
616	JaMycal Hasty	RB	
617	Dalvin Cook	RB	
618	Alex Bachman	WR	
618	Taiwan Jones	RB	
619	Bryant Koback	RB	
619	DeWayne McBride	RB	
620	Marcedes Lewis	TE	
620	Ronald Jones	RB	
621	Daewood Davis	WR	
621	Ellis Merriweather	RB	
621	Irv Smith	TE	
621	Marshawn Lynch	RB	
622	Darius Hagans	RB	
622	Jerome Kapp	WR	
623	Jacolby George	WR	
623	Jalen Guyton	WR	
623	Jeff Wilson	RB	
624	Alex Erickson	WR	
624	Kyle Sheets	WR	
624	Stephen Hauschka	K	
625	Charles Clay	TE	
626	Bilal Powell	RB	
626	Logan Thomas	TE	
629	Christian Trahan	TE	
629	Michael Badgley	K	
630	Nick Eubanks	TE	
630	Tony Jones	RB	
633	Aidan Robbins	RB	
633	Anthony Brown	QB	
633	Taylor Elgersma	QB	
634	Chris Hogan	WR	
634	Miles Boykin	WR	
634	Steven Sims	WR	
634	Virgil Green	TE	
635	Troy Fumagalli	TE	
637	Jalen Richard	RB	LV
638	Braxton Burmeister	WR	
639	Brandon Lewis	WR	
639	Dwayne Harris	WR	
639	Ricky Seals-Jones	TE	
639	Ty Montgomery	RB	
640	Kisean Johnson	WR	
641	Monaray Baldwin	WR	
641	Rashod Owens	WR	
642	Tayvion Robinson	WR	
642	Ty'Son Williams	RB	
643	Omar Bayless	WR	
644	Keith Kirkwood	WR	
645	Lance Kendricks	TE	
645	Royce Freeman	RB	
645	Tyrie Cleveland	WR	
645	Xazavian Valladay	RB	
646	Josh Vann	WR	
646	Marcus Yarns	RB	
647	Kameron Brown	WR	
647	Zach Evans	RB	
648	Avery Williams	RB	
649	Robert Lewis	WR	
651	Drake Stoops	WR	
651	Justin Hall	WR	
652	Jacob Copeland	WR	
652	Jake Luton	QB	
653	Elijah Young	RB	
654	Noah Cain	RB	
654	Nyheim Miller-Hines	RB	
655	Ryan McDaniel	WR	
656	John Ross	WR	
656	Travis Koontz	TE	
657	Daylen Baldwin	WR	
657	Johnny Lumpkin	TE	
657	Ryan Nall	RB	
658	Elijhah Badger	WR	
658	Jordan Murray	TE	
659	Demetric Felton	RB	
661	Brett Rypien	QB	
662	Jakeem Grant	WR	
662	Jalen Hurd	WR	
663	Austin Seibert	K	
663	John Copenhaver	TE	
663	Kevin Foelsch	TE	
663	Roderick Daniels	WR	
664	Damarea Crockett	RB	
664	Jonathan Williams	RB	
664	Landon Parker	WR	
664	Pokey Wilson	WR	
665	Collin Johnson	WR	
665	N'Keal Harry	TE	
665	Nay'Quan Wright	RB	
665	Toa Taua	RB	
666	Lawrance Toafili	RB	
666	Tanner Mordecai	QB	
668	David Durden	WR	
668	Hunter Kampmoyer	TE	
668	Marquez Callaway	WR	
669	C.J. Johnson	WR	
669	Rushawn Baker	RB	
669	Tyler Neville	TE	
670	Darius Jackson	RB	
670	Duke Johnson	RB	
670	Godwin Igwebuike	RB	
671	Shawn Bowman	TE	
671	Tre Stewart	RB	
672	Aaron Shampklin	RB	
674	Cade McDonald	WR	
674	Matt Sokol	TE	
675	Ben DiNucci	QB	
675	Chris Blewitt	K	
675	Grayson Gunter	TE	
675	Quali Conley	RB	
676	Ife Adeyi	WR	
676	Shane Watts	RB	
678	Andrew Peasley	QB	
678	KJ Hamler	WR	
678	Zach Davidson	TE	
679	Mark McNamee	K	
680	T.J. Luther	WR	
681	Nick Foles	QB	
681	Ra'Shaun Henry	WR	
682	Jamoi Mayes	WR	
682	Stevo Klotz	TE	
683	Dresser Winn	QB	
683	Gunnar Oakes	TE	
683	Laviska Shenault	WR	
684	Deontay Burnett	WR	
684	DJ Thomas-Jones	TE	
684	Ryan Coe	K	
687	Blayne Taylor	WR	
687	Jarius Wright	WR	
688	Dez Fitzpatrick	WR	
688	Leroy Watson	TE	
688	TJ Sheffield	WR	
689	Garrett Celek	TE	
689	Jerjuan Newton	WR	
689	Kenji Bahar	QB	
689	Michael Jacobson	TE	
689	Travis Dye	RB	
689	Trevon Bradford	WR	
690	Darius Lassiter	WR	
690	Rakim Jarrett	WR	
691	Jamison Crowder	WR	
692	Alex McGough	QB	
692	Micah Bernard	RB	
692	Nelson Agholor	WR	
693	Ajou Ajou	WR	
693	Maximilian Mang	TE	
694	Deonte Harty	WR	
695	Alex Tanney	QB	
695	Jarveon Howard	RB	
695	Jonathan Kim	K	
695	Malik Taylor	WR	
696	Silas Bolden	WR	
696	Stephen Sullivan	TE	
697	Elijah Dotson	RB	
698	Chris Tyree	WR	
698	Devin Smith	WR	
698	Kai Forbath	K	
698	Kelly Akharaiyi	WR	
698	Luke Benson	TE	
699	Jordan Akins	TE	
699	Myles White	WR	NYJ
700	Chris Pierce	TE	
700	Cody Thompson	WR	
700	David Wells	TE	
700	Nate McCollum	WR	
700	Seth Green	TE	
700	Toriano Clinton	RB	
701	Izaiah Gathings	TE	
703	Josh Bellamy	WR	
704	Russell Shepard	WR	
706	Tyler Davis	TE	
709	Andy Phillips	K	
750	Spencer Ware	RB	
761	Josh Scobee	K	
763	Jaron Brown	WR	
769	David Fluellen	RB	
772	Armani Rogers	TE	
774	Quincy Enunwa	WR	
781	Jeremy Hill	RB	
782	Isaiah Crowell	RB	
795	Marqise Lee	WR	
798	Cody Latimer	WR	
799	Tulu Griffin	WR	
803	De'Anthony Thomas	WR	
815	Xavier Grimble	TE	
819	Ryan Grant	WR	
841	Chandler Catanzaro	K	
847	Paul Richardson	WR	
849	Jeff Foreman	WR	
883	Jeff Heuerman	TE	
888	John Wolford	QB	
888	Justin Hardy	WR	
901	Geremy Davis	WR	
906	Marcus Murphy	RB	
913	Darius Jennings	WR	
919	Lamar Atkins	WR	
925	Khari Lee	TE	
942	Matt Lengel	TE	
949	Paxton Lynch	QB	
950	Mikah Holder	WR	
953	Trevor Moore	K	
964	Kamryn Pettway	RB	
966	C.J. Prosise	RB	
969	Kenneth Dixon	RB	
970	Kent Shelby	WR	
972	Armanti Foreman	WR	
987	LaQuvionte Gonzalez	WR	
997	Demario Richard	RB	
999	A.T. Perry	WR	
999	Aaron Anderson	WR	CLE
999	Adam Randall	RB	BAL
999	Adrian Martinez	QB	SF
999	Ahmani Marshall	RB	CLE
999	Aidan O'Connell	QB	LV
999	Ainias Smith	WR	
999	AJ Dillon	RB	CAR
999	AJ Henning	WR	MIA
999	Albert Okwuegbunam	TE	LV
999	Andre Baccellia	WR	
999	Andrei Iosivas	WR	CIN
999	Andrew Beck	RB	NYJ
999	Anthony Hankerson	RB	MIA
999	Anthony Tyus	RB	CAR
999	Antwane Wells	WR	ATL
999	Arian Smith	WR	NYJ
999	Ashton Dulin	WR	IND
999	Austin Hooper	TE	ATL
999	Austin Jones	RB	
999	Ayir Asante	WR	
999	B.T. Potter	K	TB
999	Bailey Zappe	QB	NYJ
999	Bauer Sharp	TE	TB
999	Beaux Collins	WR	NYG
999	Behren Morton	QB	NE
999	Ben Sims	TE	MIA
999	Ben Sinnott	TE	WAS
999	Ben Skowronek	WR	PIT
999	Ben Yurosek	TE	MIN
999	Blake Grupe	K	IND
999	Blake Watson	RB	
999	Blake Whiteheart	TE	CLE
999	Bo Melton	WR	GB
999	Brady Cook	QB	NYJ
999	Brandon Allen	QB	NYG
999	Brandon Johnson	WR	LV
999	Brandon McManus	K	
999	Braxton Berrios	WR	NYG
999	Brayden Willis	TE	SF
999	Brenden Bates	TE	CLE
999	Brenden Rice	WR	
999	Brenen Thompson	WR	LAC
999	Brennan Presley	WR	LAR
999	Brett Gabbert	QB	
999	Brevin Jordan	TE	HOU
999	Brevyn Spann-Ford	TE	DAL
999	Britain Covey	WR	PHI
999	Brock Wright	TE	DET
999	Bryce Lance	WR	NO
999	Bryson Nesbit	TE	MIN
999	Bub Means	WR	NO
999	Cade Stover	TE	HOU
999	Caden Prieskorn	TE	CAR
999	Caleb Douglas	WR	MIA
999	Caleb Lohner	TE	DEN
999	Calvin Austin	WR	NYG
999	Cam Akers	RB	
999	Cam Camper	WR	NYJ
999	Cam Grandy	TE	CIN
999	Cam Miller	QB	MIA
999	Cameron Latu	TE	PHI
999	Carlos Washington	RB	MIA
999	Carson Steele	RB	PHI
999	Carson Wentz	QB	MIN
999	Carter Bradley	QB	JAX
999	Casey Washington	WR	CAR
999	Cedric Tillman	WR	CLE
999	Chamon Metayer	TE	CAR
999	Charlie Jones	WR	CIN
999	Charlie Kolar	TE	LAC
999	Chris Blair	WR	ATL
999	Chris Brooks	RB	GB
999	Chris Moore	WR	BAL
999	Chris Myarick	TE	LV
999	Chris Oladokun	QB	KC
999	CJ Daniels	WR	LAR
999	CJ Donaldson	RB	NO
999	Clayton Tune	QB	
999	Cody Schrader	RB	DEN
999	Cody White	WR	SEA
999	Cole Burgess	WR	PIT
999	Cole Kmet	TE	CHI
999	Cole Payton	QB	PHI
999	Cole Turner	TE	MIA
999	Coleman Owen	WR	IND
999	Colton Dowell	WR	PIT
999	Connor Bazelak	QB	TB
999	Connor Heyward	TE	LV
999	Cooper Rush	QB	ATL
999	Corey Kiner	RB	ARI
999	Cornelius Johnson	WR	BAL
999	Courtney Jackson	WR	TEN
999	D.J. Williams	RB	
999	Dae'Quan Wright	TE	PHI
999	Dalen Cambre	WR	NYG
999	Dalevon Campbell	WR	LAC
999	Dameon Pierce	RB	PHI
999	Damien Martinez	RB	GB
999	Dan Villari	TE	LAR
999	Dane Key	WR	DEN
999	Daniel Bellinger	TE	TEN
999	Daniel Carlson	K	
999	Danny Gray	WR	PHI
999	Dare Ogunbowale	RB	LV
999	Dareke Young	WR	LV
999	Darius Cooper	WR	PHI
999	Darius Slayton	WR	NYG
999	Darnell Washington	TE	PIT
999	David Sills	WR	TB
999	Davion Davis	WR	
999	Davis Allen	TE	LAR
999	Davis Mills	QB	HOU
999	Davon Booth	RB	CLE
999	Dawson Knox	TE	BUF
999	Dean Connors	RB	LAR
999	DeAndre Carter	WR	
999	DeeJay Dallas	RB	JAX
999	Deion Burks	WR	IND
999	Demarcus Robinson	WR	SF
999	DeMario Douglas	WR	NE
999	Denzel Mims	WR	DAL
999	Derius Davis	WR	LAC
999	Desmond Reid	RB	
999	Desmond Ridder	QB	
999	Deuce Vaughn	RB	
999	Devin Duvernay	WR	ARI
999	Devin Singletary	RB	NYG
999	Devontez Walker	WR	BAL
999	Dillon Gabriel	QB	CLE
999	Dimitri Stanley	WR	
999	DJ Giddens	RB	IND
999	DJ Rogers	TE	DAL
999	DJ Uiagalelei	QB	LAC
999	Dominic Lovett	WR	DET
999	Donald Parham	TE	
999	Donovan Edwards	RB	MIA
999	Dont'e Thornton	WR	LV
999	Dontae Fleming	WR	MIN
999	Dontayvion Wicks	WR	PHI
999	Drew Allar	QB	PIT
999	Drew Lock	QB	SEA
999	Drew Ogletree	TE	IND
999	Drew Sample	TE	CIN
999	DT Sheffield	WR	NYJ
999	Dyami Brown	WR	WAS
999	E.J. Jenkins	TE	PHI
999	Efton Chism	WR	NE
999	Eli Heidenreich	RB	PIT
999	Eli Pancol	WR	IND
999	Eli Raridon	TE	NE
999	Elijah Arroyo	TE	SEA
999	Elijah Mitchell	RB	PHI
999	Elijah Moore	WR	PHI
999	Emari Demercado	RB	KC
999	Emmanuel Henderson	WR	SEA
999	Eric Gray	RB	NYG
999	Eric Rivers	WR	TB
999	Erick All	TE	CIN
999	Erik Ezukanma	WR	PHI
999	Evan Engram	TE	DEN
999	Evan Hull	RB	ARI
999	Frank Gore	RB	BUF
999	Gage Larvadain	WR	CLE
999	Gardner Minshew	QB	ARI
999	Garrett Greene	QB	TB
999	Gavin Bartholomew	TE	MIN
999	George Holani	RB	SEA
999	Giles Jackson	WR	
999	Graham Gano	K	
999	Graham Mertz	QB	HOU
999	Grant Calcaterra	TE	PHI
999	Greg Dortch	WR	DET
999	Gunner Olszewski	WR	NYG
999	Hakeem Butler	TE	DEN
999	Hayden Rucci	TE	SF
999	Hendon Hooker	QB	TEN
999	Hunter Dekkers	QB	NO
999	Hunter Long	TE	JAX
999	Ian Thomas	TE	LV
999	Ian Wheeler	RB	BUF
999	Ihmir Smith-Marsette	WR	ARI
999	Irv Charles	WR	SEA
999	Isaac Guerendo	RB	SF
999	Isaiah Bond	WR	CLE
999	Isaiah Davis	RB	NYJ
999	Isaiah Neyor	WR	GB
999	Isaiah Williams	WR	NYJ
999	Isaiah Wooden	WR	
999	Israel Abanikanda	RB	DAL
999	J.J. Jones	WR	
999	J'Mari Taylor	RB	JAX
999	Ja'Corey Brooks	WR	
999	Ja'Lynn Polk	WR	
999	Ja'Quinden Jackson	RB	
999	Ja'seem Reed	WR	CAR
999	Ja'Tavion Sanders	TE	CAR
999	Jabari Small	RB	DET
999	Jacardia Wright	RB	SEA
999	Jack Endries	TE	CIN
999	Jack Westover	TE	NE
999	Jacob Cowing	WR	SF
999	Jacoby Jones	WR	WAS
999	Jahan Dotson	WR	ATL
999	Jahdae Walker	WR	CHI
999	Jake Bobo	WR	SEA
999	Jake Briningstool	TE	KC
999	Jake Browning	QB	TB
999	Jake Haener	QB	
999	Jakobie Keeney-James	WR	PIT
999	Jaleel McLaughlin	RB	DEN
999	Jalen Reagor	WR	MIA
999	Jalen Royals	WR	KC
999	Jalen Tolbert	WR	MIA
999	Jalin Conyers	TE	
999	Jalin Hyatt	WR	NYG
999	Jalon Calhoun	WR	
999	Jam Miller	RB	NE
999	Jamaal Pritchett	WR	NYJ
999	Jamari Thrash	WR	
999	James Mitchell	TE	CAR
999	James Washington	WR	
999	JaQuae Jackson	WR	LAC
999	Jared Wayne	WR	HOU
999	Jared Wiley	TE	KC
999	Jaren Kanak	TE	TEN
999	Jarrett Stidham	QB	DEN
999	Jason Sanders	K	NYJ
999	Jawhar Jordan	RB	HOU
999	Jaylin Lane	WR	WAS
999	Je'Quan Burton	WR	
999	Jeff Caldwell	WR	KC
999	Jeff Driskel	QB	
999	Jelani Woods	TE	NYJ
999	Jeremiah Webb	WR	NE
999	Jeremy McNichols	RB	WAS
999	Jeremy Ruckert	TE	NYJ
999	Jermar Jefferson	RB	
999	Jerome Ford	RB	WAS
999	Jeshaun Jones	WR	MIN
999	Jha'Quan Jackson	WR	HOU
999	Jimmy Horn	WR	CAR
999	JJ Galbreath	TE	
999	Joaquin Davis	WR	PIT
999	Joe Fagnano	QB	BAL
999	Joe Flacco	QB	CIN
999	John Bates	TE	WAS
999	John Jackson	WR	
999	John Metchie	WR	CAR
999	John Michael Gyllenborg	TE	KC
999	John Rhys Plumlee	QB	
999	Johnny Wilson	WR	PHI
999	Jonathan Mingo	WR	DAL
999	Jordan Hudson	WR	DAL
999	Jordan James	RB	SF
999	Jordan Mims	RB	MIN
999	Jordan Watkins	WR	SF
999	Jordan Whittington	WR	LAR
999	Josh Cameron	WR	JAX
999	Josh Cuevas	TE	BAL
999	Josh Johnson	QB	CIN
999	Josh Kattus	TE	CIN
999	Josh Kelly	WR	HOU
999	Josh Oliver	TE	MIN
999	Josh Whyle	TE	GB
999	Josh Williams	RB	TB
999	Joshua Karty	K	
999	Joshua Palmer	WR	BUF
999	Josiah Deguara	TE	SF
999	JP Richardson	WR	CHI
999	JuJu Smith-Schuster	WR	NYG
999	Julian Fleming	WR	
999	Julian Hill	TE	NE
999	Julius Chestnut	RB	TEN
999	Junior Bergen	WR	SF
999	Justice Hill	RB	BAL
999	Justin Joly	TE	DEN
999	Kaden Prather	WR	GB
999	Kaelon Black	RB	SF
999	Kalel Mullings	RB	TEN
999	Kalif Raymond	WR	CHI
999	Kameron Johnson	WR	TB
999	KaVontae Turpin	WR	DAL
999	Ke'Shawn Williams	WR	CIN
999	KeAndre Lambert-Smith	WR	LAC
999	Keaontay Ingram	RB	
999	Kedon Slovis	QB	ARI
999	Kejon Owens	RB	
999	Kelvin Harmon	WR	
999	Kendall Milton	RB	CIN
999	Kendrick Bourne	WR	ARI
999	Kenny McIntosh	RB	
999	Kenny Pickett	QB	CAR
999	Kenny Yeboah	TE	ARI
999	Kevin Austin	WR	NO
999	Kevin Coleman	WR	MIA
999	Kevin Harris	RB	
999	Khalil Herbert	RB	SF
999	Ko Kieft	TE	TB
999	Kole Taylor	TE	
999	Konata Mumpfield	WR	LAR
999	Kurtis Rourke	QB	SF
999	Kyle Allen	QB	BUF
999	Kyle McCord	QB	GB
999	Kyle Philips	WR	
999	Kylen Granson	TE	TEN
999	LaJohntay Wester	WR	BAL
999	Lake McRee	TE	PIT
999	Lan Larison	RB	NE
999	Lance Mason	TE	PIT
999	Lance McCutcheon	WR	TEN
999	Laquon Treadwell	WR	IND
999	Lawrence Keys	WR	
999	Le'Veon Moss	RB	
999	LeQuint Allen	RB	JAX
999	Lil'Jordan Humphrey	WR	DEN
999	Lincoln Pare	RB	
999	Lucas Havrisik	K	
999	Lucky Jackson	WR	DET
999	Luke Altmyer	QB	DET
999	Luke Deal	TE	
999	Luke Farrell	TE	SF
999	Luke Grimm	WR	LAC
999	Luke Lachey	TE	GB
999	Luke McCaffrey	WR	WAS
999	Luke Musgrave	TE	GB
999	Luke Schoonmaker	TE	DAL
999	Mack Hollins	WR	NE
999	Maddux Trujillo	K	
999	Makai Polk	WR	
999	Malachi Corley	WR	CLE
999	Malik Benson	WR	LV
999	Malik Cunningham	WR	DET
999	Malik Davis	RB	DAL
999	Malik Turner	WR	SF
999	Malik Washington	WR	MIA
999	Marcus Major	RB	
999	Marcus Riley	WR	
999	Marlin Klein	TE	HOU
999	Marquez Valdes-Scantling	WR	DAL
999	Marquise Brown	WR	PHI
999	Marshall Lang	TE	MIN
999	MarShawn Lloyd	RB	GB
999	Mason Rudolph	QB	PIT
999	Mason Tipton	WR	NO
999	Matt Hibner	TE	BAL
999	Matt Prater	K	
999	Max Brosmer	QB	MIN
999	McCallan Castles	TE	GB
999	Mecole Hardman	WR	BUF
999	Messiah Swinson	TE	GB
999	Michael Bandy	WR	DEN
999	Michael Carter	RB	TEN
999	Michael Mayer	TE	LV
999	Michael Strachan	WR	
999	Michael Wiley	RB	
999	Michael Woods	WR	DEN
999	Mike Gesicki	TE	CIN
999	Miller Moss	QB	CHI
999	Mitch Tinsley	WR	CIN
999	Mitch Van Vooren	WR	NE
999	Mitchell Evans	TE	CAR
999	Mitchell Trubisky	QB	TEN
999	Moliki Matavao	TE	NO
999	Montrell Johnson	RB	
999	Montrell Washington	WR	HOU
999	Myles Price	WR	MIN
999	Nate Boerkircher	TE	JAX
999	Nathan Peterman	QB	
999	Nick Kallerup	TE	SEA
999	Nick Mullens	QB	JAX
999	Nick Nash	WR	WAS
999	Nick Westbrook-Ikhine	WR	IND
999	Nikola Kalinic	TE	CHI
999	Noah Fant	TE	NO
999	Noah Gray	TE	KC
999	Noah Thomas	WR	CIN
999	Odell Beckham	WR	NYG
999	Olamide Zaccheaus	WR	ATL
999	Ollie Gordon	RB	MIA
999	Oscar Delp	TE	NO
999	Owen Wright	RB	HOU
999	Parris Campbell	WR	
999	Pat Freiermuth	TE	PIT
999	Patrick Herbert	TE	JAX
999	Patrick Taylor	RB	SF
999	Payne Durham	TE	TB
999	Phil Mafah	RB	DAL
999	Phillip Dorsett	WR	LV
999	Pierre Strong	RB	GB
999	Praise Olatoke	WR	
999	Quentin Skinner	WR	BUF
999	Quincy Skinner	WR	NYJ
999	Raheim Sanders	RB	CLE
999	Rasheen Ali	RB	BAL
999	Reggie Virgil	WR	ARI
999	Ricky White	WR	SEA
999	Robbie Ouzts	RB	SEA
999	Robert Henry	RB	WAS
999	Robert Tonyan	TE	PIT
999	Roman Hemby	RB	LV
999	Roman Wilson	WR	PIT
999	Rondale Moore	WR	
999	Ronnie Bell	WR	NO
999	Roschon Johnson	RB	CHI
999	Sage Surratt	TE	
999	Sal Cannella	TE	
999	Salvon Ahmed	RB	CHI
999	Sam Brown	WR	
999	Sam Ehlinger	QB	DEN
999	Sam Hartman	QB	WAS
999	Sam Howell	QB	DAL
999	Sam Pitz	TE	
999	Sam Roush	TE	CHI
999	Samaje Perine	RB	CIN
999	Savion Williams	WR	GB
999	Scotty Miller	WR	CHI
999	Sean Clifford	QB	CIN
999	Seth Henigan	QB	
999	Seth McGowan	RB	IND
999	Shane Buechele	QB	BUF
999	Shane Zylstra	TE	BUF
999	Shedrick Jackson	WR	LV
999	ShunDerrick Powell	RB	
999	Sincere McCormick	RB	SF
999	Sione Vaki	RB	DET
999	Skylar Thompson	QB	BAL
999	Skyler Bell	WR	BUF
999	Skyy Moore	WR	GB
999	Sone Ntoh	RB	
999	Spencer Rattler	QB	NO
999	Stephen Carlson	TE	CHI
999	Tahj Brooks	RB	CIN
999	Tahj Washington	WR	MIA
999	Tai Felton	WR	MIN
999	Tanner Brown	K	NO
999	Tanner Conner	TE	NYG
999	Tanner Hudson	TE	CIN
999	Tanner Koziol	TE	JAX
999	Tanner McKee	QB	PHI
999	Tanner McLachlan	TE	SF
999	Tarik Black	WR	DET
999	Taylen Green	QB	CLE
999	Teagan Quitoriano	TE	ARI
999	Teddy Bridgewater	QB	DET
999	Tejhaun Palmer	WR	NE
999	Terrace Marshall	WR	MIA
999	Terrell Jennings	RB	NE
999	Tez Johnson	WR	TB
999	Theo Wease	WR	MIA
999	Thomas Fidone	TE	NYG
999	Thomas Gordon	TE	DET
999	Thomas Yassmin	TE	GB
999	Tim Patrick	WR	NYJ
999	Tommy DeVito	QB	NE
999	Tommy Tremble	TE	CAR
999	Travis Homer	RB	PIT
999	Trebor Pena	WR	JAX
999	Trenton Irwin	WR	SF
999	Trevor Etienne	RB	CAR
999	Trevor Siemian	QB	
999	Trey Lance	QB	LAC
999	Trey Palmer	WR	NO
999	Treylon Burks	WR	WAS
999	Tutu Atwell	WR	MIA
999	Ty Chandler	RB	NO
999	Ty Johnson	RB	BUF
999	Tylan Wallace	WR	CLE
999	Tyler Badie	RB	DEN
999	Tyler Conklin	TE	DET
999	Tyler Goodson	RB	ATL
999	Tyler Higbee	TE	LAR
999	Tyler Huntley	QB	BAL
999	Tyler Scott	WR	LAR
999	Tyquan Thornton	WR	KC
999	Tyrell Shavers	WR	BUF
999	Tyrod Taylor	QB	GB
999	Ulysses Bentley	RB	IND
999	Van Jefferson	WR	WAS
999	Vinny Anthony	WR	ATL
999	Will Grier	QB	
999	Will Levis	QB	TEN
999	Will Shipley	RB	PHI
999	Xavier Gipson	WR	NYG
999	Xavier Guillory	WR	BAL
999	Xavier Hutchinson	WR	HOU
999	Xavier Johnson	WR	CIN
999	Xavier Legette	WR	CAR
999	Xavier Restrepo	WR	TEN
999	Xavier Smith	WR	LAR
999	Xavier Weaver	WR	ARI
999	Younghoe Koo	K	
999	Zach Wilson	QB	NO
999	Zaire Mitchell-Paden	TE	NO
999	Zane Gonzalez	K	MIA
999	Zavier Scott	RB	MIN
999	Zonovan Knight	RB	ARI
1003	Ricardo Louis	WR	
1004	Malik Earl	WR	
1013	Seth DeValve	TE	
1016	Detrich Clark	WR	
1019	Jake Roh	TE	
1020	Trevor Davis	WR	
1029	Jake Rudock	QB	
1042	Charone Peake	WR	
1052	Elijah Marks	WR	
1053	Josh Ferguson	RB	
1054	Ben Braunecker	TE	
1079	Maurice Harris	WR	
1084	Tra Carson	RB	
1085	Andy Jones	WR	NYG
1087	Cole Wick	TE	
1091	Tevin Jones	WR	
1099	Jason Vander Laan	TE	
1101	Jon Brown	K	
1104	Shaq Roland	WR	CHI
1110	Matt Fleming	WR	
1110	Troymaine Pope	RB	
1114	Chad Kelly	QB	
1123	Eldridge Massington	WR	NO
1125	Thomas Sperbeck	WR	
1126	Nick Stevens	QB	
1137	Josh Smith	WR	
1160	Chad Williams	WR	
1172	Jordan Leggett	TE	
1177	Michael Roberts	TE	
1180	Jehu Chesson	WR	
1200	Shelton Gibson	WR	
1216	Devante Mays	RB	
1229	Khalfani Muhammad	RB	
1230	Robert Davis	WR	
1233	Taquan Mizzell	RB	NYG
1236	Tim White	WR	
1246	Austin Carr	WR	
1255	Isaac Whitney	WR	ARI
1259	Krishawn Hogan	WR	
1268	Evan Baylis	TE	
1275	Sean Culkin	TE	
1279	Artavis Scott	WR	
1286	Derrius Guice	RB	
1344	Jaleel Scott	WR	
1354	J'Mon Moore	WR	
1393	James Looney	TE	
1422	Da'Mari Scott	WR	
1423	Jordan Chunn	RB	
1436	Kaare Vedvik	K	
1445	Jester Weah	WR	
1447	Steve Ishmael	WR	
1457	Quadree Henderson	WR	
1478	Shaun Wilson	RB	
1491	De'Lance Turner	RB	
1492	Nick Keizer	TE	
1496	Cam Phillips	WR	
1497	Dalyn Dawkins	RB	
1505	Garrett Dickerson	TE	
1523	Rodney Anderson	RB	
1549	Karan Higdon	RB	
1551	Wes Hills	RB	
1577	Dillon Mitchell	WR	
1578	Jalin Moore	RB	
1593	Dax Raymond	TE	PIT
1616	Mike Weber	RB	
1617	Alex Wesley	WR	
1653	Emmanuel Butler	WR	
1680	Marcus Green	WR	
1706	Carson Meier	TE	
1710	Darrin Hall	RB	
1714	Drew Anderson	QB	
1724	Kelvin McKnight	WR	
1732	Spencer Schnell	WR	
1740	Jon Hilliman	RB	
1759	Tony Brooks-James	RB	
1760	Charles Jones	TE	
1776	Jeff Thomas	WR	
1781	Jacob Breeland	TE	
1782	Javon Leake	RB	
1787	Connor Slomka	RB	
1790	Cole McDonald	QB	
1858	Brian Herrien	RB	
1927	Austin MacGinnis	K	
1938	Tommy Stevens	TE	NYG
1990	Will Hastings	WR	
2015	Reggie Begelton	WR	
9999999	A.J. Derby	TE	
9999999	A.J. Hines	RB	
9999999	A.J. Ouellette	RB	
9999999	A.J. Richardson	WR	
9999999	Aaron Bailey	QB	BAL
9999999	Aaron Burbridge	WR	
9999999	Aaron Dobson	WR	
9999999	Aaron Green	RB	
9999999	Aaron Hernandez	TE	
9999999	Aaron Lacombe	WR	
9999999	Aaron Murray	QB	
9999999	Aaron Peck	TE	
9999999	Abou Toure	RB	
9999999	Abram Smith	RB	
9999999	Aca'Cedric Ware	RB	
9999999	Ace Sanders	WR	
9999999	Adam Choice	RB	
9999999	Adam Drake	WR	
9999999	Adam Fuehne	TE	
9999999	Adam Humphries	WR	
9999999	Adam Shaheen	TE	
9999999	Adam Trautman	TE	DEN
9999999	Adam Zaruba	TE	
9999999	Ademola Faleye	TE	
9999999	Adonis Jennings	WR	
9999999	Adrian Coxson	WR	
9999999	Adrian Killins	RB	DEN
9999999	Adrian Peterson	RB	
9999999	Adrien Robinson	TE	
9999999	Aeneas Dennis	QB	
9999999	Ahmad Bradshaw	RB	
9999999	Ahmad Fulwood	WR	
9999999	Ahmad Wagner	WR	
9999999	AJ Cruz	WR	
9999999	AJ Jenkins	WR	
9999999	Akeem Hunt	RB	
9999999	Akeem Judd	RB	
9999999	Akrum Wadley	RB	
9999999	Al Riles	WR	IND
9999999	Al-Jay Henderson	RB	
9999999	Alan Bonner	WR	
9999999	Aldrick Robinson	WR	
9999999	Alec Bloom	TE	
9999999	Alek Torgersen	QB	
9999999	Aleva Hifo	WR	
9999999	Alex Barnes	RB	
9999999	Alex Bayer	TE	
9999999	Alex Bullock	WR	
9999999	Alex Chisum	WR	
9999999	Alex Collins	RB	
9999999	Alex Ellis	TE	
9999999	Alex Gray	TE	
9999999	Alex Larson	TE	
9999999	Alex Smith	TE	
9999999	Alexander Hollins	WR	
9999999	Alfred Blue	RB	
9999999	Alfred Morris	RB	
9999999	Allen Hurns	WR	MIA
9999999	Allen Reisner	TE	
9999999	Allenzae Staggers	WR	
9999999	Alonzo Harris	RB	
9999999	Alonzo Moore	WR	
9999999	Alonzo Russell	WR	
9999999	Alstevis Squirewell	RB	
9999999	Amar Johnson	RB	LAC
9999999	Amari Rodgers	WR	
9999999	Amba Etta-Tawo	WR	
9999999	Ameer Abdullah	RB	JAX
9999999	Amir Carlisle	WR	
9999999	Anas Hasic	WR	
9999999	Anderson Castle	RB	IND
9999999	Andre Caldwell	WR	
9999999	Andre Davis	WR	
9999999	Andre Debose	WR	
9999999	Andre Ellington	RB	
9999999	Andre Holmes	WR	
9999999	Andre Johnson	WR	
9999999	Andre Levrone	WR	
9999999	Andre Lindsey	WR	
9999999	Andre Roberts	WR	
9999999	Andre Williams	RB	
9999999	Andrew Armstrong	WR	KC
9999999	Andrew Franks	K	
9999999	Andrew Furney	K	
9999999	Andrew Gleichert	TE	
9999999	Andrew Hawkins	WR	
9999999	Andrew Jacas	K	
9999999	Andrew Luck	QB	
9999999	Andrew Mevis	K	
9999999	Andrew Opoku	WR	
9999999	Andrew Peacock	WR	
9999999	Andrew Price	TE	
9999999	Andrew Quarless	TE	
9999999	Andrew Turzilli	WR	
9999999	Andrew Vollert	TE	
9999999	Andrew Wellock	K	
9999999	Andy Dalton	QB	PHI
9999999	Andy Tanner	WR	
9999999	Anquan Boldin	WR	
9999999	Anthony Boone	QB	
9999999	Anthony Dable	WR	
9999999	Anthony Denham	TE	
9999999	Anthony Dixon	RB	
9999999	Anthony Ezeakunne	TE	
9999999	Anthony Fasano	TE	
9999999	Anthony Firkser	TE	DET
9999999	Anthony Gordon	QB	
9999999	Anthony Gould	WR	IND
9999999	Anthony Grant	RB	
9999999	Anthony Johnson	WR	
9999999	Anthony Jones	RB	
9999999	Anthony Kelly	WR	
9999999	Anthony Landphere	TE	
9999999	Anthony Mahoungou	WR	
9999999	Anthony Manzo-Lewis	TE	
9999999	Anthony McCoy	TE	
9999999	Anthony Nash	WR	
9999999	Anthony Ratliff-Williams	WR	
9999999	Anthony Smith	WR	DAL
9999999	Anthony Turner	WR	
9999999	Antoine Wesley	WR	
9999999	Antone Smith	RB	
9999999	Antonio Andrews	RB	
9999999	Antonio Callaway	WR	
9999999	Antonio Gandy-Golden	TE	
9999999	Antonio Gates	TE	
9999999	Antony Auclair	TE	
9999999	Antwaan Randle El	WR	
9999999	Antwan Goodley	WR	
9999999	Antwane Grant	WR	
9999999	ArDarius Stewart	WR	
9999999	Arian Foster	RB	
9999999	Armon Binns	WR	
9999999	Arrelious Benn	WR	
9999999	Artavis Pierce	RB	
9999999	Arthur Lynch	TE	
9999999	Arthur Williams	WR	
9999999	Asante Cleveland	TE	
9999999	Athan Kaliakmanis	QB	WAS
9999999	Auden Tate	WR	
9999999	Austin Allen	QB	
9999999	Austin Allen	TE	
9999999	Austin Appleby	QB	
9999999	Austin Aune	QB	
9999999	Austin Davis	QB	
9999999	Austin Duke	WR	
9999999	Austin Fort	TE	
9999999	Austin Hill	WR	
9999999	Austin Mack	WR	
9999999	Austin Pettis	WR	
9999999	Austin Roberts	TE	
9999999	Austin Seferian-Jenkins	TE	
9999999	Austin Stogner	TE	
9999999	Austin Trainor	QB	
9999999	Austin Trammell	WR	JAX
9999999	Austin Traylor	TE	
9999999	Austin Walter	RB	
9999999	Austin Watkins	WR	
9999999	Austin Willis	WR	
9999999	Austin Wolf	WR	
9999999	Avius Capers	WR	
9999999	B.J. Daniels	WR	
9999999	B.J. Emmons	RB	
9999999	B.J. Johnson	WR	
9999999	Bailey Gaither	WR	
9999999	Barion Brown	WR	NO
9999999	Barrett Burns	TE	BAL
9999999	Bart Houston	QB	
9999999	Bear Pascoe	TE	
9999999	Beau Corrales	WR	
9999999	Beau Gardner	TE	
9999999	Beau Sandland	TE	
9999999	Bell Braylon	WR	
9999999	Ben Beise	TE	
9999999	Ben Bryant	QB	
9999999	Ben Edwards	WR	
9999999	Ben Ellefson	TE	
9999999	Ben Hartsock	TE	
9999999	Ben Johnson	TE	
9999999	Ben Koyack	TE	
9999999	Ben Malena	RB	
9999999	Ben McCord	TE	
9999999	Ben Obomanu	WR	
9999999	Ben Patterson	WR	
9999999	Ben Roberts	WR	
9999999	Ben Tate	RB	
9999999	Benjamin Watson	TE	
9999999	BenJarvus Green-Ellis	RB	
9999999	Benny Cunningham	RB	
9999999	Benny LeMay	RB	CLE
9999999	Benson Browne	TE	
9999999	Bernard Pierce	RB	
9999999	Bernard Reedy	WR	
9999999	Bernhard Seikovits	TE	
9999999	Billy Bajema	TE	
9999999	Billy Brown	TE	
9999999	Billy Cundiff	K	
9999999	Binjimen Victor	WR	
9999999	Bishop Sankey	RB	
9999999	Bisi Johnson	WR	
9999999	Blair Walsh	K	
9999999	Blake Annen	TE	
9999999	Blake Bortles	QB	NO
9999999	Blake Jackson	WR	
9999999	Blake Mack	TE	
9999999	Blake Renaud	RB	
9999999	Blake Sims	QB	
9999999	Bo Scarbrough	RB	
9999999	Bobby Rainey	RB	
9999999	Bobo Wilson	WR	
9999999	Boobie Dixon	RB	
9999999	Bra'Lon Cherry	WR	
9999999	Brad Kaaya	QB	
9999999	Brad Smith	WR	
9999999	Brad Sorensen	QB	
9999999	Bradley Marquez	WR	
9999999	Bradley Sowell	TE	
9999999	Brady Boyd	WR	JAX
9999999	Brady Quinn	QB	
9999999	Brady Russell	TE	SEA
9999999	Braedon Bowman	TE	
9999999	Bralon Addison	WR	
9999999	Branden Oliver	RB	
9999999	Brandon Barden	TE	
9999999	Brandon Barnes	TE	
9999999	Brandon Bogotay	K	
9999999	Brandon Bolden	RB	
9999999	Brandon Bostick	TE	
9999999	Brandon Brown-Dukes	RB	
9999999	Brandon Burks	RB	
9999999	Brandon Coleman	WR	
9999999	Brandon Cottom	RB	
9999999	Brandon Dillon	TE	
9999999	Brandon Doughty	QB	
9999999	Brandon Frazier	TE	
9999999	Brandon Gibson	WR	
9999999	Brandon Hayes	WR	PHI
9999999	Brandon Jacobs	RB	
9999999	Brandon Johnson	RB	
9999999	Brandon LaFell	WR	
9999999	Brandon Lloyd	WR	
9999999	Brandon Marshall	WR	
9999999	Brandon Myers	TE	
9999999	Brandon Pettigrew	TE	
9999999	Brandon Polk	WR	
9999999	Brandon Powell	WR	
9999999	Brandon Radcliff	RB	
9999999	Brandon Reilly	WR	
9999999	Brandon Ross	RB	
9999999	Brandon Shippen	WR	
9999999	Brandon Silvers	QB	
9999999	Brandon Smith	WR	PIT
9999999	Brandon Stokley	WR	
9999999	Brandon Tate	WR	
9999999	Brandon Weeden	QB	
9999999	Brandon Wegher	RB	
9999999	Brandon Wilds	RB	
9999999	Brandon Williams	TE	
9999999	Brandon Zylstra	WR	
9999999	Braxton Deaver	TE	
9999999	Braxton Miller	WR	
9999999	Braxton Westfield	WR	
9999999	Braydon Johnson	WR	
9999999	Braylon Heard	RB	
9999999	Brelan Chancellor	WR	
9999999	Brendan Langley	WR	
9999999	Brenden Knox	RB	
9999999	Brent Celek	TE	
9999999	Brenton Bersin	WR	
9999999	Breshad Perriman	WR	
9999999	Brett Favre	QB	
9999999	Brett Weaver	TE	
9999999	Brian Bridgewater	TE	
9999999	Brian Brown	WR	
9999999	Brian Burt	WR	
9999999	Brian Hartline	WR	
9999999	Brian Hill	RB	
9999999	Brian Hoyer	QB	
9999999	Brian Johnson	K	
9999999	Brian Leonard	RB	
9999999	Brian Leonhardt	TE	
9999999	Brian Lewerke	QB	
9999999	Brian Parker	TE	
9999999	Brian Quick	WR	
9999999	Brian Riley	WR	
9999999	Brian St Pierre	QB	
9999999	Brian Tyms	WR	
9999999	Brian Vogler	TE	
9999999	Brian Walker	TE	
9999999	Brice Butler	WR	
9999999	Briley Moore	TE	
9999999	Brisly Estime	WR	
9999999	British Brooks	RB	HOU
9999999	Brittain Brown	RB	CHI
9999999	Brittan Golden	WR	
9999999	Broc Rutter	QB	
9999999	Brock Osweiler	QB	
9999999	Brock Rechsteiner	WR	NO
9999999	Brogan Roback	QB	
9999999	Bronson Hill	RB	
9999999	Bronson Rechsteiner	RB	
9999999	Bruce Anderson	RB	
9999999	Bruce Ellington	WR	
9999999	Bruce Gradkowski	QB	
9999999	Bryan Bennett	QB	
9999999	Bryan Edwards	WR	
9999999	Bryan Walters	WR	
9999999	Bryant Mitchell	WR	
9999999	Bryce Bobo	WR	
9999999	Bryce Brown	RB	
9999999	Bryce Oliver	WR	TEN
9999999	Bryce Petty	QB	
9999999	Bryce Pierre	TE	
9999999	Bryce Sterk	TE	
9999999	Bryce Treggs	WR	
9999999	Bryce Williams	TE	
9999999	Brycen Hopkins	TE	
9999999	Brycen Tremayne	WR	CAR
9999999	Bryn Renner	QB	
9999999	Bryson Green	WR	ARI
9999999	Bucky Hodges	TE	
9999999	Bud Sasser	WR	
9999999	Buddy Howell	RB	
9999999	Byron Leftwich	QB	
9999999	Byron Marshall	RB	
9999999	C.J. Anderson	RB	
9999999	C.J. Board	WR	
9999999	C.J. Conrad	TE	
9999999	C.J. Duncan	WR	
9999999	C.J. Fiedorowicz	TE	
9999999	C.J. Germany	WR	
9999999	C.J. Saunders	WR	
9999999	C.J. Spiller	RB	
9999999	C.J. Worton	WR	
9999999	Cade Brewer	TE	
9999999	Cade Peterson	QB	
9999999	Caleb Bluiett	TE	
9999999	Caleb Chapman	WR	
9999999	Caleb Hanie	QB	
9999999	Caleb Huntley	RB	
9999999	Caleb Repp	TE	
9999999	Caleb Scott	WR	TEN
9999999	Caleb Shudak	K	
9999999	Caleb Sturgis	K	
9999999	Caleb Wilson	TE	
9999999	Calvin Jackson	WR	
9999999	Calvin Johnson	WR	
9999999	Calvin Tyler	RB	
9999999	Cam Johnson	WR	
9999999	Cam Serigne	TE	
9999999	Cam Sims	WR	
9999999	Cam Sutton	TE	
9999999	Cam Worthy	WR	
9999999	Camden Brown	WR	DAL
9999999	Camden Lewis	K	
9999999	Cameron Artis-Payne	RB	
9999999	Cameron Batson	WR	
9999999	Cameron Clear	TE	
9999999	Cameron Dorner	WR	NE
9999999	Cameron Marshall	RB	
9999999	Cameron Meredith	WR	
9999999	Cameron Posey	WR	
9999999	Cameron Ross	WR	DEN
9999999	Cameron Scarlett	RB	
9999999	Canaan Severin	WR	
9999999	Canon Rooker	K	
9999999	Cardale Jones	QB	
9999999	Carey Spear	K	
9999999	Carlos Henderson	WR	
9999999	Carlton Agudosi	WR	
9999999	Carlton Mitchell	WR	
9999999	Carsen Ryan	TE	CLE
9999999	Carson Palmer	QB	
9999999	Carson Strong	QB	
9999999	Carson Towt	TE	IND
9999999	Carter Runyon	TE	LV
9999999	Case Cookus	QB	
9999999	Case Keenum	QB	CHI
9999999	Casey Pierce	TE	
9999999	Cash Jones	RB	ATL
9999999	Caullin Lacy	WR	NYJ
9999999	Cayleb Jones	WR	
9999999	Cecil Shorts	WR	
9999999	Cedric Benson	RB	
9999999	Cedric O'Neal	RB	
9999999	Cedric Peerman	RB	
9999999	Cedrick Wilson	WR	DET
9999999	Chad Hansen	WR	
9999999	Chad Kanoff	QB	
9999999	Chandler Brayboy	WR	JAX
9999999	Chandler Harnish	QB	
9999999	Chandler Morris	QB	
9999999	Chandler Worthy	WR	
9999999	Changa Hodge	WR	
9999999	Charcandrick West	RB	
9999999	Charles Holland	WR	
9999999	Charles Johnson	WR	
9999999	Charles McClelland	RB	
9999999	Charles Scarff	TE	
9999999	Charles Sims	RB	
9999999	Charlie Taumoepeau	TE	
9999999	Charlie Whitehurst	QB	
9999999	Charlie Woerner	TE	ATL
9999999	Chase Allen	TE	
9999999	Chase Coffman	TE	
9999999	Chase Cota	WR	
9999999	Chase Curtis	TE	NYJ
9999999	Chase Daniel	QB	
9999999	Chase Dixon	TE	
9999999	Chase Ford	TE	
9999999	Chase Garbers	QB	
9999999	Chase Harrell	TE	
9999999	Chase Litton	QB	
9999999	Chase Price	RB	
9999999	Chase Rettig	QB	
9999999	Chase Reynolds	RB	
9999999	Chase Roberts	WR	LV
9999999	Chester Rogers	WR	
9999999	Chevan Cordeiro	QB	
9999999	Cheyenne O'Grady	TE	
9999999	Chris Autman-Bell	WR	
9999999	Chris Bazile	TE	
9999999	Chris Boyd	WR	
9999999	Chris Briggs	TE	
9999999	Chris Brown	WR	
9999999	Chris Collier	RB	LV
9999999	Chris Conley	WR	
9999999	Chris Evans	RB	
9999999	Chris Freeman	K	
9999999	Chris Givens	WR	
9999999	Chris Gragg	TE	
9999999	Chris Harper	WR	
9999999	Chris Harper	WR	
9999999	Chris Herndon	TE	
9999999	Chris Hilton	WR	
9999999	Chris Hubert	WR	
9999999	Chris Ivory	RB	
9999999	Chris Johnson	RB	
9999999	Chris King	WR	
9999999	Chris Lacy	WR	
9999999	Chris Manhertz	TE	NYG
9999999	Chris Matthews	WR	
9999999	Chris Ogbonnaya	RB	
9999999	Chris Pantale	TE	
9999999	Chris Polk	RB	
9999999	Chris Rowland	WR	
9999999	Chris Smith	RB	
9999999	Chris Thompson	RB	
9999999	Chris Thompson	WR	
9999999	Chris Warren	RB	
9999999	Christian Blake	WR	
9999999	Christian Hackenberg	QB	
9999999	Christian Ponder	QB	
9999999	Christian Powell	RB	
9999999	Christian Scotland-Williamson	TE	
9999999	Christine Michael	RB	
9999999	Christion Jones	WR	
9999999	Christopher Dunn	K	
9999999	Christopher Ezeala	RB	
9999999	Chuck Jacobs	WR	
9999999	Cierre Wood	RB	
9999999	CJ Dippre	TE	NE
9999999	CJ Marable	RB	
9999999	CJ Verdell	RB	
9999999	CJ Williams	WR	JAX
9999999	Clay Burton	TE	
9999999	Clay Harbor	TE	
9999999	Clayton Echard	TE	
9999999	Clayton Hatfield	K	
9999999	Clayton Wilson	TE	
9999999	Clive Walford	TE	
9999999	Clyde Gates	WR	
9999999	Cobi Hamilton	WR	
9999999	Coby Fleener	TE	
9999999	Codey McElroy	TE	
9999999	Cody Chrest	WR	
9999999	Cody Chrest	WR	
9999999	Cody Core	WR	
9999999	Cody Fajardo	QB	
9999999	Cody Hardy	TE	NO
9999999	Cody Hollister	WR	
9999999	Cody Kessler	QB	
9999999	Colbie Young	WR	CIN
9999999	Colby Pearson	WR	
9999999	Colby Suits	QB	
9999999	Cole Beck	WR	
9999999	Cole Hedlund	K	
9999999	Cole Herdman	TE	
9999999	Cole Hunt	TE	
9999999	Cole Kelley	QB	
9999999	Cole Murphy	K	
9999999	Cole Stoudt	QB	
9999999	Coleman Bennett	RB	CHI
9999999	Colin Granger	TE	
9999999	Colin Jeter	TE	
9999999	Colin Kaepernick	QB	
9999999	Colin Lockett	WR	
9999999	Collin Schlee	QB	
9999999	Colson Yankoff	TE	WAS
9999999	Colton Theaker	K	
9999999	Connor Barth	K	
9999999	Connor Cook	QB	
9999999	Connor Hamlett	TE	
9999999	Connor Hulstein	TE	NYJ
9999999	Connor Jessop	QB	
9999999	Connor Neighbors	RB	
9999999	Connor Shaw	QB	
9999999	Cooper Helfet	TE	
9999999	Corbin Louks	WR	
9999999	Corey Acosta	K	
9999999	Corey Brown	WR	
9999999	Corey Fuller	WR	
9999999	Corey Grant	RB	
9999999	Corey Knox	RB	
9999999	Corey Rucker	WR	LV
9999999	Corey Washington	WR	
9999999	Corey Willis	WR	
9999999	Cortez Braham	WR	BAL
9999999	Cortrelle Simpson	WR	
9999999	Cory Harkey	TE	
9999999	Courtney Roby	WR	
9999999	Craig Stevens	TE	
9999999	Crockett Gillmore	TE	
9999999	Cullen Gillaspia	RB	
9999999	Curtis Hodges	TE	
9999999	Cyril Grayson	WR	
9999999	Cyrus Allen	WR	KC
9999999	Cyrus Gray	RB	
9999999	Cyrus Holder	WR	
9999999	D'Vonte Price	RB	
9999999	Da'Quan Felton	WR	NYJ
9999999	Da'Rick Rogers	WR	
9999999	Da'Ron Brown	WR	
9999999	DaeSean Hamilton	WR	
9999999	Dai'Jean Dixon	WR	
9999999	Daikiel Shorts	WR	
9999999	Dakereon Joyner	WR	
9999999	Dakota Caton	WR	
9999999	Dallas Clark	TE	
9999999	Dallas Daniels	WR	
9999999	Dallen Bentley	TE	DEN
9999999	Dalton Crossan	RB	
9999999	Dalton Schoen	WR	
9999999	Dalton Sturm	QB	
9999999	Damaris Johnson	WR	
9999999	DaMarkus Lodge	WR	
9999999	Damarr Aultman	WR	
9999999	Damian Copeland	WR	
9999999	Damian Williams	WR	
9999999	Damien Alford	WR	
9999999	Damien Caffrey	TE	
9999999	Damien Williams	RB	
9999999	Damion Jeanpiere	WR	
9999999	Damion Ratley	WR	
9999999	Damion Willis	WR	
9999999	Damon Bankston	RB	NYG
9999999	Damon Gibson	WR	
9999999	Damon Hazelton	WR	
9999999	Damon Sheehy-Guiseppi	WR	
9999999	Damond Powell	WR	
9999999	Damore'ea Stringfellow	WR	
9999999	Damoun Patterson	WR	
9999999	Dan Carpenter	K	
9999999	Dan Chisena	WR	CAR
9999999	Dan Herron	RB	
9999999	Dan Light	TE	
9999999	Dan Orlovsky	QB	
9999999	Dane Evans	QB	
9999999	Daniel Braverman	WR	
9999999	Daniel Brown	TE	
9999999	Daniel Fells	TE	
9999999	Daniel George	WR	
9999999	Daniel Helm	TE	
9999999	Daniel Lasco	RB	
9999999	Daniel Rodriguez	WR	
9999999	Daniel Sobkowicz	WR	HOU
9999999	Daniel Thomas	RB	
9999999	Daniel Williams	WR	
9999999	Danny Amendola	WR	
9999999	Danny Anthrop	WR	
9999999	Danny Davis	WR	
9999999	Danny Etling	QB	
9999999	Danny Woodhead	RB	
9999999	Dante Miller	RB	NYG
9999999	Dante Pettis	WR	BUF
9999999	Dante Rosario	TE	
9999999	Dante Wright	WR	
9999999	Darion Clark	TE	
9999999	Darion Griswold	TE	
9999999	Darius Bradwell	RB	
9999999	Darius Davis	WR	
9999999	Darius Powe	WR	
9999999	Darius Prince	WR	
9999999	Darius Victor	RB	
9999999	Darius White	WR	
9999999	Darnell Holland	RB	
9999999	Darrell Henderson	RB	
9999999	Darrell Stewart	WR	
9999999	Darren Andrews	WR	
9999999	Darren Carrington	WR	
9999999	Darren Fells	TE	TB
9999999	Darren McFadden	RB	
9999999	Darren Sproles	RB	
9999999	Darreus Rogers	WR	
9999999	Darrin Peterson	WR	
9999999	Darrin Reaves	RB	
9999999	Darrius Heyward-Bey	WR	
9999999	Darrius Shepherd	WR	
9999999	Darrius Sims	RB	
9999999	Darvin Kidsy	WR	
9999999	Daryl Richardson	RB	
9999999	Daryl Virgies	RB	
9999999	DaVaris Daniels	WR	
9999999	David Ausberry	TE	
9999999	David Cobb	RB	
9999999	David Garrard	QB	
9999999	David Glidden	WR	
9999999	David Grinnage	TE	
9999999	David Johnson	TE	
9999999	David Johnson	RB	
9999999	David Martin-Robinson	TE	TEN
9999999	David Marvin	K	
9999999	David Moore	WR	CAR
9999999	David Morgan	TE	
9999999	David Nelson	WR	
9999999	David Olson	QB	
9999999	David Paulson	TE	
9999999	David Porter	WR	
9999999	David Reeves	TE	
9999999	David Richards	WR	
9999999	David Watford	WR	
9999999	David Williams	RB	
9999999	Davis Koppenhaver	TE	
9999999	Davis Webb	QB	
9999999	Davon Grayson	WR	
9999999	Dax Milne	WR	
9999999	Dayton Wade	WR	BAL
9999999	Dazz Newsome	WR	
9999999	De'Angelo Henderson	RB	
9999999	De'Chavon Hayes	RB	
9999999	De'Mard Llorens	RB	
9999999	De'Mornay Pierson-El	WR	
9999999	De'Quan Hampton	WR	
9999999	De'Veon Smith	RB	
9999999	DeaMonte Trayanum	RB	NYJ
9999999	Dean Patterson	WR	TB
9999999	DeAndre Goolsby	TE	
9999999	DeAndre Reaves	WR	
9999999	DeAndre Smelter	WR	
9999999	DeAndre Thompkins	WR	GB
9999999	DeAndre Torrey	RB	
9999999	DeAndrew White	WR	
9999999	DeAngelo Hardy	WR	
9999999	DeAngelo Williams	RB	
9999999	DeAngelo Yancey	WR	
9999999	Deante' Gray	WR	
9999999	Dee Eskridge	WR	
9999999	Deion Hankins	RB	
9999999	Delanie Walker	TE	
9999999	DeMarco Murray	RB	
9999999	Demarcus Ayers	WR	
9999999	DeMeer Blankumsee	WR	
9999999	Demetris Robertson	WR	
9999999	Demetrius Harris	TE	
9999999	Demetrius Wilson	WR	
9999999	DeMichael Harris	WR	
9999999	DeMichael Harris-DUP	WR	
9999999	Demitrius Bronson	RB	
9999999	Denard Robinson	RB	
9999999	Denarius Moore	WR	
9999999	Dennis Dixon	QB	
9999999	Dennis Houston	WR	TB
9999999	Dennis Parks	WR	
9999999	Dennis Pitta	TE	
9999999	Deon Butler	TE	
9999999	Deon Long	WR	
9999999	Deon Yelder	TE	
9999999	Deonte Thompson	WR	
9999999	Deontez Alexander	WR	
9999999	Derek Anderson	QB	
9999999	Derek Carrier	TE	
9999999	Derek Hagan	WR	
9999999	Derek Keaton	WR	
9999999	Derel Walker	WR	
9999999	Derrick Deese	TE	
9999999	Derrick Dillon	WR	
9999999	Derrick Johnson	WR	
9999999	Derrick Willies	WR	
9999999	Des Lawrence	WR	
9999999	DeSean Smith	TE	
9999999	DeShawn Hanika	TE	
9999999	Deshon Foxx	WR	
9999999	Desmond Martin	RB	
9999999	Detrez Newsome	RB	
9999999	Devante Davis	WR	
9999999	Deven Thompkins	WR	LV
9999999	DeVier Posey	WR	
9999999	Devin Asiasi	TE	
9999999	Devin Carter	WR	
9999999	Devin Culp	TE	TB
9999999	Devin Fuller	WR	
9999999	Devin Gardner	WR	
9999999	Devin Gray	WR	
9999999	Devin Hester	WR	
9999999	Devin Lucien	WR	
9999999	Devin Mahina	TE	
9999999	Devin Phelps	WR	
9999999	Devin Street	WR	
9999999	Devine Ozigbo	RB	
9999999	Devine Redding	RB	
9999999	Devon Bell	K	
9999999	Devon Cajuste	WR	
9999999	Devon Johnson	RB	
9999999	Devon Wylie	WR	
9999999	Devontae Jackson	RB	
9999999	Devonte Boyd	WR	
9999999	DeVonte Dedmon	WR	
9999999	Devonte Ross	WR	LAC
9999999	Devron Harper	WR	
9999999	Devwah Whaley	RB	
9999999	Dexter McCluster	RB	
9999999	Dexter Williams	RB	
9999999	Dez Bryant	WR	
9999999	Dez Stewart	WR	
9999999	Dezmin Lewis	WR	
9999999	Dezmon Patmon	WR	
9999999	Diandre Campbell	WR	
9999999	Diego Pavia	QB	
9999999	Dillon Bell	WR	MIN
9999999	Dillon Stoner	WR	
9999999	Dion Sims	TE	
9999999	DJ Smith	K	
9999999	DJ Turner	WR	HOU
9999999	DJ Williams	TE	
9999999	Dobson Collins	WR	
9999999	Dohnte Meyers	WR	CIN
9999999	Dom Williams	WR	
9999999	Domenik Hixon	WR	
9999999	Dominic Richardson	RB	
9999999	Dominick Wood-Anderson	TE	
9999999	Dominique Brown	RB	
9999999	Dominique Davis	QB	
9999999	Dominique Jones	TE	
9999999	Dominique Williams	RB	
9999999	Don Jackson	RB	
9999999	Donald Brown	RB	
9999999	Donatella Luckett	WR	
9999999	Donaven McCulley	WR	MIA
9999999	Donnel Pumphrey	RB	
9999999	Donnie Avery	WR	
9999999	Donnie Ernsberger	TE	TEN
9999999	Dontae McMillan	RB	BAL
9999999	Dontae Strickland	RB	
9999999	Dontario Drummond	WR	
9999999	Dontay Demus	WR	
9999999	Donte Foster	WR	
9999999	Donteea Dye	WR	
9999999	Dontez Byrd	WR	
9999999	Dontez Ford	WR	
9999999	Dontre Wilson	WR	
9999999	Dorial Green-Beckham	WR	
9999999	Dorian Baker	WR	
9999999	Dorin Dickerson	TE	
9999999	Dorren Miller	WR	
9999999	Doug Baldwin	WR	
9999999	Doug Martin	RB	
9999999	Doug McNeil	WR	
9999999	Drake Dabney	TE	GB
9999999	Dreamius Smith	RB	
9999999	Dredrick Snelson	WR	
9999999	Dres Anderson	WR	
9999999	Drew Belcher	TE	
9999999	Drew Biber	TE	GB
9999999	Drew Morgan	WR	
9999999	Drew Stevens	K	WAS
9999999	Dri Archer	RB	
9999999	Duce Staley	RB	
9999999	DuJuan Harris	RB	
9999999	Duke Williams	WR	
9999999	Duplicate Player	TE	
9999999	Duplicate Player	WR	
9999999	Duplicate Player	WR	
9999999	Duplicate Player	WR	
9999999	Duplicate Player	WR	CHI
9999999	Duplicate Player	TE	
9999999	Duplicate Player	WR	
9999999	Duplicate Player	WR	
9999999	Durham Smythe	TE	BAL
9999999	Duron Carter	WR	
9999999	Durron Neal	WR	
9999999	Dustin Keller	TE	
9999999	Dustin Vaughan	QB	
9999999	Dwayne Allen	TE	
9999999	Dwayne Bowe	WR	
9999999	Dylan Cantrell	TE	
9999999	Dylan Drummond	WR	ATL
9999999	Dylan Laube	RB	LV
9999999	Dylan Leonard	TE	
9999999	Dylan McDuffie	RB	
9999999	Dylan Stapleton	TE	
9999999	Dylan Thompson	QB	
9999999	E.J. Bibbs	TE	
9999999	E.J. Horton	WR	IND
9999999	E.J. Manuel	QB	
9999999	E.J. Perry	QB	
9999999	E.J. Warner	QB	
9999999	E.J. Williams	WR	LV
9999999	Earl Bennett	WR	
9999999	Earnest Edwards	WR	
9999999	Earnest Pettway	TE	
9999999	Easop Winston	WR	
9999999	Easton Dean	TE	
9999999	Easton Stick	QB	IND
9999999	Ed Dickson	TE	
9999999	Ed Eagan	WR	
9999999	Ed Lee	WR	
9999999	Ed Williams	WR	
9999999	Eddie Lacy	RB	
9999999	Eddie Royal	WR	
9999999	Edwin Baker	RB	
9999999	EJ Smith	RB	KC
9999999	Eli Jenkins	QB	
9999999	Eli Manning	QB	
9999999	Eli Rogers	WR	
9999999	Eli Wilson	TE	
9999999	Eli Wolf	TE	
9999999	Elijah Cooks	WR	CAR
9999999	Elijah Higgins	TE	ARI
9999999	Elijah Holyfield	RB	
9999999	Elijah Hood	RB	
9999999	Elijah McGuire	RB	KC
9999999	Elijah Tau-Tolliver	RB	BAL
9999999	Elijhaa Penny	RB	
9999999	Elkanah Dillon	TE	
9999999	Elliott Fry	K	
9999999	Ellis Richardson	TE	
9999999	Emanuel Byrd	TE	
9999999	Emeka Emezie	WR	
9999999	Emil Igwenagu	RB	
9999999	Emory Blake	WR	
9999999	Eni Falayi	TE	
9999999	Eric Decker	WR	
9999999	Eric Dungey	QB	
9999999	Eric Frohnapfel	TE	
9999999	Eric Rogers	WR	
9999999	Eric Saubert	TE	SEA
9999999	Eric Wallace	TE	
9999999	Eric Weems	WR	
9999999	Erik Krommenhoek	TE	
9999999	Erik Swoope	TE	
9999999	Ernst Brun	TE	
9999999	Ervin Philips	WR	
9999999	Ervin Philips	RB	
9999999	Ethan Conner	TE	JAX
9999999	Ethan Garbers	QB	
9999999	Ethan Sanchez	K	
9999999	Ethan Wolf	TE	
9999999	Evan Berry	WR	
9999999	Evan Rodriguez	TE	
9999999	Evan Royster	RB	
9999999	Evan Spencer	WR	
9999999	Evan Svoboda	TE	LAC
9999999	Ezell Ruffin	WR	
9999999	Farrod Green	TE	
9999999	Feleipe Franks	TE	CAR
9999999	Felix Harper	QB	
9999999	Felix Jones	RB	
9999999	Felton Davis	WR	
9999999	Fitzgerald Toussaint	RB	
9999999	Floyd Allen	WR	
9999999	Foster Moreau	TE	HOU
9999999	Fozzy Whittaker	RB	
9999999	Francis Owusu	WR	
9999999	Francis Owusu	WR	
9999999	Frank Stephens	WR	
9999999	Frankie Hammond	WR	
9999999	Franko House	TE	CHI
9999999	Franky Okafor	WR	
9999999	Fred Davis	TE	
9999999	Fred Jackson	RB	
9999999	Fred Ross	WR	
9999999	Fred Trevillion	WR	
9999999	Fred Williams	WR	
9999999	Freddie Brown	WR	
9999999	Freddie Martino	WR	
9999999	Freddie Swain	WR	
9999999	Gabe Holmes	TE	
9999999	Gabe Hughes	TE	
9999999	Gabe Marks	WR	
9999999	Gabriel Benyard	WR	
9999999	Gabriel Plascencia	K	
9999999	Gannon Sinclair	TE	
9999999	Garrett Gilbert	QB	
9999999	Garrett Graham	TE	
9999999	Garrett Grayson	QB	
9999999	Garrett Griffin	TE	
9999999	Garrett Groshek	RB	
9999999	Garrett Hartley	K	
9999999	Garrett Hudson	TE	
9999999	Garrett Johnson	WR	
9999999	Garrett Scantling	WR	ATL
9999999	Garrett Walston	TE	
9999999	Gary Barnidge	TE	
9999999	Gary Brightwell	RB	CIN
9999999	Gary Jennings	WR	
9999999	Gavin Escobar	TE	
9999999	Gavin Hardison	QB	
9999999	Gavin Lutman	WR	
9999999	Gee Scott	TE	
9999999	Gehrig Dieter	WR	
9999999	Geoff Swaim	TE	
9999999	Geordon Porter	WR	
9999999	George Atkinson	RB	
9999999	George Campbell	WR	
9999999	George Farmer	WR	
9999999	George Winn	RB	
9999999	Gerald Christian	TE	
9999999	Gerald Holmes	RB	
9999999	Gerell Robinson	TE	
9999999	Germone Hopper	WR	
9999999	Geronimo Allison	WR	
9999999	Gerrit Prince	TE	
9999999	Gio Pascascio	WR	
9999999	Giorgio Tavecchio	K	
9999999	Giovani Bernard	RB	
9999999	GJ Kinne	QB	
9999999	Glen Coffee	RB	SF
9999999	Glenn Winston	RB	
9999999	Graham Harrell	QB	
9999999	Greg Bell	RB	
9999999	Greg Dulcich	TE	MIA
9999999	Greg Jennings	WR	
9999999	Greg Jones	RB	
9999999	Greg Little	WR	
9999999	Greg Orton	WR	
9999999	Greg Salas	WR	
9999999	Greg Scruggs	TE	
9999999	Greg Ward	WR	
9999999	Gregory Desrosiers	RB	LAC
9999999	Griff Whalen	WR	
9999999	Gunnar Watson	QB	
9999999	Gus Johnson	RB	
9999999	Hajj-Malik Williams	QB	
9999999	Hakeem Nicks	WR	
9999999	Hakeem Valles	TE	
9999999	Hal Presley	WR	
9999999	Hank Beatty	WR	TEN
9999999	Harold Spears	TE	
9999999	Harrison Bryant	TE	
9999999	Harrison Wallace	WR	ARI
9999999	Harry Douglas	WR	
9999999	Harvey Binford	WR	
9999999	Hasise Dubois	WR	
9999999	Hayden Large	TE	CHI
9999999	Haynes King	QB	CAR
9999999	Heath Miller	TE	
9999999	Heinrich Haarberg	TE	
9999999	Henry Krieger-Coble	TE	
9999999	Henry Litwin	WR	
9999999	Herb Waters	WR	
9999999	Hunter Bryant	TE	
9999999	Hunter Sharp	WR	
9999999	Hunter Thedford	TE	
9999999	I'Tavius Mathers	RB	
9999999	Ian Bunting	TE	
9999999	Ifeanyi Momah	WR	
9999999	Ify Umodu	WR	
9999999	Isaac Fruechte	WR	
9999999	Isaac Zico	WR	
9999999	Isaiah Bowser	RB	
9999999	Isaiah Burse	WR	
9999999	Isaiah Ford	WR	
9999999	Isaiah Hodgins	WR	NYG
9999999	Isaiah Jacobs	RB	
9999999	Isaiah McKoy	WR	
9999999	Isaiah Pead	RB	
9999999	Isaiah Searight	TE	
9999999	Isaiah Spiller	RB	
9999999	Isaiah Washington	WR	
9999999	Isaiah Zuber	WR	
9999999	Ishmael Zamora	WR	
9999999	Isiah Ferguson	WR	
9999999	Issac Blakeney	WR	
9999999	Ito Smith	RB	DAL
9999999	J Talley	WR	
9999999	J. Michael Sturdivant	WR	GB
9999999	J.J. Arcega-Whiteside	WR	
9999999	J.J. Nelson	WR	
9999999	J.T. Barrett	QB	
9999999	J.t. Luper	WR	
9999999	J'Mar Smith	QB	
9999999	Ja'Marcus Bradley	WR	
9999999	Ja'Mori Maclin	WR	BUF
9999999	Ja'Quan Gardner	RB	
9999999	Jaaron Hayek	WR	
9999999	Jace Amaro	TE	
9999999	Jace Billingsley	WR	
9999999	Jace Davis	WR	
9999999	Jace Sternberger	TE	
9999999	Jack Heneghan	QB	
9999999	Jack Stoll	TE	CLE
9999999	Jack Strand	QB	ATL
9999999	Jack Tabb	TE	
9999999	Jack Velling	TE	ATL
9999999	Jackson Harris	TE	
9999999	Jackson Hawes	TE	BUF
9999999	Jackson Meeks	WR	DET
9999999	Jacob Clark	QB	LV
9999999	Jacob De Jesus	WR	KC
9999999	Jacob Dolegala	QB	
9999999	Jacob Huesman	QB	
9999999	Jacob Maxwell	TE	
9999999	Jacob Saylors	RB	DET
9999999	Jacob Sirmon	QB	
9999999	Jacob Tamme	TE	
9999999	Jacoby Ford	WR	
9999999	Jacoby Jones	WR	
9999999	Jacques Patrick	RB	
9999999	Jacquizz Rodgers	RB	
9999999	Jaden Bradley	WR	WAS
9999999	Jaden Nixon	RB	GB
9999999	Jaden Smith	WR	DAL
9999999	Jaeden Graham	TE	
9999999	Jaelen Gill	WR	
9999999	Jaelen Strong	WR	
9999999	Jaelon Acklin	WR	
9999999	Jaelon Darden	WR	
9999999	Jahad Thomas	RB	
9999999	Jaheim Bell	TE	PIT
9999999	Jahvid Best	RB	
9999999	Jahwan Edwards	RB	
9999999	Jaivon Heiligh	WR	
9999999	Jake Bentley	QB	
9999999	Jake Burt	TE	
9999999	Jake Coker	QB	
9999999	Jake Fromm	QB	
9999999	Jake Heaps	QB	
9999999	Jake Herslow	WR	
9999999	Jake Kumerow	WR	
9999999	Jake Lampman	WR	
9999999	Jake McGee	TE	
9999999	Jake Murphy	TE	
9999999	Jake Powell	TE	
9999999	Jake Retzlaff	QB	
9999999	Jake Stoneburner	TE	
9999999	Jake Verity	K	
9999999	Jake Waters	QB	
9999999	Jake Wieneke	WR	
9999999	Jalan McClendon	QB	
9999999	Jalen Brooks	WR	ARI
9999999	Jalen Camp	WR	
9999999	Jalen Greene	WR	
9999999	Jalen McCleskey	WR	
9999999	Jalen Moreno-Cropper	WR	NO
9999999	Jalen Morton	QB	IND
9999999	Jalen Parmele	RB	
9999999	Jalen Saunders	WR	
9999999	Jalen Simmons	RB	
9999999	Jalen Tolliver	WR	
9999999	Jalen Virgil	WR	
9999999	Jalen Walthall	WR	
9999999	Jalen Williams	WR	
9999999	Jalen Wydermyer	TE	
9999999	Jalin Marshall	WR	
9999999	Jalon Daniels	QB	TB
9999999	Jamaal Charles	RB	
9999999	Jamaal Jones	WR	
9999999	Jamal Custis	WR	
9999999	Jamal Haynes	RB	CIN
9999999	Jamal Robinson	WR	
9999999	Jamari Staples	WR	
9999999	Jamarius Way	WR	
9999999	Jamel Johnson	WR	
9999999	James Butler	WR	
9999999	James Butler	RB	
9999999	James Franklin	QB	
9999999	James Gilbert	RB	
9999999	James Hanna	TE	
9999999	James Jones	WR	
9999999	James McCourt	K	
9999999	James Morgan	QB	
9999999	James O'Shaughnessy	TE	
9999999	James Proche	WR	
9999999	James Quick	WR	
9999999	James Starks	RB	
9999999	James Summers	RB	
9999999	James Wilder	RB	
9999999	James Williams	RB	
9999999	James Wright	WR	
9999999	Jameson Geers	TE	ARI
9999999	Jamie Childers	TE	
9999999	Jamire Jordan	WR	
9999999	Janarion Grant	WR	
9999999	JaQuan Hardy	RB	
9999999	Jaquarii Roberson	WR	
9999999	Jared Abbrederis	WR	
9999999	Jared Dangerfield	WR	
9999999	Jared Murphy	WR	
9999999	Jared Rice	TE	
9999999	Jared Scott	TE	
9999999	Jared Smart	WR	
9999999	Jaret Patterson	RB	LAC
9999999	Jarred Haggins	WR	
9999999	Jarrett Boykin	WR	
9999999	Jarrett Guarantano	QB	
9999999	Jarrod West	WR	
9999999	Jarryd Hayne	RB	
9999999	Jarveon Williams	RB	
9999999	Jarvion Franklin	RB	
9999999	Jarvis Turner	WR	
9999999	Jashaun Corbin	RB	DAL
9999999	Jason Avant	WR	
9999999	Jason Brownlee	WR	KC
9999999	Jason Campbell	QB	
9999999	Jason Croom	TE	
9999999	Jason Huntley	RB	
9999999	Jason Reese	TE	
9999999	Jason Snelling	RB	
9999999	Javess Blue	WR	
9999999	Javon McKinley	WR	
9999999	Javontee Herndon	WR	
9999999	Javorius Allen	RB	
9999999	Jawill Davis	WR	
9999999	Jawon Chisholm	RB	
9999999	Jaxon Shipley	WR	
9999999	Jay Ajayi	RB	
9999999	Jay Cutler	QB	
9999999	Jay Feely	K	
9999999	Jay Lee	WR	
9999999	Jaydn Ott	RB	KC
9999999	Jaydon Mickens	WR	
9999999	Jaylen Samuels	RB	
9999999	Jaylen Smith	WR	
9999999	Jaylon Moore	WR	
9999999	Jazz Ferguson	WR	
9999999	Je'Ron Hamm	TE	
9999999	Jean Sifrin	TE	
9999999	Jeff Cotton	WR	
9999999	Jeff Cumberland	TE	
9999999	Jeff Janis	WR	
9999999	Jeff King	TE	
9999999	Jeff Luc	TE	
9999999	Jeff Maehl	WR	
9999999	Jeff Tuel	QB	
9999999	Jeff Weimer	WR	KC
9999999	Jelani Baker	WR	
9999999	Jequez Ezzard	WR	
9999999	Jerand Bradley	WR	LAC
9999999	Jeremiah Briscoe	QB	
9999999	Jeremiah Franklin	TE	MIA
9999999	Jeremiah Hall	TE	
9999999	Jeremy Butler	WR	
9999999	Jeremy Cox	RB	
9999999	Jeremy Kelley	WR	
9999999	Jeremy Kerley	WR	
9999999	Jeremy Langford	RB	
9999999	Jeremy Maclin	WR	
9999999	Jeremy Moussa	QB	
9999999	Jeremy Ross	WR	
9999999	Jeremy Stewart	RB	
9999999	Jeret Smith	WR	
9999999	Jermaine Gresham	TE	
9999999	Jermaine Kearse	WR	
9999999	Jermiah Braswell	WR	
9999999	Jerod Evans	QB	
9999999	Jerome Cunningham	TE	
9999999	Jerome Lane	WR	
9999999	Jerome Simpson	WR	
9999999	Jerome Smith	RB	
9999999	Jerome Washington	TE	
9999999	Jerricho Cotchery	WR	
9999999	Jerrion Ealy	RB	
9999999	Jerrod Johnson	QB	
9999999	Jerry Lovelocke	QB	
9999999	Jesse James	TE	
9999999	Jevoni Robinson	TE	
9999999	Jhajuan Seales	WR	
9999999	Jhurell Pressley	RB	
9999999	Jim Dray	TE	
9999999	Jimmay Mundine	TE	
9999999	Jimmie Hunt	WR	
9999999	Jimmy Bell	TE	
9999999	Jimmy Clausen	QB	
9999999	Jimmy Holiday	WR	KC
9999999	Jimmy Kibble	WR	NE
9999999	Jimmy Williams	WR	
9999999	JJ Howland	TE	
9999999	JJ Jones	WR	
9999999	JJ Molson	K	
9999999	Jjay Mcafee	TE	
9999999	Jody Fortson	TE	
9999999	Joe Banyard	RB	
9999999	Joe Callahan	QB	
9999999	Joe Don Duncan	RB	
9999999	Joe Forson	WR	KC
9999999	Joe Hansley	WR	
9999999	Joe Horn	WR	
9999999	Joe Horn	WR	
9999999	Joe Licata	QB	
9999999	Joe McKnight	RB	
9999999	Joe Morgan	WR	
9999999	Joe Reed	WR	
9999999	Joe Royer	TE	CLE
9999999	Joe Sommers	TE	
9999999	Joe Walker	WR	
9999999	Joe Williams	RB	
9999999	Joel Bouagnon	RB	
9999999	Joel Dreessen	TE	
9999999	Joel Stave	QB	
9999999	Joel Wilson	TE	TEN
9999999	Joey Aguilar	QB	JAX
9999999	Joey Iosefa	RB	
9999999	John Baron	K	
9999999	John Brown	WR	
9999999	John Carlson	TE	
9999999	John Chiles	WR	
9999999	John Crockett	RB	
9999999	John David Moore	RB	
9999999	John Diarse	WR	
9999999	John FitzPatrick	TE	
9999999	John Franklin	WR	
9999999	John Harris	WR	
9999999	John Hightower	WR	
9999999	John Jiles	WR	
9999999	John Kelly	RB	
9999999	John Lovett	QB	
9999999	John Lovett	RB	
9999999	John Lunsford	K	
9999999	John Matocha	QB	
9999999	John Mitchell	TE	
9999999	John Peters	TE	
9999999	John Phillips	TE	
9999999	John Robinson-Woodgett	RB	
9999999	John Ursua	WR	
9999999	Johnathan Lloyd	WR	
9999999	Johnathon Johnson	WR	
9999999	Johnnie Dixon	WR	
9999999	JohnnieLee Higgins	WR	
9999999	Johnny Holton	WR	
9999999	Johnny Johnson	WR	
9999999	Johnny Manziel	QB	
9999999	Johnny Mundt	TE	PHI
9999999	Johnny Pascuzzi	TE	LAC
9999999	Joique Bell	RB	
9999999	JoJo Natson	WR	
9999999	JoJo Ward	WR	
9999999	Jon Kitna	QB	
9999999	Jonah Trinnaman	WR	
9999999	Jonas Gray	RB	
9999999	Jonathan Brady	WR	
9999999	Jonathan Duhart	WR	
9999999	Jonathan Grimes	RB	
9999999	Jonathan Krause	WR	
9999999	Jonathan Stewart	RB	
9999999	Jonathon Rumph	WR	
9999999	Jordan Byrd	WR	
9999999	Jordan Cameron	TE	
9999999	Jordan Ellis	RB	
9999999	Jordan Franks	TE	
9999999	Jordan Harris	WR	
9999999	Jordan Howard	RB	
9999999	Jordan Johnson	RB	
9999999	Jordan Lasley	WR	
9999999	Jordan Leslie	WR	
9999999	Jordan Matthews	TE	
9999999	Jordan Moore	WR	CIN
9999999	Jordan Norwood	WR	
9999999	Jordan Nubin	RB	
9999999	Jordan Palmer	QB	
9999999	Jordan Payton	WR	
9999999	Jordan Scarlett	RB	MIA
9999999	Jordan Smallwood	WR	
9999999	Jordan Taylor	WR	
9999999	Jordan Terrell	RB	
9999999	Jordan Thompson	TE	
9999999	Jordan Todman	RB	
9999999	Jordan Veasy	WR	
9999999	Jordan Waters	RB	LAR
9999999	Jordan Westerkamp	WR	
9999999	Jordan Wilkins	RB	
9999999	Jordan Williams-Lambert	WR	
9999999	Jordon Vaughn	RB	
9999999	Jordy Nelson	WR	
9999999	Joseph Fauria	TE	
9999999	Joseph Manjack	WR	DEN
9999999	Joseph Parker	WR	
9999999	Joseph Randle	RB	
9999999	Josh Adams	RB	
9999999	Josh Bist	TE	
9999999	Josh Boyce	WR	
9999999	Josh Brown	K	
9999999	Josh Caldwell	RB	
9999999	Josh Cribbs	WR	
9999999	Josh Crockett	WR	
9999999	Josh Doctson	WR	
9999999	Josh Freeman	QB	
9999999	Josh Gable	K	
9999999	Josh Hammond	WR	
9999999	Josh Harper	WR	
9999999	Josh Harris	RB	
9999999	Josh Huff	WR	
9999999	Josh Lenz	WR	
9999999	Josh Love	QB	
9999999	Josh Magee	WR	
9999999	Josh Morgan	WR	
9999999	Josh Pearson	WR	
9999999	Josh Pitsenburger	RB	
9999999	Josh Reese	WR	
9999999	Josh Robinson	RB	
9999999	Josh Rounds	RB	
9999999	Josh Stewart	WR	
9999999	Josh Woodrum	QB	
9999999	Joshua Kelley	RB	
9999999	Joshua Lingenfelter	TE	
9999999	Joshua Perkins	TE	NYJ
9999999	Joshua Pitsenberger	RB	HOU
9999999	Joshua Simon	TE	ATL
9999999	Joshua Stangby	WR	
9999999	Josiah Price	TE	
9999999	Jovon Durante	WR	
9999999	Julian Howsare	RB	
9999999	Julian Williams	WR	
9999999	Julius Davis	RB	
9999999	Julius Thomas	TE	
9999999	Junior Hemingway	WR	
9999999	Juron Criner	WR	
9999999	Justice Cunningham	TE	
9999999	Justice Liggins	WR	
9999999	Justice Shelton-Mosley	WR	
9999999	Justin Berger	WR	
9999999	Justin Blackmon	WR	
9999999	Justin Brown	WR	
9999999	Justin Crawford	RB	
9999999	Justin Davis	RB	
9999999	Justin Forsett	RB	
9999999	Justin Hunter	WR	
9999999	Justin Jackson	RB	
9999999	Justin Johnson	TE	
9999999	Justin Jones	RB	SEA
9999999	Justin Lockhart	WR	
9999999	Justin Manton	K	
9999999	Justin Marshall	WR	
9999999	Justin Perillo	TE	
9999999	Justin Shorter	WR	LV
9999999	Justin Sinz	TE	
9999999	Justin Stockton	RB	
9999999	Justin Strong	RB	
9999999	Justin Sumpter	WR	
9999999	Justin Thomas	WR	
9999999	Justin Tukes	TE	
9999999	Justin Watson	WR	HOU
9999999	Juwan Green	WR	
9999999	Juwan Thompson	RB	
9999999	K.D. Cannon	WR	
9999999	K.J. Brent	WR	
9999999	K.J. Costello	QB	
9999999	K.J. Maye	WR	
9999999	K.J. Osborn	WR	TEN
9999999	Ka'Deem Carey	RB	
9999999	Ka'Raun White	WR	
9999999	Kadarius Calloway	RB	TB
9999999	Kade Warner	WR	
9999999	Kaden Davis	WR	CHI
9999999	Kaden Wetjen	WR	PIT
9999999	Kadron Boone	WR	
9999999	Kaelin Clay	WR	
9999999	Kahale Warring	TE	
9999999	Kahlil Lewis	WR	
9999999	Kai De La Cruz	WR	
9999999	Kaidon Salter	QB	
9999999	Kain Colter	WR	
9999999	Kaleb Barker	QB	
9999999	Kalen Ballage	RB	
9999999	Kalif Phillips	RB	
9999999	Kalija Lipscomb	WR	
9999999	Kalil Pimpleton	WR	
9999999	Kamar Aiken	WR	
9999999	Kano Dillon	TE	
9999999	Kansei Matsuzawa	K	LV
9999999	Kapri Bibbs	RB	
9999999	Karel Hamilton	WR	
9999999	Karlos Williams	RB	
9999999	Kasen Williams	WR	
9999999	Kasey Closs	WR	
9999999	Kashif Moore	WR	
9999999	Kassim Osgood	WR	
9999999	Kayaune Ross	WR	
9999999	Kaylon Geiger	WR	
9999999	Kaylon Horton	WR	
9999999	Kearis Jackson	WR	
9999999	Keavon Milton	TE	
9999999	Keelan Doss	WR	
9999999	Keelan Marion	WR	ATL
9999999	Keenan Reynolds	WR	
9999999	Keenen Brown	TE	
9999999	Keeon Johnson	WR	
9999999	KeeSean Johnson	WR	
9999999	Keevan Lucas	WR	
9999999	Keilahn Harris	WR	
9999999	Keilan Robinson	RB	
9999999	Keith Ford	RB	
9999999	Keith Marshall	RB	
9999999	Keith Mumphery	WR	
9999999	Keith Towbridge	TE	
9999999	Keith Wenning	QB	
9999999	Keke Coutee	WR	
9999999	Kekoa Crawford	WR	
9999999	Keleki Latu	TE	BUF
9999999	Kellen Clemens	QB	
9999999	Kellen Davis	TE	
9999999	Kellen Moore	QB	
9999999	Kellen Winslow	TE	
9999999	Kelly Bryant	QB	
9999999	Kelsey Young	RB	
9999999	Kelvin Benjamin	WR	
9999999	Kelvin Taylor	RB	
9999999	Ken Seals	QB	
9999999	Kenbrell Thompkins	WR	
9999999	Kendal Thompson	WR	
9999999	Kendall Gaskins	RB	
9999999	Kendall Hinton	WR	
9999999	Kendall Hunter	RB	
9999999	Kendall Wright	WR	
9999999	Kendric Pryor	WR	CIN
9999999	Kendrick Ings	WR	
9999999	Kendrick Law	WR	DET
9999999	Kendrick Rogers	WR	
9999999	Kene Nwangwu	RB	NYJ
9999999	Kennard Backman	TE	
9999999	Kennedy Brooks	RB	
9999999	Kenneth Farrow	RB	
9999999	Kenneth Harper	RB	
9999999	Kenneth Walker	WR	
9999999	Kenny Bell	WR	
9999999	Kenny Britt	WR	
9999999	Kenny Cook	WR	
9999999	Kenny Fletcher	TE	TB
9999999	Kenny Hilliard	RB	
9999999	Kenny Lawler	WR	
9999999	Kenny Stills	WR	
9999999	Kent Taylor	TE	
9999999	Kentrel Bullock	RB	CIN
9999999	Kenzel Doe	WR	
9999999	Keon Hatcher	WR	
9999999	Kermit Whitfield	WR	
9999999	Kerwynn Williams	RB	
9999999	Keshawn Hill	RB	
9999999	Keshawn Martin	WR	
9999999	Kevin Brock	TE	
9999999	Kevin Cone	WR	
9999999	Kevin Davidson	QB	
9999999	Kevin Dorsey	WR	
9999999	Kevin Kassis	WR	
9999999	Kevin Kolb	QB	
9999999	Kevin Marks	RB	
9999999	Kevin Monangai	RB	
9999999	Kevin Norwood	WR	
9999999	Kevin O'Connell	QB	
9999999	Kevin Ogletree	WR	
9999999	Kevin Smith	WR	
9999999	Kevin Snead	WR	
9999999	Kevin Walter	WR	
9999999	Kevin White	WR	
9999999	KeVonn Mabon	WR	
9999999	Kevorian Barnes	RB	
9999999	Keyarris Garrett	WR	
9999999	Keytaon Thompson	WR	
9999999	KhaDarel Hodge	WR	SF
9999999	Khalan Laborn	RB	
9999999	Khalid Abdullah	RB	
9999999	Khalil Dinkins	TE	
9999999	Khalil Tate	WR	
9999999	Khiry Robinson	RB	
9999999	Kieren Duncan	WR	
9999999	Kinkead Dent	QB	
9999999	Kivon Cartwright	TE	
9999999	Knile Davis	RB	
9999999	Knowshon Moreno	RB	
9999999	Kobe McCrary	RB	
9999999	Kobe Prentice	WR	NE
9999999	Kolbe Katsis	WR	DEN
9999999	Kolby Listenbee	WR	
9999999	Kole Wilson	WR	CLE
9999999	Konrad Reuland	TE	
9999999	Korey Robertson	WR	
9999999	Kris Durham	WR	
9999999	Kris Leach	TE	
9999999	Kristian Wilkerson	WR	ATL
9999999	Kurt Warner	QB	
9999999	Kye Robichaux	RB	DET
9999999	Kyle Brindza	K	
9999999	Kyle Carter	TE	
9999999	Kyle Dixon	WR	NE
9999999	Kyle Lewis	WR	
9999999	Kyle Markway	TE	
9999999	Kyle Miller	TE	
9999999	Kyle Orton	QB	
9999999	Kyle Prater	WR	
9999999	Kyle Williams	WR	
9999999	Kyle Williams	WR	
9999999	Kylin Hill	RB	
9999999	Kyre Duplessis	WR	DEN
9999999	Kyrese Rowan	WR	DEN
9999999	Kyron Drones	QB	GB
9999999	Kyron Hudson	WR	CHI
9999999	L.J. Scott	RB	
9999999	L'Damian Washington	WR	
9999999	La'Damian Webb	RB	
9999999	Lache Seastrunk	RB	
9999999	Lacoltan Bester	WR	
9999999	LaDainian Tomlinson	RB	
9999999	Ladarius Green	TE	
9999999	Laith Marjan	K	PIT
9999999	Lamar Jordan	QB	
9999999	LaMichael James	RB	
9999999	Lance Dunbar	RB	
9999999	Lance Lenoir	WR	
9999999	Lance Lewis	WR	
9999999	Lance Moore	WR	
9999999	Landen Akers	WR	
9999999	Landon Lenoir	WR	
9999999	Landry Jones	QB	
9999999	Laron Byrd	WR	
9999999	Larry Clark	WR	
9999999	Larry Donnell	TE	
9999999	Larry Pinkard	WR	
9999999	Larry Rose	RB	
9999999	Larry Rountree	RB	
9999999	Latreal Jones	WR	
9999999	Lavance Taylor	RB	
9999999	Lavelle Hawkins	WR	
9999999	Lavon Coleman	RB	
9999999	Lawrence Cager	TE	WAS
9999999	Lawrence Thomas	RB	
9999999	Layne Pryor	TE	HOU
9999999	Le'Meke Brockington	WR	ATL
9999999	Leddie Brown	RB	
9999999	Lee Smith	TE	ATL
9999999	Lee Ward	RB	
9999999	LeGarrette Blount	RB	
9999999	Lenard Tillery	RB	
9999999	Lenny Krieg	K	
9999999	Leon Washington	RB	
9999999	Leonard Hankerson	WR	
9999999	Leonard Taylor	TE	
9999999	Leonte Carroo	WR	
9999999	LeRon McClain	RB	
9999999	LeShun Daniels	RB	
9999999	LeVante Bellamy	RB	
9999999	Levern Jacobs	WR	
9999999	Levi Lewis	QB	
9999999	Levi Norwood	WR	
9999999	Levi Wentz	WR	PIT
9999999	Levine Toilolo	TE	NYG
9999999	Levonte Whitfield	WR	
9999999	Lew Nichols	RB	PIT
9999999	Lewis Bond	WR	HOU
9999999	Lex Hilliard	RB	
9999999	Liam Clifford	WR	IND
9999999	Lincoln Sefcik	TE	
9999999	Lincoln Victor	WR	
9999999	Logan Kilgore	QB	
9999999	Logan Paulsen	TE	
9999999	Logan Stokes	TE	
9999999	Lorenzo Taliaferro	RB	
9999999	Louis Hansen	TE	
9999999	Louis Murphy	WR	
9999999	LT Smith	WR	
9999999	Lucas Krull	TE	DEN
9999999	Lucky Whitehead	WR	
9999999	Lujuan Winningham	WR	
9999999	Luke Drzewiecki	K	
9999999	Luke Falk	QB	
9999999	Luke Floriea	WR	CLE
9999999	Luke Lundy	RB	
9999999	Luke McCown	QB	
9999999	Luke Wysong	WR	
9999999	Lynn Bowden	WR	
9999999	M Harris	WR	
9999999	M.J. McFarland	TE	
9999999	Mac Dalena	WR	BUF
9999999	Mack Brown	RB	
9999999	Malachi Dupre	WR	
9999999	Malachi Jones	WR	
9999999	Malcolm Brown	RB	
9999999	Malcolm Epps	TE	
9999999	Malcolm Lewis	WR	
9999999	Malcolm Mitchell	WR	
9999999	Malcolm Perry	WR	
9999999	Malcom Floyd	WR	
9999999	Malick Meiga	WR	CAR
9999999	Malik Heath	WR	ATL
9999999	Malik Henry	WR	
9999999	Malik McClain	WR	NYJ
9999999	Malik Rutherford	WR	
9999999	Malik Williams	RB	
9999999	Malik Williams	WR	
9999999	Manasseh Bailey	WR	
9999999	Manasseh Garner	WR	
9999999	Mandel Dixon	TE	
9999999	Manny Wilkins	QB	
9999999	Mante Morrow	WR	LAC
9999999	Marc Mariani	WR	
9999999	Marcel Jensen	TE	
9999999	Marcelias Sutton	RB	
9999999	Marcell Ateman	WR	
9999999	Marchie Murdock	WR	
9999999	Marcus Burke	WR	
9999999	Marcus Cooper	RB	
9999999	Marcus Easley	WR	
9999999	Marcus Johnson	WR	
9999999	Marcus Leak	WR	
9999999	Marcus Lucas	WR	
9999999	Marcus Marshall	RB	
9999999	Marcus Martin	RB	
9999999	Marcus Peterson	WR	
9999999	Marcus Sanders	WR	MIN
9999999	Marcus Santos-Silva	TE	
9999999	Marcus Simms	WR	
9999999	Marcus Thigpen	WR	
9999999	Marcus Tucker	WR	
9999999	Mario Alford	WR	
9999999	Mario Hull	WR	
9999999	Mario Manningham	WR	
9999999	Mario Williams	WR	LAR
9999999	Marion Grice	RB	
9999999	Mark Chapman	WR	
9999999	Mark Gronowski	QB	
9999999	Mark Redman	TE	LAR
9999999	Mark Sanchez	QB	
9999999	Mark Thompson	RB	
9999999	Mark Vital	TE	
9999999	Mark Walton	RB	
9999999	Mark Weisman	RB	
9999999	Marken Michel	WR	
9999999	Markese Stepp	RB	
9999999	Markus Wheaton	WR	
9999999	Marlon Brown	WR	
9999999	Marlon Mack	RB	
9999999	Marlon Moore	WR	
9999999	MarQueis Gray	TE	
9999999	Marques Colston	WR	
9999999	Marquess Wilson	WR	
9999999	Marquez Clark	WR	
9999999	Marquez North	WR	
9999999	Marquez Stevenson	WR	
9999999	Marquis Bundy	WR	
9999999	Marquis Young	RB	
9999999	Marquise Williams	QB	
9999999	Marshall Koehn	K	
9999999	Marshall Morgan	K	
9999999	Marshaun Coprich	RB	
9999999	Martellus Bennett	TE	
9999999	Martez Carter	RB	
9999999	Marvelle Ross	WR	
9999999	Marvin Bracy	WR	
9999999	Marvin Hall	WR	
9999999	Mason Fine	QB	
9999999	Mason Kinsey	WR	TEN
9999999	Mason Pline	TE	KC
9999999	Mason Schreck	TE	
9999999	Mason Shipley	K	
9999999	Master Teague	RB	
9999999	Mathieu Severance	RB	
9999999	Matt Ammendola	K	
9999999	Matt Asiata	RB	
9999999	Matt Blanchard	QB	
9999999	Matt Bryant	K	
9999999	Matt Cassel	QB	
9999999	Matt Colburn	RB	
9999999	Matt Colburn	RB	
9999999	Matt Flanagan	TE	
9999999	Matt Flynn	QB	
9999999	Matt Forte	RB	
9999999	Matt Hasselbeck	QB	
9999999	Matt Hazel	WR	
9999999	Matt Jones	RB	
9999999	Matt LaCosse	TE	NE
9999999	Matt Lauter	TE	
9999999	Matt Linehan	QB	
9999999	Matt Simms	QB	
9999999	Matt Spaeth	TE	
9999999	Matt Weiser	TE	
9999999	Matthew Caldwell	QB	LAR
9999999	Matthew Dayes	RB	
9999999	Matthew Eaton	WR	
9999999	Matthew McGloin	QB	
9999999	Matthew Mulligan	TE	
9999999	Matthew Slater	WR	
9999999	Matthew Tucker	RB	
9999999	Maurice Alexander	WR	CHI
9999999	Maurice Jones-Drew	RB	
9999999	Max Bredeson	TE	MIN
9999999	Max McCaffrey	WR	
9999999	Max Tomczak	WR	BUF
9999999	Max Wittek	QB	
9999999	Maxx Williams	TE	
9999999	McLeod Bethel-Thompson	QB	
9999999	Mekale McKay	WR	
9999999	Mekhi Mews	WR	
9999999	Mekhi Sargent	RB	
9999999	Micah Wright	WR	
9999999	Michael Bennett	WR	
9999999	Michael Briscoe	WR	MIN
9999999	Michael Campanaro	WR	
9999999	Michael Clark	WR	
9999999	Michael Colubiale	TE	
9999999	Michael Cooper	TE	
9999999	Michael Cox	RB	
9999999	Michael Crabtree	WR	
9999999	Michael Dereus	WR	
9999999	Michael Dyer	RB	
9999999	Michael Egnew	TE	
9999999	Michael Floyd	WR	
9999999	Michael Ford	RB	
9999999	Michael Herzog	RB	
9999999	Michael Hiers	QB	
9999999	Michael Hill	RB	
9999999	Michael Hoomanawanui	TE	
9999999	Michael Johnson	WR	
9999999	Michael Miller	TE	
9999999	Michael Preston	WR	
9999999	Michael Rector	WR	
9999999	Michael Robinson	RB	
9999999	Michael Vick	QB	
9999999	Michael Williams	TE	
9999999	Michael Wortham	WR	JAX
9999999	Micheal Spurlock	WR	
9999999	Mickey Shuler	TE	
9999999	Micky Crum	TE	
9999999	Mik'Quan Deane	TE	
9999999	Mike Bercovici	QB	
9999999	Mike Brown	WR	
9999999	Mike DiLiello	QB	
9999999	Mike Estes	TE	
9999999	Mike Gillislee	RB	
9999999	Mike Hartline	QB	
9999999	Mike James	RB	
9999999	Mike Kafka	QB	
9999999	Mike McFarland	TE	
9999999	Mike Meyer	K	
9999999	Mike Nugent	K	
9999999	Mike Thomas	WR	
9999999	Mike Wallace	WR	
9999999	Mike Williams	WR	
9999999	Mikey Daniel	RB	
9999999	Miles Austin	WR	
9999999	Miles Davis	RB	CAR
9999999	Miles Kitselman	TE	DET
9999999	Miles Shuler	WR	
9999999	Milton Williams	WR	
9999999	Milton Wright	WR	
9999999	Mitch Leidner	QB	
9999999	Mitch Mathews	WR	
9999999	Mitchell Henry	TE	
9999999	Mitchell Paige	WR	
9999999	Mo Alie-Cox	TE	IND
9999999	Montario Hunter	WR	
9999999	Montay Crockett	WR	
9999999	Montee Ball	RB	
9999999	Montorie Foster	WR	SEA
9999999	Monty Madaris	WR	
9999999	Moral Stephens	TE	
9999999	Moritz Bohringer	TE	
9999999	Mose Frazier	WR	
9999999	Mychal Rivera	TE	
9999999	Myles Montgomery	RB	NE
9999999	Myles White	WR	
9999999	Napoleon Maxwell	RB	
9999999	Nate Adkins	TE	DEN
9999999	Nate Becker	TE	
9999999	Nate Iese	TE	
9999999	Nate Stanley	QB	
9999999	Nate Washington	WR	
9999999	Nate Wieting	TE	
9999999	Nathan Carter	RB	ATL
9999999	Nathan Cottrell	RB	
9999999	Nathan Palmer	WR	
9999999	Naz Bohannon	TE	
9999999	Neal Sterling	TE	
9999999	Neil Pau'u	WR	
9999999	Nelson Spruce	WR	
9999999	Nic Jacobs	TE	
9999999	Nic Shimonek	QB	
9999999	Nick Boyle	TE	
9999999	Nick Brossette	RB	
9999999	Nick DeGennaro	WR	NE
9999999	Nick DeLuca	TE	
9999999	Nick Easley	WR	
9999999	Nick Fitzgerald	QB	
9999999	Nick Guggemos	TE	
9999999	Nick Harwell	WR	
9999999	Nick Holley	WR	
9999999	Nick Kasa	TE	
9999999	Nick Muse	TE	DET
9999999	Nick Novak	K	
9999999	Nick Ralston	RB	
9999999	Nick Rose	K	
9999999	Nick Schuessler	QB	PIT
9999999	Nick Tiano	QB	
9999999	Nick Toon	WR	
9999999	Nick Truesdell	TE	
9999999	Nick Vannett	TE	SEA
9999999	Nick Vogel	K	
9999999	Nick Williams	WR	DEN
9999999	Nico Evans	RB	
9999999	Nigel King	WR	
9999999	Nikko Remigio	WR	KC
9999999	Niles Paul	TE	
9999999	Noah Rauschenberg	K	
9999999	Noah Short	WR	
9999999	Noah Whittington	RB	HOU
9999999	Noel Thomas	WR	
9999999	Nolan Henderson	QB	
9999999	Nsimba Webster	WR	
9999999	Nyqwan Murray	WR	
9999999	Octavian Smith	WR	BAL
9999999	Oliver Martin	WR	
9999999	Omari Evans	WR	KC
9999999	Omari Kelly	WR	CHI
9999999	Ontaria Wilson	WR	
9999999	Orleans Darkwa	RB	
9999999	Orson Charles	TE	
9999999	Osirus Mitchell	WR	
9999999	Owen Daniels	TE	
9999999	Papi White	WR	
9999999	Parker Houston	TE	
9999999	Parker White	K	
9999999	Pat Conroy	TE	
9999999	Pat Devlin	QB	
9999999	Patrick Carr	RB	
9999999	Patrick Gurd	TE	LV
9999999	Patrick Laird	RB	
9999999	Patrick Murray	K	
9999999	Paul Browning	WR	
9999999	Paul Butler	TE	
9999999	Paul Geelen	K	
9999999	Paul Lang	TE	
9999999	Paul Lasike	RB	
9999999	Paul McRoberts	WR	
9999999	Paul Perkins	RB	
9999999	Paul Turner	WR	
9999999	Peewee Jarrett	QB	
9999999	Penny Hart	WR	
9999999	Percy Harvin	WR	
9999999	Pete Guerriero	RB	
9999999	Peter Pujals	QB	
9999999	Peyton Barber	RB	
9999999	Peyton Hendershot	TE	
9999999	Peyton Hillis	RB	
9999999	Peyton Manning	QB	
9999999	Pharaoh Brown	TE	IND
9999999	Pharoah McKever	TE	
9999999	Pharoh Cooper	WR	
9999999	Phazahn Odom	TE	
9999999	Phil Dawson	K	
9999999	Phillip Andersen	K	
9999999	Phillip Sims	QB	
9999999	Phillip Supernaw	TE	
9999999	Phillip Tanner	RB	
9999999	Pierre Garcon	WR	
9999999	Pierre Thomas	RB	
9999999	Pig Howard	WR	
9999999	Preston Parker	WR	
9999999	Preston Williams	WR	
9999999	Princeton Fant	TE	DAL
9999999	Qadir Ismail	WR	CHI
9999999	Qadree Ollison	RB	
9999999	Qualan Jones	RB	
9999999	Quan Bray	WR	
9999999	Quartney Davis	WR	
9999999	Quayvon Hicks	RB	
9999999	Quentin Moore	TE	WAS
9999999	Quenton Bundrage	WR	
9999999	Quez Watkins	WR	PHI
9999999	Quincy Adeboyejo	WR	
9999999	Quincy McDuffie	WR	
9999999	Quinshad Davis	WR	
9999999	Quintin Morris	TE	JAX
9999999	Quinton Flowers	QB	
9999999	Quinton Patton	WR	
9999999	Quron Pratt	WR	
9999999	R.J. Shelton	WR	
9999999	Raheem Blackshear	RB	DET
9999999	Rajion Neal	RB	
9999999	Ralph Webb	RB	
9999999	Ramel Keyton	WR	
9999999	Randall Telfer	TE	
9999999	Rannell Hall	WR	
9999999	Raphael Leonard	WR	
9999999	Rashad Greene	WR	
9999999	Rashad Jennings	RB	
9999999	Rashad Lawrence	WR	
9999999	Rashad Medaris	WR	
9999999	Rashad Rochelle	WR	SEA
9999999	Rashad Ross	WR	
9999999	Rashard Davis	WR	
9999999	Rashard Higgins	WR	
9999999	Rashard Mendenhall	RB	
9999999	Rashaun Allen	TE	
9999999	Rashaun Simonise	WR	
9999999	Rashawn Scott	WR	
9999999	Rasheed Bailey	WR	
9999999	Rasheed Williams	RB	
9999999	Ray Gene smith	RB	
9999999	Ray Hamilton	TE	
9999999	Ray Lawry	RB	
9999999	Ray Rice	RB	
9999999	Raylen Sharpe	WR	IND
9999999	Raymond Calais	RB	
9999999	Redd Douglas	WR	
9999999	Redford Jones	K	
9999999	Reece Horn	WR	
9999999	Reggie Bell	WR	
9999999	Reggie Bonnafon	RB	
9999999	Reggie Brown	WR	
9999999	Reggie Brown	TE	
9999999	Reggie Bush	RB	
9999999	Reggie Corbin	RB	
9999999	Reggie Davis	WR	
9999999	Reggie Davis	WR	
9999999	Reggie Diggs	WR	
9999999	Reggie Dunn	WR	
9999999	Reggie Gilliam	RB	NE
9999999	Reggie Wayne	WR	
9999999	Reggie White	WR	
9999999	Reid Sinnett	QB	
9999999	Rex Burkhead	RB	
9999999	Rex Grossman	QB	
9999999	Rhett Ellison	TE	
9999999	Rian Lindell	K	
9999999	Ricardo Lockette	WR	
9999999	Richard Gordon	TE	
9999999	Richard Mullaney	WR	
9999999	Richard Rodgers	TE	
9999999	Richie Brockel	TE	
9999999	Ricky Collins	WR	
9999999	Ricky Jeune	WR	
9999999	Ricky Seale	RB	
9999999	Ricky Stanzi	QB	
9999999	Rico Bussey	WR	
9999999	Rico Gafford	WR	
9999999	Rico Gathers	TE	
9999999	Rico Richardson	WR	
9999999	Riley Cooper	WR	
9999999	Riley Ferguson	QB	
9999999	Riley McCarron	WR	
9999999	Riley Neal	QB	
9999999	Riley Nowakowski	TE	PIT
9999999	Rishard Matthews	WR	
9999999	Rivaldo Fairweather	TE	ARI
9999999	River Cracraft	WR	WAS
9999999	RJ Archer	QB	
9999999	RJ Harris	WR	
9999999	RJ Maryland	TE	GB
9999999	RJ Mobley	WR	
9999999	Rob Blanchflower	TE	
9999999	Rob Housler	TE	
9999999	Rob Kelley	RB	
9999999	Robert Burns	RB	
9999999	Robert Foster	WR	
9999999	Robert Herron	WR	
9999999	Robert Martin	RB	
9999999	Robert Meachem	WR	
9999999	Robert Turbin	RB	
9999999	Robert Wheelwright	WR	
9999999	Roberto Aguayo	K	
9999999	Roc Taylor	WR	CAR
9999999	Roc Thomas	RB	
9999999	Rod Streater	WR	
9999999	Roddy White	WR	
9999999	Rodney Adams	WR	
9999999	Rodney Hammond	RB	DEN
9999999	Rodney Smith	WR	
9999999	Rodney Smith	RB	
9999999	Roger Carter	TE	
9999999	Roger Lewis	WR	
9999999	Rohan Jones	TE	LAR
9999999	Romar Morris	RB	
9999999	Romell Guerrier	WR	
9999999	Romello Brinson	WR	
9999999	Romello Brooker	TE	
9999999	Ron'quavion Tarver	WR	
9999999	Ronald Awatt	RB	
9999999	Ronald Jones	RB	
9999999	Ronnie Brown	RB	
9999999	Ronnie Brown	RB	
9999999	Ronnie Hillman	RB	
9999999	Ronnie Rivers	RB	LAR
9999999	Ronnie Shields	TE	
9999999	Rory Anderson	TE	
9999999	Rory Starkey	WR	
9999999	Ross Martin	K	
9999999	Ross Scheuerman	RB	
9999999	Ross Travis	TE	
9999999	Roy Helu	RB	
9999999	Roydell Williams	RB	IND
9999999	Rueben Randle	WR	
9999999	Rushel Shell	RB	
9999999	Russell Hansbrough	RB	
9999999	Ryan Broyles	WR	
9999999	Ryan Davis	WR	
9999999	Ryan Fitzpatrick	QB	
9999999	Ryan Green	RB	
9999999	Ryan Griffin	TE	
9999999	Ryan Hewitt	TE	
9999999	Ryan Izzo	TE	
9999999	Ryan Jones	TE	
9999999	Ryan Lankford	WR	
9999999	Ryan Lindley	QB	
9999999	Ryan Malleck	TE	
9999999	Ryan Mallett	QB	
9999999	Ryan Mathews	RB	
9999999	Ryan Miller	WR	NYG
9999999	Ryan Nassib	QB	
9999999	Ryan O'Malley	TE	
9999999	Ryan Otten	TE	
9999999	Ryan Smith	TE	
9999999	Ryan Spadola	WR	
9999999	Ryan Switzer	WR	
9999999	Ryan Taylor	TE	
9999999	Ryan Whalen	WR	
9999999	Ryan Williams	RB	
9999999	Ryan Willis	QB	
9999999	Ryan Yurachek	TE	
9999999	Ryquell Armstead	RB	
9999999	Rysen John	TE	
9999999	Saalim Hakim	WR	
9999999	Saeed Blacknall	WR	
9999999	Sahmir Hagans	WR	IND
9999999	Sam Bradford	QB	
9999999	Sam Cotton	TE	
9999999	Sam James	WR	
9999999	Sam Scott	RB	NYJ
9999999	Sam Wiglusz	WR	
9999999	Sammie Coates	WR	
9999999	Sammis Reyes	TE	
9999999	Samori Toure	WR	PHI
9999999	Samson Evans	RB	
9999999	Santana Moss	WR	
9999999	Santonio Holmes	WR	
9999999	Savon Scarver	WR	
9999999	Sawyer Robertson	QB	
9999999	Scott Chandler	TE	
9999999	Scott Orndoff	TE	
9999999	Scott Simonson	TE	
9999999	Scott Tolzien	QB	
9999999	Sean Brown	WR	
9999999	Sean McGrath	TE	
9999999	Sean McKeon	TE	IND
9999999	Sean Modster	WR	
9999999	Sean Renfree	QB	
9999999	Sean Riley	WR	
9999999	Sean Ryan	TE	
9999999	Seantavius Jones	WR	
9999999	Sebastian Janikowski	K	
9999999	Sefo Liufau	QB	
9999999	Seneca Wallace	QB	
9999999	Sergio Bailey	WR	
9999999	Sergio Bailey II	WR	
9999999	Seth Dawkins	WR	
9999999	Seth Lobato	QB	
9999999	Seydou Traore	TE	MIA
9999999	Seyi Ajirotutu	WR	
9999999	Shae Wyatt	WR	
9999999	Shakeir Ryan	WR	
9999999	Shakim Phillips	WR	
9999999	Shaleak Knotts	WR	
9999999	Shane Carden	QB	
9999999	Shane Leatherbury	WR	
9999999	Shane Vereen	RB	
9999999	Shane Wimann	RB	
9999999	Shane Wynn	WR	
9999999	Shannon Brooks	RB	
9999999	Shaq Hill	WR	
9999999	Shaquelle Evans	WR	
9999999	Shaun Beyer	TE	
9999999	Shaun Draughn	RB	
9999999	Shaun Hill	QB	
9999999	Shaun Suisham	K	
9999999	Shawn Bane	WR	
9999999	Shawn Poindexter	WR	
9999999	Shay Fields	WR	
9999999	Shayne Graham	K	
9999999	Shea Patterson	QB	
9999999	Sherman Badie	RB	
9999999	Shermari Jones	RB	
9999999	Shi Smith	WR	
9999999	Shonn Greene	RB	
9999999	Siaosi Mariner	WR	
9999999	Sidney Rice	WR	
9999999	Silas Redd	RB	
9999999	Simi Fehoko	WR	ARI
9999999	Simmie Cobbs	WR	
9999999	Sincere Brown	WR	LAC
9999999	Sione Houma	RB	
9999999	Sirgeo Hoffman	RB	
9999999	Skye Dawson	WR	
9999999	Skyler Howard	QB	SEA
9999999	Slade Bolden	WR	
9999999	Solomon Patton	WR	
9999999	Soma Vainuku	RB	
9999999	Speedy Noil	WR	
9999999	Spencer Brown	RB	
9999999	Spencer Larsen	RB	
9999999	Spencer Sanders	QB	
9999999	Squirrel White	WR	
9999999	Stacy Coley	WR	
9999999	Stanley Williams	RB	
9999999	Stedman Bailey	WR	
9999999	Stepfan Taylor	RB	
9999999	Stephen Anderson	TE	
9999999	Stephen Baggett	TE	
9999999	Stephen Gosnell	WR	BUF
9999999	Stephen Guidry	WR	
9999999	Stephen Hill	WR	
9999999	Stephen Houston	RB	
9999999	Stephen Louis	WR	
9999999	Stephen Morris	QB	
9999999	Stephon Robinson	WR	
9999999	Stetson Bennett	QB	LAR
9999999	Stevan Ridley	RB	
9999999	Steve Johnson	WR	
9999999	Steve Maneri	TE	
9999999	Steve Smith	WR	
9999999	Steven Dunbar	WR	
9999999	Steven Jackson	RB	
9999999	Steven Montez	QB	
9999999	Steven Scheu	TE	
9999999	Steven Wroblewski	TE	
9999999	Stevie Donatell	TE	
9999999	Stone Eby	TE	
9999999	Stone Smartt	TE	PHI
9999999	Storm Johnson	RB	
9999999	Swayze Waters	K	
9999999	Sy Barnett	WR	
9999999	Synjyn Days	RB	
9999999	T.J. Jones	WR	
9999999	T.J. Linta	QB	
9999999	T.J. Logan	RB	
9999999	T.J. Pledger	RB	
9999999	T.J. Rahming	WR	
9999999	T.J. Yates	QB	
9999999	Taiwan Deal	RB	
9999999	Taj McGowan	RB	
9999999	Taj Williams	WR	
9999999	Tajh Boyd	QB	
9999999	Talik Keaton	WR	
9999999	Talolo Limi-Jones	WR	
9999999	TaMerik Williams	RB	
9999999	Tandon Doss	WR	
9999999	Tanner Arkin	TE	NE
9999999	Tanner Gentry	WR	
9999999	Tanner Lee	QB	
9999999	Tanner McEvoy	WR	
9999999	Tarvaris Jackson	QB	
9999999	Taryn Christion	QB	
9999999	Tashard Choice	RB	
9999999	Tavarres King	WR	
9999999	Tavonn Salter	WR	
9999999	Tay Martin	WR	DET
9999999	Taye Barber	WR	
9999999	Taylor Bertolet	K	
9999999	Taylor Cornelius	QB	
9999999	Taylor Gabriel	WR	
9999999	Taylor Grimes	WR	
9999999	Taylor McNamara	TE	
9999999	Taylor Pontius	K	
9999999	Taylor Sloat	TE	
9999999	Taylor Thompson	TE	
9999999	TD Ayo-Durojaiye	RB	
9999999	Ted Bolser	TE	
9999999	Temarrick Hemingway	TE	WAS
9999999	Teo Redding	WR	
9999999	Terion Stewart	RB	KC
9999999	Terrance West	RB	
9999999	Terrance Williams	WR	
9999999	Terrell Newby	RB	
9999999	Terrell Sinkfield	WR	
9999999	Terrell Watson	RB	
9999999	Terrelle Pryor	WR	
9999999	Terrence Franks	RB	
9999999	Terrence Magee	RB	
9999999	Terrill Davis	WR	MIN
9999999	Terron Ward	RB	
9999999	Terry Godwin	WR	
9999999	Terry Swanson	RB	
9999999	Terry Williams	RB	
9999999	Terry Wright	WR	
9999999	Tevaun Smith	WR	
9999999	Tevin Coleman	RB	
9999999	Tevin Reese	WR	
9999999	Tevin Westbrook	TE	
9999999	Thaddeus Lewis	QB	
9999999	Thomas Duarte	TE	
9999999	Thomas Hennigan	WR	
9999999	Thomas Howard	K	
9999999	Thomas Ives	WR	CHI
9999999	Thomas Rawls	RB	
9999999	Tim Cook	RB	
9999999	Tim Hightower	RB	
9999999	Tim Jones	WR	JAX
9999999	Tim Semisch	TE	
9999999	Tim Tebow	TE	
9999999	Tim Wilson	WR	
9999999	Timothy Flanders	RB	
9999999	Timothy Wright	TE	
9999999	Tion Green	RB	
9999999	Tip Reiman	TE	ARI
9999999	Titus Davis	WR	
9999999	TJ Harden	RB	SEA
9999999	TJ Thorpe	WR	
9999999	Tobais Palmer	WR	
9999999	Toby Gerhart	RB	
9999999	Tom Flacco	QB	
9999999	Tom Kennedy	WR	DET
9999999	Tom Obarski	K	
9999999	Tom Savage	QB	
9999999	Tommy Armstrong Jr.	QB	
9999999	Tommy Hudson	TE	
9999999	Tommy Streeter	WR	
9999999	Tommy Sweeney	TE	
9999999	Tommy Thomas	WR	
9999999	Tommylee Lewis	WR	
9999999	Tony Brown	WR	
9999999	Tony Creecy	RB	
9999999	Tony Johnson	K	
9999999	Tony Jones	WR	
9999999	Tony Moeaki	TE	
9999999	Tony Romo	QB	
9999999	Tony Scheffler	TE	
9999999	Tony Stevens	WR	
9999999	Tony Washington	WR	
9999999	Torrence Allen	WR	
9999999	Torrey Smith	WR	
9999999	Tra Barnett	RB	
9999999	Traeshon Holden	WR	DAL
9999999	Travaris Cadet	RB	
9999999	Travell Harris	WR	
9999999	Travin Dural	WR	
9999999	Travis Benjamin	WR	
9999999	Travis Coons	K	
9999999	Travis Fulgham	WR	
9999999	Travis Harvey	WR	
9999999	Travis Jonsen	WR	
9999999	Travis Labhart	WR	
9999999	Travis Rudolph	WR	
9999999	Travis Toivonen	WR	
9999999	Travis Vokolek	TE	ARI
9999999	Travis Wilson	TE	
9999999	Travon McMillian	RB	
9999999	Trayone Gray	RB	
9999999	Trayveon Williams	RB	
9999999	Trayvon Rudolph	WR	MIN
9999999	Tre Ford	QB	
9999999	Tre Harbison	RB	
9999999	Tre Madden	RB	
9999999	Tre Mason	RB	
9999999	Tre McBride	WR	
9999999	Tre Mosley	WR	
9999999	Tre Nixon	WR	
9999999	Tre Turner	WR	
9999999	Tre Watson	TE	KC
9999999	Trent Battle	RB	
9999999	Trent Edwards	QB	
9999999	Trent Howland	RB	
9999999	Trent Richardson	RB	
9999999	Trent Sherfield	WR	BUF
9999999	Trent Steelman	WR	
9999999	Trenton Cannon	RB	
9999999	Trestan Ebner	RB	
9999999	Treveyon Pratt	WR	
9999999	Trevion Thompson	WR	
9999999	Trevon Clark	WR	
9999999	Trevone Boykin	QB	
9999999	Trevontae Hights	WR	
9999999	Trevor Graham	WR	
9999999	Trevor Harman	WR	
9999999	Trevor Knight	QB	
9999999	Trevor Wood	TE	
9999999	Trey Burton	TE	
9999999	Trey Edmunds	RB	
9999999	Trey Griffey	WR	
9999999	Trey Millard	RB	
9999999	Trey Potts	RB	
9999999	Trey Watts	RB	
9999999	Trey Williams	RB	
9999999	Treyton Pickering	TE	
9999999	Treyton Welch	TE	NO
9999999	Treyvhon Saunders	WR	HOU
9999999	Trindon Holliday	WR	
9999999	Trinity Benson	WR	
9999999	Tristan Vizcaino	K	
9999999	Troy Mangen	TE	
9999999	Troy Niklas	TE	
9999999	Troy Williams	QB	
9999999	Tru Edwards	WR	LAR
9999999	Ty Pezza	TE	BAL
9999999	Tyler Davis	K	
9999999	Tyler Ferguson	QB	
9999999	Tyler Gaffney	RB	
9999999	Tyler Harrell	WR	
9999999	Tyler Hoosman	RB	
9999999	Tyler Hoppes	TE	
9999999	Tyler Hudson	WR	
9999999	Tyler Johnson	WR	DAL
9999999	Tyler Kroft	TE	
9999999	Tyler McCloskey	RB	
9999999	Tyler McDonald	WR	
9999999	Tyler Moore	TE	
9999999	Tyler Murphy	WR	
9999999	Tyler Renew	RB	
9999999	Tyler Rutenbeck	WR	
9999999	Tyler Simmons	WR	
9999999	Tyler Slavin	WR	
9999999	Tyler Snead	WR	
9999999	Tyler Thigpen	RB	
9999999	Tyler Varga	RB	
9999999	Tyre Brady	WR	
9999999	Tyree Mayfield	TE	
9999999	Tyreik McAllister	RB	
9999999	Tyren Montgomery	WR	TEN
9999999	Tyrone Broden	WR	
9999999	Tyrone Swoopes	TE	
9999999	Tyshaun James	WR	
9999999	Uzoma Nwachukwu	WR	
9999999	Valdez Showers	WR	
9999999	Valentine Holmes	RB	
9999999	Valentino Ambrosio	K	
9999999	Velus Jones	WR	SEA
9999999	Vernon Davis	TE	
9999999	Vernon Johnson	WR	
9999999	Vick Ballard	RB	
9999999	Victor Bolden	WR	
9999999	Victor Cruz	WR	
9999999	Vince Mayle	TE	
9999999	Vince Young	QB	
9999999	Vincent Blanchard	K	
9999999	Vincent Brown	WR	
9999999	Vincent Jackson	WR	
9999999	Vincent Testaverde	QB	
9999999	Visanthe Shiancoe	TE	
9999999	Vonta Leach	RB	
9999999	Vyncint Smith	WR	
9999999	Walter Powell	WR	
9999999	Warren Jackson	WR	
9999999	Wayne Ruby	WR	
9999999	Wendall Williams	WR	
9999999	Wes Lunt	QB	
9999999	Wes Saxton	TE	
9999999	Wes Welker	WR	
9999999	Wesley Grimes	WR	SF
9999999	Whop Philyor	WR	
9999999	Will Ferrin	K	
9999999	Will Johnson	TE	
9999999	Will Kacmarek	TE	MIA
9999999	Will Mallory	TE	IND
9999999	Will Pauling	WR	SF
9999999	Will Sheppard	WR	GB
9999999	Will Tye	TE	
9999999	William Stanback	RB	
9999999	William Thompson	QB	
9999999	Willie Johnson	WR	
9999999	Willis McGahee	RB	
9999999	Wilton Speight	QB	
9999999	Winston Wright	WR	
9999999	Wyatt Houston	TE	CAR
9999999	Xavier Loyd	WR	KC
9999999	Xavier Rush	WR	
9999999	Xavier Turner	RB	
9999999	Xavier Ubosi	WR	
9999999	Xavier White	WR	
9999999	Zac Brooks	RB	
9999999	Zac Dysert	QB	
9999999	Zac Stacy	RB	
9999999	Zach Conque	QB	
9999999	Zach D'Orazio	WR	
9999999	Zach Hocker	K	
9999999	Zach Horton	TE	DET
9999999	Zach Laskey	RB	
9999999	Zach Mettenberger	QB	
9999999	Zach Miller	TE	
9999999	Zach Miller	TE	
9999999	Zach Olstad	RB	
9999999	Zach Sudfeld	TE	
9999999	Zach Terrell	QB	BAL
9999999	Zach Zenner	RB	
9999999	Zack Kuntz	TE	DAL
9999999	ZaQuandre White	RB	
9999999	Zavion Thomas	WR	CHI
9999999	Zay Jones	WR	
9999999	Zay Malone	WR	
9999999	Zimari Manning	WR	
9999999	Zurlon Tipton	RB	