"id","playerId","firstName","lastName","adp","projectedPoints","salary","positionRank","slotName","teamName","lineupStatus","byeWeek"
"1cfdf90a-651e-4b9e-873e-cbd484d55746","2b0cbe83-48a2-41b0-b03f-42180cfc4b77","Bijan","Robinson","1.0","326.9","100","RB1","RB","Atlanta Falcons",,
"daed368c-78ce-498e-91fc-3c451a1e01d5","ae8f738f-a91d-4ee1-b13c-d0228fdb5016","Jahmyr","Gibbs","2.0","331.4","100","RB2","RB","Detroit Lions",,
"d07e1cc0-de8d-4b7b-98d2-4ba8de674c7e","cb7b1dc6-91ce-47b8-813c-07486371a922","Christian","McCaffrey","3.0","295.0","99","RB3","RB","San Francisco 49ers",,
"5d1ab4fe-6eb1-45b0-8352-33f55a1a93ca","e442b551-f8b9-42d2-bf92-677aee7e9a79","Puka","Nacua","4.0","312.5","99","WR1","WR","Los Angeles Rams",,
"6293308b-89e2-4583-b328-05586b55a37e","c2f61e40-f9fa-4050-b955-9b236bcceeed","Jaxon","Smith-Njigba","5.0","284.6","98","WR2","WR","Seattle Seahawks",,
"110624b1-49e4-47b2-8f7c-40a4ad86f6e0","19818cc6-e21b-4258-9315-93cb64fb92e7","Ja'Marr","Chase","6.0","311.1","98","WR3","WR","Cincinnati Bengals",,
"1918e4de-4310-4a92-8378-49527a1231c2","8b9ad544-0e96-4b38-9b59-c293e3aadf39","Jonathan","Taylor","7.0","274.3","97","RB4","RB","Indianapolis Colts",,
"876948fa-b961-42a9-a895-1095155d6789","b4d7a866-815f-40c1-8f76-7608b4ab1c01","Amon-Ra","St. Brown","8.0","280.5","97","WR4","WR","Detroit Lions",,
"fa28e537-e8ab-40bc-a362-7b9707d9cdba","4de8084d-aa1a-43c7-9676-0def5b39e980","CeeDee","Lamb","9.0","270.5","96","WR5","WR","Dallas Cowboys",,
"1b23bd5a-dceb-46ee-a8e0-52eefdd6ec35","d61fb310-35c9-4f90-a99c-fb4605a870f4","Justin","Jefferson","10.0","250.4","96","WR6","WR","Minnesota Vikings",,
"175b4799-eff8-41a3-a40f-b28f02620257","99398db6-2ffb-42e9-bdb0-4312a399ab08","Josh","Allen","11.0","363.5","95","QB1","QB","Buffalo Bills",,
"914f7386-32f9-48e8-815b-f4acb56a6e74","aa48a0ad-1d71-4d09-a86a-1e6e1987d911","Saquon","Barkley","12.0","246.7","95","RB5","RB","Philadelphia Eagles",,
"85331502-f596-48ce-a462-d018c910db44","6f3725e1-d57e-4516-8d71-cf7e3328267d","Brock","Bowers","13.0","253.5","94","TE1","TE","Las Vegas Raiders",,
"68b38b5d-6b71-4e10-8e48-eb9246ec3604","6691d6ae-d453-45d2-9604-4120271a1259","Ashton","Jeanty","14.0","263.5","94","RB6","RB","Las Vegas Raiders",,
"37c991d6-7135-4578-ae58-615cf5c2f583","7b434d3b-e0f9-40f1-bedd-51f973c59c5f","James","Cook","15.0","262.8","94","RB7","RB","Buffalo Bills",,
"7a7eb518-1887-4d0e-b1f2-327435590188","9edce99f-fad8-4de1-9e20-435b3d12c310","Lamar","Jackson","16.0","332.0","93","QB2","QB","Baltimore Ravens",,
"fc6fbc40-b581-4eaf-bdf6-9e8d22f3f48d","e8312b02-cf05-4abd-808d-33a115a6b29c","Chase","Brown","17.0","259.2","93","RB8","RB","Cincinnati Bengals",,
"2d8c284f-9670-43c6-ac72-d28f9f40522b","33072d1d-45b2-4b52-89ac-67e56923a3cd","De'Von","Achane","18.0","249.4","92","RB9","RB","Miami Dolphins",,
"0f9d97f4-3c3c-4ee7-be93-3b877add11a5","dd48e78f-5a11-4056-b21e-94789a31ee6e","A.J.","Brown","19.0","245.2","92","WR7","WR","New England Patriots",,
"b8b56118-8ca6-46d1-9c53-160644e569b4","2961fcb5-8f79-44ce-a1eb-e195cfa18349","Omarion","Hampton","20.0","246.9","91","RB10","RB","Los Angeles Chargers",,
"24766fb3-9c65-49be-93cc-3653def89078","e9fdd9a9-7652-4f39-b790-071e2839f862","Derrick","Henry","21.0","248.9","91","RB11","RB","Baltimore Ravens",,
"2f87f7e2-69ef-45f7-8085-a8cff39ae657","fc7cba00-d4a8-4ad1-83af-a6932d777354","Drake","London","22.0","248.2","90","WR8","WR","Atlanta Falcons",,
"e56981fc-5036-417c-83d9-5d97cd856f66","4ccbad89-b2df-4502-9944-eedc4ec9060a","Kenneth","Walker III","23.0","246.0","90","RB12","RB","Kansas City Chiefs",,
"2ba7476c-091b-4415-ae55-649605aef79f","54411227-af25-42c9-9ac5-f740fa220777","George","Pickens","24.0","243.7","89","WR9","WR","Dallas Cowboys",,
"6738600c-d916-468a-96ab-ddcda94a9df2","9e8bc8ee-72ed-4792-acca-d2b744a0b5ba","DeVonta","Smith","25.0","229.2","89","WR10","WR","Philadelphia Eagles",,
"89f63475-c96d-4a07-abda-d64ab2dc596b","a4388eb5-9783-46f2-b262-43fbe0201ea3","Trey","McBride","26.0","234.9","88","TE2","TE","Arizona Cardinals",,
"5936bf25-a89e-4cae-b9f6-3560df8c55d0","87b71b64-5182-4dbf-a04d-10b3a68ec2a6","Rashee","Rice","27.0","229.3","88","WR11","WR","Kansas City Chiefs",,
"4109fa64-d441-4f8c-ac20-4c529e4c0c33","a4fc249b-c776-4926-b8d4-f5a557d337e5","Emeka","Egbuka","28.0","224.0","88","WR12","WR","Tampa Bay Buccaneers",,
"cbbdd273-7e6d-4b78-9177-eb2de71f1f47","4817d915-eef0-4ff3-8a53-3652bd6ea36a","Nico","Collins","29.0","249.5","87","WR13","WR","Houston Texans",,
"bac1bb62-5c19-4d41-a1a8-6c1ab8b6c1ee","1ed35e23-07ed-46d1-beb8-5072f8f4f14b","Jeremiyah","Love","30.0","240.5","87","RB13","RB","Arizona Cardinals",,
"f268c42f-7e91-4cc9-92c7-f3570184b634","9e383307-302a-4285-93aa-69bb32de103d","Malik","Nabers","31.0","225.3","86","WR14","WR","New York Giants",,
"5d800dfa-2113-4152-ad4e-c7bdc3234bdd","f35e2ebd-3564-4083-b64a-0d59bedf1d9c","Breece","Hall","32.0","218.6","86","RB14","RB","New York Jets",,
"a3cee563-4ab4-4a14-958a-36f077ba8f67","df0c7db6-0a74-4343-a31e-0b64e2d6b0ea","Kyren","Williams","33.0","212.0","85","RB15","RB","Los Angeles Rams",,
"f8711a16-16e7-4ff3-ba26-930652334be5","3dc1b1fc-0c07-4f33-ad1b-a0d2fb83edf3","Josh","Jacobs","34.0","204.6","85","RB16","RB","Green Bay Packers",,
"90478f60-fc13-47f9-9dfa-7140242f4260","67d130d9-b76e-4457-b503-f0d139d9c83d","Tee","Higgins","35.0","222.4","84","WR15","WR","Cincinnati Bengals",,
"b1fc62db-3364-44a1-9d97-6682f5da5e9d","021635a5-9e24-419c-afe0-4db7f5e2cc2d","Ladd","McConkey","36.0","228.2","84","WR16","WR","Los Angeles Chargers",,
"a2a8315f-4b51-4ce4-9b39-4904aac7df28","463ed573-6658-435f-82a4-170352fb6887","Chris","Olave","37.0","229.8","83","WR17","WR","New Orleans Saints",,
"d71e2352-2153-4f84-9d3e-59b0c646c242","15250a4e-0ec5-44dd-988d-3b556cbc40e9","Zay","Flowers","38.0","230.2","83","WR18","WR","Baltimore Ravens",,
"50cea07c-cefc-4e80-9513-539d844906ff","b3574a5a-ee99-43d3-9056-0f9807dab4b2","Jaylen","Waddle","39.0","221.0","82","WR19","WR","Denver Broncos",,
"46933e7f-93b3-4219-8cf4-d829b5c77ded","63ebab10-215c-47fd-8e4a-814afe6e87a5","Drake","Maye","40.0","324.8","82","QB3","QB","New England Patriots",,
"70cad9b7-776f-4fdf-a48f-ec0c7bec346b","08aacfb4-2cf3-4626-9f27-1dbdca661263","Colston","Loveland","41.0","215.4","82","TE3","TE","Chicago Bears",,
"d2b6c18e-72c7-4015-b57e-2bd78f43a1ec","a6d5129f-7469-4d59-b74e-3f8b59b977b8","Travis","Etienne Jr.","42.0","207.7","81","RB17","RB","New Orleans Saints",,
"b96e90be-fbce-4cc8-98d9-d77e6f288125","efa72299-559b-4b2c-99e2-bf8ade2d28de","Jayden","Daniels","43.0","318.5","81","QB4","QB","Washington Commanders",,
"c05faab8-3496-4304-a667-ce19f97b865e","d4af82a6-7aea-4dd8-8d40-912051b1d2b8","Tetairoa","McMillan","44.0","221.0","80","WR20","WR","Carolina Panthers",,
"49c8e31b-3345-4b3e-acdc-7877061a2f5d","63729550-4edb-4bb9-8a4f-2fa66c107b31","Garrett","Wilson","45.0","224.9","80","WR21","WR","New York Jets",,
"1a707b73-0cd1-4bd1-9353-85818f598e4d","56c3ad41-32a6-413e-8cf0-50912b952f92","Davante","Adams","46.0","190.5","79","WR22","WR","Los Angeles Rams",,
"04d28ac4-33e0-4c88-934e-27663159375a","cd425d92-c7b7-4da7-87eb-b2aec2f355ac","Cam","Skattebo","47.0","211.5","79","RB18","RB","New York Giants",,
"bbfdb8c1-d0b6-4403-847e-8351f9aeb6f4","b3fc6404-a8a0-4475-8276-209e50b74069","Javonte","Williams","48.0","209.3","78","RB19","RB","Dallas Cowboys",,
"c3706b09-8101-488a-bcea-d61ea47a3a9b","ab4b11fa-c34d-4317-b4b7-bf16fcc678e3","Terry","McLaurin","49.0","216.2","78","WR23","WR","Washington Commanders",,
"91baccb6-9d4c-47f1-adc5-fc7c585080a2","991d546e-1d68-4cc6-977e-62286356f087","Jameson","Williams","50.0","206.2","77","WR24","WR","Detroit Lions",,
"2ab7e39c-eedc-4cf9-bbb3-0a2639730cc8","ebed0797-4404-4df7-bb66-1192d89e13d5","Mike","Evans","51.0","220.2","77","WR25","WR","San Francisco 49ers",,
"c459d9d1-61c1-49c4-9b25-0cb2d617f5b6","45cb8445-7d55-49b1-915d-23f631d8b760","Luther","Burden","52.0","218.0","76","WR26","WR","Chicago Bears",,
"235636de-27fa-42f8-8110-35d95f1c3e2d","81ab025b-6000-4620-b4a8-db6c18b98a7c","D'Andre","Swift","53.0","207.7","76","RB20","RB","Chicago Bears",,
"18b006e4-f8ec-44d2-a34c-2fcf41802e9e","a35e7801-2125-42e2-8acc-1a10ba7e1933","TreVeyon","Henderson","54.0","181.5","75","RB21","RB","New England Patriots",,
"fa7300ee-5735-4ed9-8a07-53039250aa52","dcd23250-bfbe-4f79-a5ce-d769546eb4df","Bhayshul","Tuten","55.0","176.8","75","RB22","RB","Jacksonville Jaguars",,
"95db091b-d3ad-4b12-b0b8-080ba401e53f","567edce8-cab2-43fc-b082-ed4a653f760d","Rome","Odunze","56.0","207.9","75","WR27","WR","Chicago Bears",,
"078b8b4b-be33-4aaf-ba19-2377ac262d77","7366cd9d-f434-4a89-b28c-f121c69f8666","David","Montgomery","57.0","204.1","74","RB23","RB","Houston Texans",,
"64852d9a-beac-47b9-b1fd-714e5d34450c","33b215dc-3bf9-450d-8e9b-58281339235a","Carnell","Tate","58.0","190.3","74","WR28","WR","Tennessee Titans",,
"561b3982-a59d-4e53-aabd-cb8f64827f6a","f9fdd402-4e4f-4625-b168-0f47634a6b1f","Quinshon","Judkins","59.0","198.0","73","RB24","RB","Cleveland Browns",,
"c10ba725-735a-443a-9eb2-a9f5207eb4ac","8344283b-c062-4719-b8d9-ab751543e329","Bucky","Irving","60.0","201.3","73","RB25","RB","Tampa Bay Buccaneers",,
"7302d729-e603-4a71-b71d-37cfa389365d","67d430bc-67a8-49e6-8111-27bbab20ecb9","Brian","Thomas","61.0","195.4","72","WR29","WR","Jacksonville Jaguars",,
"f0e442ae-2348-4ed0-b72f-b81c8d497562","6d1e2e6b-00ea-4889-9db1-f6ff25eeb3f1","D.J.","Moore","62.0","181.0","72","WR30","WR","Buffalo Bills",,
"6288d1ee-5cd1-4a23-b72e-365ce6a5fef6","234e0f4b-e7d1-4852-b65a-348ac45f49d6","Tyler","Warren","63.0","201.1","71","TE4","TE","Indianapolis Colts",,
"e5d7c027-2172-4f1a-943b-3502b28e6aa7","df2846af-31b4-4939-b773-8b58def0fc58","Sam","LaPorta","64.0","196.5","71","TE5","TE","Detroit Lions",,
"70df35d1-39c2-4c29-a741-e83a2dfa617d","a0fa2a74-640b-4cc1-a5d8-841ab9557fe0","Joe","Burrow","65.0","308.1","70","QB5","QB","Cincinnati Bengals",,
"3dada4d1-8fdb-4230-89ef-c4e0c58819d4","c108c752-92fd-491f-94ed-60b0b3cea7d8","Christian","Watson","66.0","207.6","70","WR31","WR","Green Bay Packers",,
"ecaed14f-9681-438f-9e9b-de1fff721309","bf4e5ec9-fa5f-4dfe-96e7-5a936362ec97","Jadarian","Price","67.0","172.0","69","RB26","RB","Seattle Seahawks",,
"d1b91121-445a-428f-8dee-47bd833e8df1","3bbedd10-bec5-49ae-976b-659119ab156c","Jalen","Hurts","68.0","314.5","69","QB6","QB","Philadelphia Eagles",,
"5f6f6ec0-856f-4e2f-80f9-75b3b3fc662a","df987034-7ce1-4afa-a28b-0bf557793758","Parker","Washington","69.0","210.4","69","WR32","WR","Jacksonville Jaguars",,
"de901c24-278c-4ee5-8e6e-4df2b185fb6a","c496a8a9-1391-4db5-9089-909053dde90d","Caleb","Williams","70.0","303.3","68","QB7","QB","Chicago Bears",,
"ae451a13-496f-4fc2-97e1-2525e9db41b3","1fa16276-37d0-4017-b356-dff85b4bc053","Tucker","Kraft","71.0","174.4","68","TE6","TE","Green Bay Packers",,
"d76248bd-5b95-44ff-8cd7-f1876f01740a","db0f4c66-62fe-4316-9b9b-a0d5a7d9962a","Marvin","Harrison","72.0","186.2","67","WR33","WR","Arizona Cardinals",,
"047431f1-e1fb-4ae1-903e-df6ce9b8165b","3aa36041-d450-48d1-9a1b-0b5e0381760f","Jordyn","Tyson","73.0","178.6","67","WR34","WR","New Orleans Saints",,
"baccedb5-16fe-4e0c-bcc9-2e2ba2ffa7aa","290ec831-46e1-4b99-815e-e40a35db0e5a","Jaylen","Warren","74.0","174.6","66","RB27","RB","Pittsburgh Steelers",,
"67d6f932-b5cc-488f-a996-5b015324665d","a98ff9f4-f919-47e4-9f24-40c36ca9d537","Chuba","Hubbard","75.0","164.9","66","RB28","RB","Carolina Panthers",,
"950b4816-58f9-4986-bc47-8ed9ee91d3f9","d78f8b26-1823-4f49-be34-b9eadd252c3c","Justin","Herbert","76.0","299.5","65","QB8","QB","Los Angeles Chargers",,
"450ec747-39a4-466f-8dbd-4b8ed7c2a155","01ef3113-2cb7-4121-b98a-0f72e8d4d4e1","Makai","Lemon","77.0","168.5","65","WR35","WR","Philadelphia Eagles",,
"975056f4-c0e8-471d-95dc-62e31f4ba209","9fce5a42-43cc-4cf2-8732-b37153519ea6","DK","Metcalf","78.0","183.3","64","WR36","WR","Pittsburgh Steelers",,
"1d155256-da37-4084-b127-2902c1566599","7131fd51-e10c-4fc8-840c-274f82210d19","Quentin","Johnston","79.0","163.9","64","WR37","WR","Los Angeles Chargers",,
"fde86632-7a75-46c9-9d8d-b5d1d790aa1e","32029f87-893b-4c4b-b664-80ab8fcea2fd","Jordan","Addison","80.0","171.7","63","WR38","WR","Minnesota Vikings",,
"0b516a2c-3ade-4a30-bf08-04f1d07e926d","3b5c2580-e73e-4222-8b98-b6dc14690e73","Rhamondre","Stevenson","81.0","168.3","63","RB29","RB","New England Patriots",,
"574dcec4-9740-4f7d-a240-1b36fb706af5","a8772039-c773-4703-81b5-ea71e53c56f5","Alec","Pierce","82.0","177.9","63","WR39","WR","Indianapolis Colts",,
"9817aa76-69f3-4e30-9d5a-4df1fed81b35","8787ffdd-7fc0-4f90-9f40-c1ab2e7692fe","Romeo","Doubs","83.0","161.2","62","WR40","WR","New England Patriots",,
"89b06d62-c9f0-48c6-bbd1-944aa35c8866","66c1ab28-bbf4-4854-80ff-c4caf765fda8","Trevor","Lawrence","84.0","307.4","62","QB9","QB","Jacksonville Jaguars",,
"7184c16f-d8a7-4376-816a-dd4b588d9277","7a4958a8-b5af-4294-80c2-ab6131d8c29f","Blake","Corum","85.0","137.3","61","RB30","RB","Los Angeles Rams",,
"34cc395e-3927-4b9c-bb8c-18eb515d784d","92fba03a-0598-40a5-90f3-533d03a7bc8e","Harold","Fannin","86.0","180.4","61","TE7","TE","Cleveland Browns",,
"bc6d26c2-af7c-4d42-b0c0-2dc5e092a4b1","121cdd7c-b594-425c-864a-365b5e653747","Tony","Pollard","87.0","162.1","60","RB31","RB","Tennessee Titans",,
"cf68b4d5-c96a-4f06-a770-2b5edc6595ed","59c5f1e3-fccf-4782-b593-98c518e75e3e","Dak","Prescott","88.0","303.9","60","QB10","QB","Dallas Cowboys",,
"45adbd86-6f45-47ab-a8f3-b673033d579c","1edbae01-fd1f-408a-8b46-7365d293ee71","Josh","Downs","89.0","180.4","59","WR41","WR","Indianapolis Colts",,
"bf81f5eb-53e3-4a32-a04d-93dba5957de9","6dd797af-0abf-4bb5-82ca-9447147d3e61","Jayden","Reed","90.0","199.6","59","WR42","WR","Green Bay Packers",,
"511e2763-0376-4f79-bffe-7ae12f3735d7","2e423f4b-b5a8-4564-bd49-8e4295a94364","Kyle","Pitts","91.0","171.6","58","TE8","TE","Atlanta Falcons",,
"917a0160-d5ae-40a0-ac48-f0118d023b6e","87d1b639-a279-401e-95b0-098ea9d9db28","Chris","Godwin","92.0","173.6","58","WR43","WR","Tampa Bay Buccaneers",,
"3086c85c-2c8b-464b-8b65-ee3114f846b4","229b2cf7-ca6c-4394-b7f8-27883fb8abb7","Kenny","Gainwell","93.0","154.3","57","RB32","RB","Tampa Bay Buccaneers",,
"c9b3d4ea-ead7-4f9f-b89c-1a76d9e9b353","673b7bbe-a111-4948-96ba-bb8e069df441","Kyle","Monangai","94.0","156.6","57","RB33","RB","Chicago Bears",,
"19a150c2-7f2b-4716-b7a6-f7258073c840","b51ef827-ba15-4a30-87f5-1a74d1bd84bf","Courtland","Sutton","95.0","174.3","57","WR44","WR","Denver Broncos",,
"8e0fd7c1-dbac-45e7-b73c-455b676e9ae1","92f5879c-865a-45f6-80ad-fb96ff005a28","Rico","Dowdle","96.0","163.1","56","RB34","RB","Pittsburgh Steelers",,
"b2e8acc5-5d41-4a6c-9010-1c1d12c4d496","e2cd6f1b-7ee3-4cb8-b12c-f0242452b71c","RJ","Harvey","97.0","146.1","56","RB35","RB","Denver Broncos",,
"ab6b04fd-5b6c-4ea0-b353-68db056e96bf","5c1011d7-af2e-452b-9a72-693329dbcc24","J.K.","Dobbins","98.0","160.2","55","RB36","RB","Denver Broncos",,
"64989bed-55e0-45c5-b02c-7ab4fa589627","6d848109-6d69-4474-9ab3-76c7f64bafa0","Michael","Pittman Jr.","99.0","170.9","55","WR45","WR","Pittsburgh Steelers",,
"db7abe5b-99aa-4f2b-8e93-0a73b40a03af","f1766f00-503b-4b13-a5d1-cd4347423121","Patrick","Mahomes","100.0","288.7","54","QB11","QB","Kansas City Chiefs",,
"7e6c6f3d-f752-494f-af60-80f9fffdaf35","0169a966-cf5f-4e6e-8b03-1583650fd6ae","Michael","Wilson","101.0","166.0","54","WR46","WR","Arizona Cardinals",,
"f7389a45-ab69-4409-85b2-0377f3f6f01e","9ba8d5db-3aa3-4600-98f0-406a1e67bb22","Travis","Kelce","102.0","171.4","53","TE9","TE","Kansas City Chiefs",,
"4efb231b-8e93-47a3-9215-547d72e29d2e","ed71a3ff-5dc7-4be6-8ab7-c1a537f0154a","Xavier","Worthy","103.0","163.5","53","WR47","WR","Kansas City Chiefs",,
"6312f92c-84dd-4aa1-9723-d94bf4d42d67","9d84935b-84bc-465d-9e87-ae8f7af53963","Rachaad","White","104.0","130.1","52","RB37","RB","Washington Commanders",,
"5f70f607-496b-4928-ac1e-9b65a49a37e3","f901957e-6443-46ef-a031-d5e2b7cd0edd","Jaxson","Dart","105.0","300.5","52","QB12","QB","New York Giants",,
"7ef8ee4d-82ce-4825-a078-66211697c21e","395374cd-d5aa-4dff-ba55-e5d6921c96b9","Bo","Nix","106.0","299.7","51","QB13","QB","Denver Broncos",,
"cca7212f-ee44-4631-8582-98bf32451b2e","d69c19b0-4c6f-448a-9690-27f4a4ed54f9","Jakobi","Meyers","107.0","169.3","51","WR48","WR","Jacksonville Jaguars",,
"61fbe1a5-2e0f-448e-935e-7b13d6c3dc15","24f08af9-cb88-4d00-a1c6-97e4f70f4900","Matthew","Golden","108.0","170.1","50","WR49","WR","Green Bay Packers",,
"5838e996-845b-495c-b91f-be645f3d6bba","87a920c7-894f-465b-b39c-fe9d3cb6a9a2","Deebo","Samuel","109.0","157.7","50","WR50","WR","San Francisco 49ers",,
"218195a3-31cc-46cb-ac8b-35f637a11380","43faacd4-c803-448e-a435-acb80a41e65c","Jake","Ferguson","110.0","161.8","50","TE10","TE","Dallas Cowboys",,
"c5da5c66-7835-4e4d-84cc-3b3fffe12626","ede3a669-4285-4d9f-b606-c2fe3979e90b","Kyler","Murray","111.0","269.2","49","QB14","QB","Minnesota Vikings",,
"abfa0276-5985-4d89-8313-15b9b6229f5f","5f066072-1fb5-4ff2-9ff7-8a187d37204b","Jonathon","Brooks","112.0","122.0","49","RB38","RB","Carolina Panthers",,
"706d6e0c-2512-41b7-b9d7-fa1f7771a0b4","f725a2b2-1843-4ab5-aa2a-bf1380a923e6","Jared","Goff","113.0","285.5","48","QB15","QB","Detroit Lions",,
"d6eb9592-c2b9-4959-9f12-917bf19afe91","67f1cafb-112d-4f4b-b491-b51b4ecd162a","Jordan","Love","114.0","282.5","48","QB16","QB","Green Bay Packers",,
"611fbb5d-844b-425b-8d5b-dc0c4e65fcc8","38cb1ed6-2217-4572-bf8c-d19ac47d0c84","Wan'Dale","Robinson","115.0","164.1","47","WR51","WR","Tennessee Titans",,
"92cb24e8-f553-43d9-8d02-7ceefd50d6e8","36ffcc88-5ca1-4b0e-9f02-028b5ba24be0","Matthew","Stafford","116.0","280.2","47","QB17","QB","Los Angeles Rams",,
"cbc94c99-bf19-46da-a482-d149b6c34ed7","59c11870-cdb6-4c4f-be1b-92d2fcb98c32","Isaiah","Likely","117.0","157.3","46","TE11","TE","New York Giants",,
"6907ea45-dbb3-418a-a784-13cc400036a0","74718924-044a-4783-b786-4ed943de66cb","KC","Concepcion","118.0","158.4","46","WR52","WR","Cleveland Browns",,
"a76a5916-574e-4008-8d03-244695423f0f","54fa09dc-30db-4625-9a36-95f59589e4a9","Jordan","Mason","119.0","155.7","45","RB39","RB","Minnesota Vikings",,
"63a75cbe-8469-4e14-8fb4-58d253da1161","3cf29d08-26b6-410a-bd8c-f229a5bae324","Brock","Purdy","120.0","305.2","45","QB18","QB","San Francisco 49ers",,
"e1d04462-48af-4ac7-89d5-6944a90d8530","8827456d-da1d-4708-92c9-135d3d426795","George","Kittle","121.0","169.3","44","TE12","TE","San Francisco 49ers",,
"6e9d4882-703d-4848-8ea4-630946b3db59","5a6752f4-7751-4513-92bd-01a949d07495","Keaton","Mitchell","122.0","98.9","44","RB40","RB","Los Angeles Chargers",,
"56351340-09cd-4642-9f99-97d680efdef6","228a3bf6-f9f3-412c-afe0-5768c4d03c49","Khalil","Shakir","123.0","166.5","44","WR53","WR","Buffalo Bills",,
"cb154cbd-8ce8-448a-b41d-c4f56abfd490","2deeea66-db9c-437b-b599-b02ef161300a","Woody","Marks","124.0","85.8","43","RB41","RB","Houston Texans",,
"b5b70835-b5a3-43d4-8f8f-cd0c3d666223","5a3633f7-36fb-425a-aaed-15fd24ecc5b0","Jalen","Coker","125.0","165.9","43","WR54","WR","Carolina Panthers",,
"b5eb027f-85ad-4da9-865d-7fca3fb7c1ed","daefbcd5-dfac-49ac-83d7-2a9e6ec03545","Aaron","Jones","126.0","139.1","42","RB42","RB","Minnesota Vikings",,
"60d16442-466c-4717-9154-0681f41f38c7","25ea41e7-0529-48c6-ba65-7648bb7f9ed2","Stefon","Diggs","127.0","163.0","42","WR55","WR","Washington Commanders",,
"1669c816-a219-4e9b-be5b-7a4461b22cd7","973016cb-4a6c-4d97-af8d-4290ab80808b","Jayden","Higgins","128.0","165.4","41","WR56","WR","Houston Texans",,
"6a97007a-4a5f-4391-a965-22c7334623a4","7fb56078-28d6-4b57-bd5a-866abdaed3dc","Jacory","Croskey-Merritt","129.0","129.9","41","RB43","RB","Washington Commanders",,
"70e04657-137c-4ae9-822f-77e74ae55385","38a6f520-27a2-47ae-874d-9a987a118244","Dalton","Kincaid","130.0","163.6","40","TE13","TE","Buffalo Bills",,
"a04ded78-278d-4ef3-8ec4-5df513271981","a22743b2-363b-43a2-b182-94cff9998b16","Chris","Rodriguez","131.0","134.5","40","RB44","RB","Jacksonville Jaguars",,
"5cd6f688-a2d4-4e1e-9ede-a0e415394d06","1facaf38-e5d4-4318-b776-0eaf37e95321","Tyler","Shough","132.0","274.9","39","QB19","QB","New Orleans Saints",,
"95f25a68-54d9-431b-bc4c-ca2f28c43756","c6c27b0d-56e1-46e1-b6a0-33a47445b3e9","Sam","Darnold","133.0","266.7","39","QB20","QB","Seattle Seahawks",,
"6661254b-a048-4d21-898b-9f0877cdd79b","65f31977-db08-47a5-818f-ae5c9365bcfa","Mark","Andrews","134.0","162.5","38","TE14","TE","Baltimore Ravens",,
"6b2a61b0-859a-466e-8459-ee8aad152bcf","4365f6e3-bcc9-483e-99ff-33911dca26bb","Tyrone","Tracy","135.0","113.3","38","RB45","RB","New York Giants",,
"71273f04-9b32-4e0e-9132-a1de4de085a0","46128737-06bc-495b-8126-938ec626bec7","Rashid","Shaheed","136.0","140.1","38","WR57","WR","Seattle Seahawks",,
"adf870af-c012-43f2-afce-35564b57f0db","0cfbf2b0-dfb3-4a9b-a0be-cf397faecd4e","Oronde","Gadsden","137.0","141.8","37","TE15","TE","Los Angeles Chargers",,
"2469acae-4f35-4011-a079-92b801923ab8","a611865a-cebc-4504-9477-6b69484480b1","Travis","Hunter","138.0","96.6","37","WR58","WR","Jacksonville Jaguars",,
"d93208d4-f5be-4055-a2dc-c2507f1a1b1b","4f5a3c90-9e4f-49b7-b126-a99d0eb90286","Baker","Mayfield","139.0","280.9","36","QB21","QB","Tampa Bay Buccaneers",,
"0a0f50a9-8bfa-4078-a058-f4d5575b873e","0c0803d6-711a-4685-9ac9-bf339950760c","Dallas","Goedert","140.0","136.0","36","TE16","TE","Philadelphia Eagles",,
"829f3b47-f9b1-4548-a667-d5a1de6092e4","cc542526-a1a8-4945-9780-3b7228a62322","Alvin","Kamara","141.0","65.0","35","RB46","RB","New Orleans Saints",,
"da8eaedd-e3d6-4ce4-9a31-b6bb191a12f0","3c4ff83e-69d7-45f8-bee0-710b536c97bb","Jalen","Nailor","142.0","130.6","35","WR59","WR","Las Vegas Raiders",,
"92bbedea-af7e-4624-8ce5-5010bd6cd6fd","37bb3be4-4043-42ed-aad7-caf2a81cce4d","Tre'","Harris","143.0","112.9","34","WR60","WR","Los Angeles Chargers",,
"89474e9b-b73d-402f-bb4e-c599e91d7a8b","e016929c-04f5-4b22-955d-71008f06894e","Hunter","Henry","144.0","153.5","34","TE17","TE","New England Patriots",,
"53ce38ad-bb7d-42f5-8b92-f8ce952f28d3","2362da81-1c77-4e2d-8931-0817d6e7ab96","Omar","Cooper","145.0","127.1","33","WR61","WR","New York Jets",,
"b9f7910f-384d-43ea-b843-53dba7dc540c","05b708b9-ec27-4b6c-a485-5b2994b1a5f3","Chig","Okonkwo","146.0","144.1","33","TE18","TE","Washington Commanders",,
"f5fed6f3-9245-415e-9276-17b0645a138b","6d43b896-92a0-4ffd-8fe2-4a2ec2346e39","Tre","Tucker","147.0","111.8","32","WR62","WR","Las Vegas Raiders",,
"9b601ca9-f978-4748-a2d1-ca4fbb392daf","83f5497d-fa47-40e5-bb1d-95b79469d112","Malik","Willis","148.0","274.1","32","QB22","QB","Miami Dolphins",,
"de984b5c-99c3-4854-b944-fc6ad0a414b4","2f7ab04c-3b04-4874-be0e-2a7ea0c59788","Juwan","Johnson","149.0","136.6","32","TE19","TE","New Orleans Saints",,
"aa95e0cb-676b-4576-9af5-f829579df27b","59875f94-9884-4978-a233-7e86d9c5cfd6","Cam","Ward","150.0","233.8","31","QB23","QB","Tennessee Titans",,
"15706eca-efeb-4c33-8bdd-be7f28f32283","b7049f98-05b2-4dfe-8360-1fc8ec54e7ab","De'Zhaun","Stribling","151.0","128.4","31","WR63","WR","San Francisco 49ers",,
"8bf71b33-927d-4f64-b61e-f1fa4e3f252c","189fd1e2-d3d5-49d1-a63b-4f8fcfbd3e77","Jauan","Jennings","152.0","105.7","30","WR64","WR","Minnesota Vikings",,
"1a766ac9-7fe5-486f-b8ab-8a695332564b","099bec12-b139-461d-864a-fb167ed7302b","Zach","Charbonnet","153.0","69.2","30","RB47","RB","Seattle Seahawks",,
"a5abb329-9af8-4209-8f63-40cc23fb0afe","5f726fce-7288-44e9-b9a0-a2cc3a0ed882","Daniel","Jones","154.0","227.5","29","QB24","QB","Indianapolis Colts",,
"26dab3c2-b47c-41b4-ba6c-d72955a40682","e5aeabde-d364-4374-a15d-10016ac5740d","Tyjae","Spears","155.0","116.6","29","RB48","RB","Tennessee Titans",,
"e375c976-4e24-4a3e-b564-83a9d531e219","127d73f9-7548-4399-8b5d-7ed7ac9770f7","Brenton","Strange","156.0","161.0","28","TE20","TE","Jacksonville Jaguars",,
"bb1ae0b6-28ba-4aa2-9a94-cdecd3466a7e","2aa9b28a-eb13-43b2-a933-582d438d5d79","Isaac","TeSlaa","157.0","105.4","28","WR65","WR","Detroit Lions",,
"6a8ca37f-0019-4415-9b1a-6074c68a5306","03826128-13cd-4ea6-8b5f-911aa427db82","Kenyon","Sadiq","158.0","131.1","27","TE21","TE","New York Jets",,
"6e2e51b1-2a34-40e8-aaa0-8199b02e1896","0e487aba-7a3e-4c33-a217-7b8214164f68","Denzel","Boston","159.0","123.9","27","WR66","WR","Cleveland Browns",,
"9592b87a-d7dd-43d1-89b9-919827b6f9d7","5b2de9a5-923a-4dc8-9685-024e784b7856","Jalen","McMillan","160.0","127.4","26","WR67","WR","Tampa Bay Buccaneers",,
"b796c60c-78c7-4349-8ec9-853e76e17b9f","59614625-f243-4cb9-8038-146619f12e70","C.J.","Stroud","161.0","242.2","26","QB25","QB","Houston Texans",,
"dcba0e05-7986-4b61-ac9c-0286d467cfb3","827909b2-9448-4ba0-98e4-f38da30a3806","Bryce","Young","162.0","239.6","25","QB26","QB","Carolina Panthers",,
"6434e04f-7ba8-4946-919a-23471abd5721","c45eb3b7-6eee-4d80-82d6-4aaec07940fc","Tyler","Allgeier","163.0","71.4","25","RB49","RB","Arizona Cardinals",,
"3932e01d-d652-465e-9f52-2ae41df9abae","f2740eb1-6ae5-4bbb-bb60-24d2fa0526ed","Antonio","Williams","164.0","75.2","25","WR68","WR","Washington Commanders",,
"5ebc9bc6-2272-4abd-9cb8-f557a6b0981a","ac512ae7-2edd-458d-9ae5-2b4eb949a3b6","Fernando","Mendoza","165.0","216.2","24","QB27","QB","Las Vegas Raiders",,
"a7a097e7-f83b-4c6b-b2fe-2c37aab910d9","6081005f-45de-474b-87a3-2b74cd21f9b9","Jerry","Jeudy","166.0","119.6","24","WR69","WR","Cleveland Browns",,
"190c9b94-e960-4bef-b225-c5cb45a2e2da","131ac51c-0a71-4843-980c-1772cc069a3c","Isiah","Pacheco","167.0","55.6","23","RB50","RB","Detroit Lions",,
"27d091a7-bac3-4eba-aecf-ca820a857f35","ed20073d-5c60-415b-92b7-e50da2942e8e","Emmett","Johnson","168.0","67.2","23","RB51","RB","Kansas City Chiefs",,
"49714a1d-1ea4-4f0e-9be0-48ce5acac020","5e0c67b2-cb4c-4383-a84b-bd80f174e9fe","Ryan","Flournoy","169.0","121.2","22","WR70","WR","Dallas Cowboys",,
"09747d40-917f-4fdb-a113-44a32155d8c8","dd273516-3785-4d4f-a957-150461f787a0","AJ","Barner","170.0","142.4","22","TE22","TE","Seattle Seahawks",,
"30b095f1-8e7e-463e-afff-068fa8cfeb6c","11ad3ad9-0bc5-44a1-9da5-0bebd7b3f841","Tank","Bigsby","171.0","67.2","21","RB52","RB","Philadelphia Eagles",,
"15eb8546-637f-4d4d-a259-7d9214b949eb","f2bbb3ca-c4ef-4da4-9075-49459af27f17","Jonah","Coleman","172.0","65.9","21","RB53","RB","Denver Broncos",,
"9a080a06-5889-42dd-b4ec-f3db0f9c93ee","b7cf7500-bfc8-4946-acfe-ee405028d729","Malik","Washington","173.0","100.7","20","WR71","WR","Miami Dolphins",,
"ecbe7b91-6cfe-4d90-ac42-4097589d6275","4f83f1e4-dec6-4a48-8f7f-645cd3aead25","Jaydon","Blue","174.0","44.9","20","RB54","RB","Dallas Cowboys",,
"6056d640-99e8-4c3f-9075-14611ffacb23","660a9e72-4fc7-442d-ba62-257dbab39568","T.J.","Hockenson","175.0","155.0","19","TE23","TE","Minnesota Vikings",,
"8aed1078-8e2a-42be-b170-725505b5edf9","818c7c7e-8c31-4b4b-b204-6dac4097ddde","Dylan","Sampson","176.0","90.7","19","RB55","RB","Cleveland Browns",,
"7b577df2-8367-44a5-af23-970400d7fbdf","7401f3d7-db5f-493d-8bcb-1624b703fa9c","Dontayvion","Wicks","177.0","70.4","19","WR72","WR","Philadelphia Eagles",,
"a60c3979-f206-4d32-bb2b-4d70ab5dcc83","63374c3e-26cc-4d22-a77a-e29b8f5b2f4a","Brian","Robinson","178.0","69.9","18","RB56","RB","Atlanta Falcons",,
"178a0f9a-3a9d-4a68-be12-bce378a1408e","8dd3a635-e761-4407-8f30-6b5f8a0b4867","Aaron","Rodgers","179.0","179.0","18","QB28","QB","Pittsburgh Steelers",,
"8f28049f-eb26-45ef-96d4-5262a0c02b47","c90b38e6-7442-4df2-9144-b01f0b127690","Zachariah","Branch","180.0","100.6","17","WR73","WR","Atlanta Falcons",,
"ac88cb74-758b-4586-ab86-7b5fa8c0653d","e861f743-837a-47dd-a2a9-de23d4e7e363","Dalton","Schultz","181.0","133.5","17","TE24","TE","Houston Texans",,
"5fbff72c-9fb8-4c1e-a882-75346693ef8e","73389d1d-6289-4051-8380-4cf939e41562","Germie","Bernard","182.0","98.9","16","WR74","WR","Pittsburgh Steelers",,
"fc5afe2b-be1b-41fc-aacd-9477ca5603cb","89dc23ee-f751-477d-84a7-f330711ee432","Adonai","Mitchell","183.0","98.3","16","WR75","WR","New York Jets",,
"57d25e09-b201-4454-803f-974f2e5d3090","65a3b00f-0be9-4652-b7ce-d1d29816945d","Tank","Dell","184.0","69.4","15","WR76","WR","Houston Texans",,
"0c49491b-2595-4e8c-bfc2-27eb771e39c9","c5719ef0-3dcc-4740-84af-ef600d160bd9","Cooper","Kupp","185.0","86.4","15","WR77","WR","Seattle Seahawks",,
"745e234d-621e-4de7-a88d-8b1b0c7ee7df","a1f12aed-71f4-48b3-b719-30631f9972b8","Gunnar","Helm","186.0","130.3","14","TE25","TE","Tennessee Titans",,
"0383a0b9-7ef1-4389-bc4d-1f7e8900b741","505405b8-19e0-4e74-9c0a-c29e5c8ae1bb","Jacoby","Brissett","187.0","166.0","14","QB29","QB","Arizona Cardinals",,
"60edcd35-d746-4e02-88e4-5c8ac4bc2c78","fd3dce46-3c38-4ad4-bfc1-b72fad7ef755","Cade","Otton","188.0","128.0","13","TE26","TE","Tampa Bay Buccaneers",,
"be5bf790-06cb-47bc-b774-af8dc69d0f5d","c6267b47-17a5-442b-8a98-f537bab7ebec","Kimani","Vidal","189.0","60.0","13","RB57","RB","Los Angeles Chargers",,
"7f3c12cf-5e05-4371-ad3a-8dc9a993f38e","6e4e0254-03c3-4541-9481-356b99453e96","Greg","Dulcich","190.0","110.9","13","TE27","TE","Miami Dolphins",,
"d9c864ac-95aa-48f8-8307-8d8436be0502","04bce5b2-4670-430c-a46c-e8341cf4b773","Ted","Hurst","191.0","97.9","12","WR78","WR","Tampa Bay Buccaneers",,
"27397ade-209c-4a52-a095-c5e62e52ac70","6e7a3b66-27e6-4eb1-87c4-731522d32ef6","Brandon","Aiyuk","192.0","49.6","12","WR79","WR","San Francisco 49ers",,
"ce62cc6c-2ecb-4b0c-819e-f6c4957c7612","dfa3872f-0520-4e6e-bdb2-f5aa262ae1e8","Ray","Davis","193.0","65.1","11","RB58","RB","Buffalo Bills",,
"70df863a-24b2-4388-b017-fd63d9b92288","73b6a0c7-2d10-4db6-920e-f0789a215f3c","MarShawn","Lloyd","194.0","51.8","11","RB59","RB","Green Bay Packers",,
"486bab54-5a88-4128-838e-9acb0a475e98","fad2e7fb-57b1-41e7-9706-79f12bc3079a","Mike","Washington","195.0","62.0","10","RB60","RB","Las Vegas Raiders",,
"c19f8586-c94c-4b08-8c20-faf874c56839","2977afd9-0a50-4190-bcb4-d26f0df7dc55","Pat","Freiermuth","196.0","128.4","10","TE28","TE","Pittsburgh Steelers",,
"cedd291a-c951-4347-974e-8eaf76c8852a","e266143f-5690-45c2-b860-b70553d2f014","Elijah","Sarratt","197.0","89.1","9","WR80","WR","Baltimore Ravens",,
"23a7ffc4-d3f0-402e-8f87-6e90ad78a84b","76bcf23d-03fe-4a55-891a-7bdef70922bc","Calvin","Ridley","198.0","77.3","9","WR81","WR","Tennessee Titans",,
"5fc64ffc-d10d-4e08-8114-3bc82a595021","c81a2399-eea5-4090-b0e8-c964eb7d5f13","Terrance","Ferguson","199.0","87.5","8","TE29","TE","Los Angeles Rams",,
"4ca5060b-6f8a-4ec7-802d-ab50fd81d205","5c996508-9376-4649-a340-dca1b4325dac","Andrei","Iosivas","200.0","91.3","8","WR82","WR","Cincinnati Bengals",,
"1fca011e-a74f-40f8-970b-f81ae4f3ea61","274d03dc-35b3-4163-b7a7-1088b19b84cf","Darnell","Mooney","201.0","58.6","7","WR83","WR","New York Giants",,
"65913500-d204-43ff-949c-2c445e6a4a61","98f32b6f-5f4a-45d6-bc4e-88b81edc0850","Pat","Bryant","202.0","96.4","7","WR84","WR","Denver Broncos",,
"7a60957e-9a94-4a30-9b8c-e5f164bdc238","0c2fb25a-641d-4a25-ab43-3d440da57be3","Geno","Smith","203.0","230.5","7","QB30","QB","New York Jets",,
"65f3506d-3a8e-4e33-9026-682800479b49","2794fcda-9cdf-4410-b9fc-35ec27259244","Nicholas","Singleton","204.0","65.7","6","RB61","RB","Tennessee Titans",,
"76ed9919-6845-4e03-8a06-e7560d2c7b30","3c2cc03f-efb2-4906-83dc-29730d41a049","Kayshon","Boutte","205.0","94.6","6","WR85","WR","New England Patriots",,
"be0ed763-1703-49b4-89f3-e40f4ad77c21","a1ea32e0-20dd-4aa7-9c09-71bc74924a91","Darius","Slayton","206.0","86.6","5","WR86","WR","New York Giants",,
"ae203bf2-98b8-47c3-91ba-1ecb434d9dc7","620f78f4-a38c-491d-9088-2a7b9e5dbbae","Sean","Tucker","207.0","54.5","5","RB62","RB","Tampa Bay Buccaneers",,
"98ebf47f-16ce-404b-a7c2-21990e9cb7a8","c7d94033-423f-480f-99ca-c1565a50986e","Colby","Parkinson","208.0","78.8","4","TE30","TE","Los Angeles Rams",,
"e9be8cd7-2c1e-43fe-ba02-45b6b268b139","da1f257c-ac6f-4146-988a-e0d417ac1cda","Mike","Gesicki","209.0","104.9","4","TE31","TE","Cincinnati Bengals",,
"492d1db6-111c-4e8c-92f7-f7140e8f0ac8","d016873c-23d2-4635-b85e-0c23dd393745","Kaytron","Allen","210.0","47.9","3","RB63","RB","Washington Commanders",,
"1c47792c-c32c-44b4-a7fc-860922a0354f","ce5777ea-37e2-4dda-8cb7-1ea87881540d","Jack","Bech","211.0","89.2","3","WR87","WR","Las Vegas Raiders",,
"a690866c-3a98-4a32-b8af-54a3f0dc3aeb","4520ab4c-d93f-4417-a936-b15379db288b","Deshaun","Watson","212.0","106.1","2","QB31","QB","Cleveland Browns",,
"fa25a4e7-a42d-4083-b079-c5b63ecdb674","70d65d13-9358-4c4b-ac00-117ce130ec9b","George","Holani","213.0","25.2","2","RB64","RB","Seattle Seahawks",,
"b6c5f4c2-3533-4ca5-a441-a61738e62e1d","c4c49dad-3c20-410f-8c09-b21d391f8cee","Jordan","James","214.0","59.7","1","RB65","RB","San Francisco 49ers",,
"968443ea-89d3-4ea3-85e7-c8e6bc3367b4","d3bfa7f1-2be2-4bbb-8d13-c1a8010eeb9a","Tua","Tagovailoa","215.0","137.9","1","QB32","QB","Atlanta Falcons",,
"41d6c388-3fdf-4111-b92e-9193044c1c29","40fd7bdd-746a-4a5d-a68c-12981e24b28e","David","Njoku","216.0","79.7","1","TE32","TE","Los Angeles Chargers",,
"519440fb-7c3d-4ef1-b786-8e3ffa100956","d51c264a-047a-4186-8242-bf22173d7880","Michael","Penix","-","110.4","1",,"QB","Atlanta Falcons",,
"74ce1bae-570f-4bb5-9723-71d9209ec5c6","2475b4f9-d810-400a-b463-41b80c7cbd23","Shedeur","Sanders","-","101.1","1",,"QB","Cleveland Browns",,
"24714e8b-82ab-452c-a4f1-e70a8fb3fc1b","175b1ba2-1909-4dd9-be0f-5bd84b210a60","Skyler","Bell","-","92.2","1",,"WR","Buffalo Bills",,
"5a7bb2f3-2862-4d69-82e5-36c37538a798","6ad9ab0b-85ec-4e78-8a6d-b04322d04a84","Tory","Horton","-","92.0","1",,"WR","Seattle Seahawks",,
"75fb28e6-1910-4341-bad3-37e0f5f8ddda","18d5e027-fefe-4ed9-bcfc-da8cb61c01b1","Chimere","Dike","-","91.4","1",,"WR","Tennessee Titans",,
"50856d55-799a-4224-8f61-67a7d42cfff9","9ac7f561-3d24-45aa-9773-36387ae241e0","Chris","Bell","-","91.2","1",,"WR","Miami Dolphins",,
"e96a3f92-a79a-4520-ad68-74fdc2d86abd","eb73db58-a2c6-4493-8ebc-d32ef72f00cd","Devaughn","Vele","-","91.0","1",,"WR","New Orleans Saints",,
"adba2ab6-d504-4381-84da-654f50c7b837","eb8ed468-74f8-4713-aac4-7280c3e3dbcf","Ja'Kobi","Lane","-","90.1","1",,"WR","Baltimore Ravens",,
"9de49e24-5327-4506-9efe-e5ac7cd62aad","cee10b9d-7ede-4a61-abf6-cfff4b4e180e","Darnell","Washington","-","88.9","1",,"TE","Pittsburgh Steelers",,
"de3426ee-8a19-4bdf-acb4-6b39a55b8cd2","b2355d99-f555-4e51-b303-911afe6de613","Troy","Franklin","-","85.6","1",,"WR","Denver Broncos",,
"5217b397-622f-4698-a83b-b734ddafaf4e","7212c057-c051-453d-a287-2c16dcd6781d","Rashod","Bateman","-","84.1","1",,"WR","Baltimore Ravens",,
"4ee81331-f27c-4a17-9b46-0ecb78e5e118","8420d79d-57f3-4296-90df-0edd9d78ab7b","Jaylin","Noel","-","82.9","1",,"WR","Houston Texans",,
"f1c1718f-ec26-459c-973b-244a4dc678c8","b426553f-ac96-43b5-a608-8f9ae93fe3ae","Malachi","Fields","-","81.6","1",,"WR","New York Giants",,
"37e9afa2-e60b-4465-996a-2c67fd1a79eb","483cd6ba-5233-4bf9-b586-51b4a9524d49","Eli","Stowers","-","81.4","1",,"TE","Philadelphia Eagles",,
"546c7e68-f5be-42df-b78c-9ccc77107a7e","fe9a52e1-671b-41d1-b2ce-0a515dc65796","Michael","Mayer","-","80.8","1",,"TE","Las Vegas Raiders",,
"96a2c1fb-d4fa-47ac-a64d-bb36bd0ce094","7202445c-cbea-4c42-a6c0-a5f498e2ff06","Cole","Kmet","-","79.7","1",,"TE","Chicago Bears",,
"006ad1c6-53d5-4b40-b998-56f0bc9c6c90","d4876b19-e62c-4847-91e9-005b43213ee5","Mason","Taylor","-","77.3","1",,"TE","New York Jets",,
"8a5cfc63-36ed-4eeb-90f1-20a75d6b4ca2","1cdc8a84-3a59-46aa-b43f-c7e84768099b","Theo","Johnson","-","77.0","1",,"TE","New York Giants",,
"dcd99afb-c949-4ad3-8c1e-87b8b076b1a6","93c47d61-ed85-444e-82ce-ae7e28dbea3e","Dawson","Knox","-","76.4","1",,"TE","Buffalo Bills",,
"ab22a1fa-f26b-4476-9c0c-5c7e18179e09","99915e61-05a3-420b-9414-4b7cc5dec39a","Olamide","Zaccheaus","-","75.8","1",,"WR","Atlanta Falcons",,
"6bc51e6a-3c12-4acc-996f-44f32d263c41","9a5008b9-2fe9-4477-8590-2205f82a337c","KaVontae","Turpin","-","73.5","1",,"WR","Dallas Cowboys",,
"eea8c2f0-c83c-4179-9595-e36cc09eb306","1ba2693b-2bf7-4192-a4d6-493485dccf19","Elijah","Arroyo","-","72.2","1",,"TE","Seattle Seahawks",,
"1c83cbec-d0d1-46f3-a159-005ad893ea87","031e196b-ce1a-4890-93ad-2a7cefedfe5d","Marvin","Mims Jr.","-","71.9","1",,"WR","Denver Broncos",,
"7db35203-e7c3-4c7e-a53a-b070bdc2d4b9","e869931d-488d-4a8d-908c-b89e8d83a4e9","Isaiah","Bond","-","71.8","1",,"WR","Cleveland Browns",,
"012886fc-c938-4673-ae8f-823b9452d84d","06c716c4-808a-4e8a-9630-a379315ef34d","Kendrick","Bourne","-","71.3","1",,"WR","Arizona Cardinals",,
"5b3c6f12-1c71-40bc-b327-6a8efb13d86a","06b8ec36-1e24-493d-8a1b-f8c9d0b68b28","Jake","Tonges","-","70.8","1",,"TE","San Francisco 49ers",,
"49c9e74f-d618-4841-beec-f2ba1a79d14f","aff41efa-823a-4bf3-b4bc-4d197adf9e50","Evan","Engram","-","70.7","1",,"TE","Denver Broncos",,
"251bd88d-8bae-41f3-94fc-d82247210cdc","c30a3a40-ba8b-4a16-b425-a5665aa3c8d9","Justice","Hill","-","67.7","1",,"RB","Baltimore Ravens",,
"12ff79e6-24f0-4f08-825b-d397390ef553","b181f433-8f54-47cb-9bfd-d0ccbd906704","Theo","Wease","-","67.6","1",,"WR","Miami Dolphins",,
"d4b2060b-a4c5-4811-b6fe-e44300a39329","824a3936-fc27-4f96-8c56-7adc402a5509","Hollywood","Brown","-","67.5","1",,"WR","Philadelphia Eagles",,
"2d14349f-807b-42b0-ac07-b6c9b6a75983","da6fd68c-1e09-44b8-b4a9-43eefef7769a","Xavier","Legette","-","66.0","1",,"WR","Carolina Panthers",,
"87cc486e-cd73-4f18-a63d-b46a83661e09","5b561cfb-843a-442a-8cb8-1953c3f7aaef","Jahan","Dotson","-","63.9","1",,"WR","Atlanta Falcons",,
"825e4d63-bd06-4198-9d7c-6b7cbb067ea9","51fa7a91-93c6-4aa5-bf9c-1347f419b995","Tyquan","Thornton","-","62.6","1",,"WR","Kansas City Chiefs",,
"06af1e0f-f09d-4e3e-835b-068b63d3049e","18eda942-efb4-4a9a-916a-ca718e01e315","Will","Kacmarek","-","61.6","1",,"TE","Miami Dolphins",,
"40efe3ef-34cd-4c38-8c1a-0d090972ecce","53abb812-7fc9-49d8-b26d-c46d9254e7e0","Isaiah","Davis","-","60.5","1",,"RB","New York Jets",,
"e7bfcce7-a64d-49b1-838c-835f5bf22204","63e60cc6-a2c2-40dd-93ab-72e0faac9083","Mack","Hollins","-","59.9","1",,"WR","New England Patriots",,
"6e7b065e-f56a-4a44-8abc-3b3b354f1177","3d2e5fa4-acf2-4036-89c8-077f0f2fbaa6","Josh","Cameron","-","59.6","1",,"WR","Jacksonville Jaguars",,
"3bd07319-2837-4f33-a730-0cab2c127965","03b5560b-9a42-40c5-99db-d697c5ec7fa9","DeMario","Douglas","-","59.3","1",,"WR","New England Patriots",,
"a471ae1e-765c-4aad-81f2-5ace531c1b6b","5156f6c4-c6f4-436b-8e99-c9a74919f4d0","James","Conner","-","59.2","1",,"RB","Arizona Cardinals",,
"8b0f516b-971c-417e-989b-1dc782772e95","60875711-004e-44b6-b5e6-b8e023b2ed63","Noah","Gray","-","59.1","1",,"TE","Kansas City Chiefs",,
"31ec2530-824a-4bea-a201-945061605195","db3719e9-05e4-4794-bbb9-21536c06cd9f","Justin","Joly","-","58.0","1",,"TE","Denver Broncos",,
"e7a425a5-98fb-4f8e-b260-0f4522c4e34b","67094292-2832-4cd4-93b9-541c58b343bc","Joe","Royer","-","57.8","1",,"TE","Cleveland Browns",,
"61b68f71-a70d-427a-874e-1dcaa33a4f22","54854ab0-6688-41b5-9f5b-4c7bb6ea5b62","Samaje","Perine","-","57.6","1",,"RB","Cincinnati Bengals",,
"93d41e47-c79e-4666-927e-7d65c73823fe","3268cb32-1bbf-46ec-9f83-516a7bb8d88d","Zavion","Thomas","-","57.2","1",,"WR","Chicago Bears",,
"8cc5d928-b541-4bf1-a656-44537e4dc5b4","eb53171b-5140-4f97-b2d2-d93220a4235d","Carson","Beck","-","56.9","1",,"QB","Arizona Cardinals",,
"e3220358-45e2-4eea-bb21-5eb5dd3107aa","a47dd560-6054-4631-a6f0-fee5ae1d3903","Elic","Ayomanor","-","56.7","1",,"WR","Tennessee Titans",,
"cd9bff68-4820-4e16-8ac3-648789278ea7","556a7c29-a17d-4660-a21a-8d9406502fe1","Emanuel","Wilson","-","56.5","1",,"RB","Seattle Seahawks",,
"940dc59e-feaf-46d1-aed4-c4ae235502c6","3b52bb3e-e968-4cee-a97d-940152a485c6","Chris","Brooks","-","56.3","1",,"RB","Green Bay Packers",,
"e1761b28-46d4-48f9-9fa9-e76f47e3cc40","24cb1ed2-c224-4bc8-9514-d9e809ffb803","LeQuint","Allen","-","56.2","1",,"RB","Jacksonville Jaguars",,
"3eccf305-719d-4a40-9c3f-ed7cc0a90173","90afc2b7-44f3-4865-ae3f-2995a09e923d","Max","Klare","-","56.1","1",,"TE","Los Angeles Rams",,
"6441a8e8-5bf7-4371-a573-4d61853dc41d","b051fda9-3b0a-4535-8831-555fd2e0172a","Ty","Johnson","-","55.8","1",,"RB","Buffalo Bills",,
"c0875957-3a04-4566-8e54-f1065dcfe4e4","5a177f4c-a65e-418d-83ff-d1ad01527116","Jack","Endries","-","53.3","1",,"TE","Cincinnati Bengals",,
"cb192321-aa7c-442b-9b7d-7e59ba82427d","5abb3ca4-4a11-4f1c-8428-0b48b1b251fd","Braelon","Allen","-","52.2","1",,"RB","New York Jets",,
"9b160124-ec22-4e56-a9c4-3782591271fa","e6ea81a9-a676-4a48-bcbc-2b97cde9e29a","John","Metchie III","-","48.8","1",,"WR","Carolina Panthers",,
"56d89619-8b1b-412b-ba51-9979106d9a77","17f8f4db-0b38-48ff-b9e3-a42af0fc3aa2","Christian","Kirk","-","46.4","1",,"WR","San Francisco 49ers",,
"1104ad80-8994-403a-a110-5528acd4445b","210f4a16-ccbe-44eb-a85e-a36c74493f76","Jaylen","Wright","-","44.1","1",,"RB","Miami Dolphins",,
"d2901d80-7493-4d11-858c-4729e43ff81f","50c1e9a5-e212-4cba-ac23-d8c8084a6b2b","Calvin","Austin III","-","43.4","1",,"WR","New York Giants",,
"b16cc07b-f5fd-43fb-9c32-d55e61bab53a","db99b2e0-ad8a-48a4-96cb-a7d5f4f57661","Kirk","Cousins","-","43.2","1",,"QB","Las Vegas Raiders",,
"63c3b7c5-7dc3-4ff3-ad23-51aa0be22234","5d7ad076-721d-457c-9ca8-fc7d101e8929","Kaelon","Black","-","42.3","1",,"RB","San Francisco 49ers",,
"1d093a1d-057d-4753-b9b2-64b3883fa175","55d0e0e1-01a7-477d-9771-335ae7614dab","Elijah","Higgins","-","41.9","1",,"TE","Arizona Cardinals",,
"02150f50-84db-4de8-acee-e6d461e0a501","fc34d072-b799-4255-bc77-c0ad61ba773d","Konata","Mumpfield","-","41.7","1",,"WR","Los Angeles Rams",,
"f5cd98e7-c67c-4216-80ea-417405d2a57e","310f6ab2-d104-47b0-aeec-4cfb8660c5fb","Jalen","Royals","-","40.7","1",,"WR","Kansas City Chiefs",,
"b86aff57-e649-4170-b32f-abcf8577af29","128e2e2f-63f1-4629-a74c-1379076d1ff0","Luke","Musgrave","-","40.6","1",,"TE","Green Bay Packers",,
"1748641f-22aa-47cb-90f4-f0375826019d","dc551b03-9c78-4796-b578-776208fbebb8","Daniel","Bellinger","-","40.1","1",,"TE","Tennessee Titans",,
"f404ed0a-8488-4d73-a52c-1662f195f79f","5f62b3b1-6f8b-4f71-8a23-e4c9df9ddec1","Oscar","Delp","-","39.4","1",,"TE","New Orleans Saints",,
"452c9ad2-9bb4-4f87-b97c-55034ae167c6","338badf3-8cae-450f-8b29-1f5592890e1f","CJ","Daniels","-","39.3","1",,"WR","Los Angeles Rams",,
"a6e1b5d0-be3e-4bb6-93cf-3bf4d874e691","ea548612-2932-44bb-b77f-f340cf23c896","Brenen","Thompson","-","39.0","1",,"WR","Los Angeles Chargers",,
"2b1f4c13-d0ff-4584-88e7-22bbe0305567","b18ac210-a3e4-4785-8dd8-c712ac1d9819","Keon","Coleman","-","38.8","1",,"WR","Buffalo Bills",,
"935545b9-ef9e-4bf3-83d9-94251db9f2ed","47af340c-9b41-460c-b622-578bd23fe354","Bryce","Lance","-","38.7","1",,"WR","New Orleans Saints",,
"1ec2b3d7-4fd0-4ef3-ab30-72229dad483f","c35b6964-a0c4-48c2-9d0d-24bcc1faf218","Rasheen","Ali","-","38.7","1",,"RB","Baltimore Ravens",,
"c9497200-3dd5-4d43-8cab-931c2ea83499","9d7702cf-633a-4956-a171-67db1e9d74a1","Charlie","Kolar","-","38.4","1",,"TE","Los Angeles Chargers",,
"6548d992-8bcb-4abe-84b1-9389a87f7a6d","c19265ce-22ad-442a-9fa1-57e77f739cc5","Tez","Johnson","-","38.4","1",,"WR","Tampa Bay Buccaneers",,
"3d0476f6-0722-46e5-8e03-2cb56737d059","0869b87c-9a45-4bc7-a236-0e3598c32e73","Emari","Demercado","-","38.3","1",,"RB","Kansas City Chiefs",,
"bff5c925-30c7-4b7c-a3f7-02337b6b99fa","35d8246e-40f3-4465-a67d-f09b6d29f466","Demarcus","Robinson","-","38.1","1",,"WR","San Francisco 49ers",,
"0eb76d4c-0b7a-44ed-ac50-b83b1c91ea1e","79320ee3-7596-461c-8080-118ecf7cba77","Ja'Tavion","Sanders","-","37.8","1",,"TE","Carolina Panthers",,
"64c1c558-51ec-4c5c-972a-182845c9dd32","841390bd-c51e-4068-9ca8-483af19d22cf","Jaylin","Lane","-","37.7","1",,"WR","Washington Commanders",,
"6c69c15f-4187-4ce6-8835-62f7f5b8f5c4","61237872-a193-4bb5-971e-495b5cf7147d","Cyrus","Allen","-","37.2","1",,"WR","Kansas City Chiefs",,
"7942d891-cc76-475b-85b2-d927be6d641f","d91fab35-c660-4340-be36-6300bce92d69","Justin","Fields","-","36.7","1",,"QB","Kansas City Chiefs",,
"4c283a8e-17c6-4dac-abc6-3b0f0bc19c0b","80be2bb3-d0f1-414c-bedb-9f17befcae71","Noah","Fant","-","36.6","1",,"TE","New Orleans Saints",,
"09f35c66-5c9c-4ca8-9c87-089820ff33e0","7a6f8d16-b8c1-49bd-a548-424086c62564","Seth","McGowan","-","36.3","1",,"RB","Indianapolis Colts",,
"2349161b-ec88-42d5-a22d-e94b68594ab8","cb8bec1b-404b-4f9b-9838-4034dbc9f106","Demond","Claiborne","-","35.5","1",,"RB","Minnesota Vikings",,
"e2f4c8b8-0793-4b25-b90a-474c7266d46c","1a5c43e1-6534-43f5-9c5f-29915ccb236c","KeAndre","Lambert-Smith","-","35.5","1",,"WR","Los Angeles Chargers",,
"d32e5b03-5ec3-4725-a5f8-d363a0efc43a","97ee986e-2744-43fe-8fb2-7e787b0ad1a9","Treylon","Burks","-","34.8","1",,"WR","Washington Commanders",,
"ad633b8a-3935-4ab3-a0fc-23e2948a98ce","64aa98a7-b359-4597-84f7-affa2d6dc720","Jalen","Tolbert","-","34.2","1",,"WR","Miami Dolphins",,
"75776eab-2a03-4aab-9700-5167ecc2bb49","3dbfc6a5-897d-40fd-abfb-f36db25da8e6","Devin","Neal","-","33.9","1",,"RB","New Orleans Saints",,
"6e9d10bd-0cbc-4f58-b604-7709b6dc6b2b","eb371b30-ce64-4ac5-a210-c3ad540b2c6f","Michael","Trigg","-","33.8","1",,"TE","Dallas Cowboys",,
"0c786e37-28ab-49c9-bf7a-f6f50ed3d5e3","467d16c8-fe6f-4e5b-b87a-5aa7f1ad4ff0","Will","Shipley","-","33.8","1",,"RB","Philadelphia Eagles",,
"806bdaf2-80d6-416d-adca-f9bed79144e9","dfb6a448-33eb-4fb4-aaf8-8e9f29e36039","Tutu","Atwell","-","33.7","1",,"WR","Miami Dolphins",,
"e615d02a-8c07-4c28-a3ed-91ae4e2eb5a4","6cd5bf09-3b66-4640-87e4-e532c0c7b175","Malik","Davis","-","33.7","1",,"RB","Dallas Cowboys",,
"ac8c4372-a293-4a80-be52-1feae0786c39","b88b6f62-94c2-4dc8-b170-7c8ed09f979d","Sam","Roush","-","33.5","1",,"TE","Chicago Bears",,
"eed5b99a-e201-48ad-80a2-ba43dd5422a8","7fe3c9fd-a76a-4f68-9bc2-97f539b92e0a","Isaiah","Williams","-","33.3","1",,"WR","New York Jets",,
"bbca324f-abed-46c2-b8a8-7f935a9d302d","fd498b49-4486-47b1-abfc-55cb48b3e6e7","Austin","Hooper","-","33.2","1",,"TE","Atlanta Falcons",,
"27c4bb9b-aff2-4a93-9fbc-d47e15ad45bb","92735296-f7e4-413f-9672-6b05d5e8175c","Cade","Stover","-","33.2","1",,"TE","Houston Texans",,
"c901ca23-c792-454b-b37b-0741e3fd22c0","2d216fff-284d-4e8b-be0d-466e8dac63ca","Eli","Raridon","-","33.0","1",,"TE","New England Patriots",,
"1ebdaa4a-d7ec-43f3-ac1c-5d7938d78963","56f7a603-f900-4d03-b066-da707e738d6d","Tyler","Higbee","-","32.9","1",,"TE","Los Angeles Rams",,
"1ae01b89-962a-4d67-814f-7795fee261a9","e618420d-cd19-4717-9e36-d8154d3d8525","Tanner","Koziol","-","32.8","1",,"TE","Jacksonville Jaguars",,
"e4f2d158-8799-4de9-a1b6-773c41863356","146258da-2441-4e3b-a1fe-6ef9c566806e","Joshua","Palmer","-","32.6","1",,"WR","Buffalo Bills",,
"c7528da3-eca5-4058-a391-7989905fdf1b","9bac385a-16a2-469d-adf8-1b1192547421","Xavier","Hutchinson","-","32.5","1",,"WR","Houston Texans",,
"6c35a66a-a39c-43ab-a414-54aac8ceab1a","12955b39-c44d-41b4-8a6b-2c4990413acf","Caleb","Douglas","-","32.5","1",,"WR","Miami Dolphins",,
"c33e477a-d83a-49ec-b0ca-2e4d9bbab651","94372654-e75a-492b-bdbe-90253823a7fe","Kevin","Coleman","-","32.4","1",,"WR","Miami Dolphins",,
"1d764543-de87-4648-b2f2-921e13550e31","cae68b99-a9fb-4c87-afb5-7040a6e4ff9b","Taylen","Green","-","32.3","1",,"QB","Cleveland Browns",,
"b8db1431-8e9d-46dc-a68f-43def3434450","9488ee95-2552-4114-9b74-adf434dc6b7b","Kaleb","Johnson","-","32.0","1",,"RB","Pittsburgh Steelers",,
"f1cebe7a-0dce-4b73-bccd-b9d1b0d015ce","ca7ee3ec-0a3e-431d-8adb-3ed3889433eb","Savion","Williams","-","32.0","1",,"WR","Green Bay Packers",,
"3ddebc27-7b05-4e74-aa3c-0ed8a2fee73c","c424b9c7-775f-4f2c-92e9-99af1b8093b0","Mitchell","Evans","-","31.9","1",,"TE","Carolina Panthers",,
"62d3d329-9711-48da-b984-a3f10321b6c9","38f13e26-e56d-4a89-86d6-d30408130000","Jackson","Hawes","-","31.9","1",,"TE","Buffalo Bills",,
"1642d63e-ffee-4b33-90a0-502fe7498835","b26d253f-6295-44a3-97e6-09e84c71bb48","Tommy","Tremble","-","31.8","1",,"TE","Carolina Panthers",,
"2209694e-845d-4941-bfd5-4b5594d40d2f","e10364c6-ebf2-41a2-a2b0-cbc100ab15f4","Matt","Hibner","-","31.8","1",,"TE","Baltimore Ravens",,
"a00b1283-2f86-4275-8621-e55583bf35e2","fc2abfb9-cf17-40e7-a5a0-3cd636ecca49","John","Bates","-","31.8","1",,"TE","Washington Commanders",,
"a7a94a0b-d1d2-4660-9078-8addbdffe4e7","b7aaf613-cb5b-4a33-bb97-1e0c672e0346","Jaren","Kanak","-","31.6","1",,"TE","Tennessee Titans",,
"f7240bc9-cf32-4459-8a99-1aa8b1d6838f","e3483a58-8c47-4cb3-aa36-449ba8258c8e","Miles","Kitselman","-","31.6","1",,"TE","Detroit Lions",,
"a09e94b4-1abd-4571-96b2-cc989fa32453","0b52547e-7c90-4ce4-8a65-9d1dd47782d5","Lance","Mason","-","31.6","1",,"TE","Pittsburgh Steelers",,
"ea7f6745-bc60-41b9-8063-d5c4d6a3acd1","c4395b6e-4cfa-4303-9e8a-c9333d134f22","Drew","Sample","-","31.6","1",,"TE","Cincinnati Bengals",,
"fba78530-8b95-4da3-bad5-ff84afce1219","ac9f0cd0-ddc3-40a2-bf05-bd919e0630d3","JuJu","Smith-Schuster","-","31.6","1",,"WR","New York Giants",,
"c30719ce-163e-4a93-bdac-9e5fa8fcec7f","b2383320-4cbb-4309-9bbb-ddc546953c9e","Luke","Schoonmaker","-","31.4","1",,"TE","Dallas Cowboys",,
"3539a076-a3fd-430f-b39a-52cb761ef3a8","41fef058-6c30-47d1-8aea-93ba62a28714","Josh","Oliver","-","31.4","1",,"TE","Minnesota Vikings",,
"ee1f144e-f0e7-4b0c-b9c2-81052b09c767","a4fe75c1-eb67-4ab2-a8f0-4912075e55d1","Efton","Chism","-","31.2","1",,"WR","New England Patriots",,
"cbf971ea-117e-48cc-80f8-4d10b220a913","1f64ef3a-a455-4fd5-8978-c1d15e34b133","Kyle","Williams","-","31.2","1",,"WR","New England Patriots",,
"59599a7e-5bcf-4776-8f17-0a4ae1f11586","d2efdcd7-bb41-41c7-bcb6-416029b646bc","Trevor","Etienne","-","31.1","1",,"RB","Carolina Panthers",,
"1ad0f228-0a8b-4829-8431-c969cc6047de","aacacd01-0896-4871-bc82-ca629e458735","Colbie","Young","-","31.0","1",,"WR","Cincinnati Bengals",,
"d6365cce-9e7c-427f-b5c8-ae4778e688ce","15346155-dba2-4ccd-ac28-d5bde0a39715","Kevin","Austin","-","30.9","1",,"WR","New Orleans Saints",,
"59417ea6-256d-47fb-a7f2-21d9158663a3","1619382f-6558-436e-8085-45e38c4ba308","J'Mari","Taylor","-","30.7","1",,"RB","Jacksonville Jaguars",,
"19dbe7da-65a9-4be2-99d3-a12edf3b22fe","fc901d7a-b7d6-45cb-9b1a-82af2a920719","Jimmy","Horn","-","30.2","1",,"WR","Carolina Panthers",,
"eb57d487-dfbf-4e23-a969-5b67fe45f6ec","5c195f8f-d952-4f10-bc55-86c994380b1f","Aaron","Anderson","-","30.2","1",,"WR","Cleveland Browns",,
"34574427-ddc0-4e7c-b637-0f0f127695a5","35d179b2-7591-4942-b63c-fbeeb80bd415","Adam","Randall","-","30.1","1",,"RB","Baltimore Ravens",,
"bb55187d-9833-403a-8ba0-9f8e7396b9cd","2af626f5-ea50-41c5-a7ce-5aabdbb97d60","DJ","Giddens","-","30.0","1",,"RB","Indianapolis Colts",,
"34339fb5-e5ab-4cc2-9c3e-1a750e4d6a17","72f7bc71-cd75-46b7-a250-ae75e1323862","Barion","Brown","-","29.6","1",,"WR","New Orleans Saints",,
"98410ade-3637-4012-98a4-97aebf92616f","1fc78600-62ae-4e73-bd4d-5888d5471eab","Marlin","Klein","-","29.5","1",,"TE","Houston Texans",,
"d24a2056-2b78-4b7c-b501-de09763807eb","7c78abee-11ad-4ed0-a8b8-c17b0cd69330","Dont'e","Thornton","-","29.4","1",,"WR","Las Vegas Raiders",,
"2a7dafb1-9ddc-498e-a042-2ae9119dad43","38917e20-0ef1-401e-89ee-c42ca307cc3a","Brevyn","Spann-Ford","-","29.4","1",,"TE","Dallas Cowboys",,
"031215e1-99e4-4b46-b412-0870c4be1afb","45528d76-3b4b-4a37-8b39-0f312f64d260","Eric","Rivers","-","29.4","1",,"WR","Tampa Bay Buccaneers",,
"b3b9307b-a9b5-4fb3-9f0b-fc934e25ba05","f03c4ce7-ce1d-4ebe-aa83-333226706eca","Trey","Benson","-","29.2","1",,"RB","Arizona Cardinals",,
"e2bc9cff-d1c6-4414-a54c-1d87825eecba","83e72a8e-fb32-4450-bf5a-04070626c19e","Tai","Felton","-","29.2","1",,"WR","Minnesota Vikings",,
"85f11539-ad16-48a1-9f22-7c5656270578","856e4913-47c1-4aca-b38b-11f6fcc2b45e","Tyrell","Shavers","-","29.2","1",,"WR","Buffalo Bills",,
"862dae96-fbdc-4ce6-97fc-c3bd539d12ec","16b23189-7d4a-48e6-96c3-cf57ccfd2e6f","Derek","Carr","-","29.2","1",,"QB",,,
"63141339-909a-4ee3-ad08-96eb3dd69217","360552c2-774e-4ebe-8f1c-a33d5bdb3365","Joe","Flacco","-","28.7","1",,"QB","Cincinnati Bengals",,
"9b25e1b3-8506-44c4-bee6-276698d15575","dd91cacf-e0a3-4032-9efc-7bc59b150c96","Mac","Jones","-","28.7","1",,"QB","San Francisco 49ers",,
"f6be33ee-df8c-4271-b8b2-da6832cf3bd4","5b20564e-707a-4d94-b213-5f216c70b815","John Michael","Gyllenborg","-","28.4","1",,"TE","Kansas City Chiefs",,
"2a38426d-e754-44b5-a5be-9225768b468a","a26b9a09-612b-4ca2-8fe3-70a1c56c4131","Odell","Beckham Jr.","-","28.0","1",,"WR","New York Giants",,
"b18d3645-4b2d-4be9-b8da-0733ed5993cc","5fb5d84e-ab97-4048-8347-cb2dbf062e61","Gardner","Minshew II","-","28.0","1",,"QB","Arizona Cardinals",,
"976a6072-05ac-4aeb-8124-4516f305978f","221181bd-e4ef-4380-899e-7b2a6aae962b","Josh","Cuevas","-","27.8","1",,"TE","Baltimore Ravens",,
"12fe9f60-578c-42c1-ba55-d57939c4e85c","a8f308d5-bade-4b9c-bd91-129f605897e7","Adam","Trautman","-","27.8","1",,"TE","Denver Broncos",,
"90626cbf-e25c-485d-9ef6-beb5a0d0a7a7","a6a4c9bd-0043-48c6-9237-0987eb2a8b47","Greg","Dortch","-","27.7","1",,"WR","Detroit Lions",,
"fe055bd9-9123-4853-9523-ad5fda011590","af156259-1bbb-4d40-97f1-5dbd14fa7006","Kalif","Raymond","-","27.7","1",,"WR","Chicago Bears",,
"2fa397fd-90c2-4111-a668-481f7b1b82d3","8a870822-ea81-4066-957e-8964f37d1452","Deion","Burks","-","27.6","1",,"WR","Indianapolis Colts",,
"c8941cf4-7543-43ab-853d-6d2efb82c152","97457ab9-3881-4a1d-8874-a3bac4b9f1aa","Ben","Sinnott","-","27.5","1",,"TE","Washington Commanders",,
"bb6c12a3-f9d6-4883-b09d-4791aa7ab5f7","be6b435d-8b58-4b1c-bf4b-4c33c87bfb49","Nate","Boerkircher","-","27.4","1",,"TE","Jacksonville Jaguars",,
"5e283137-bfb9-4f73-a72c-59c5c827b82e","568b03d7-5389-42d3-8f16-1ac14ba5da0f","Brock","Wright","-","27.3","1",,"TE","Detroit Lions",,
"291bf80b-8328-4011-88bf-2a13b1cedd43","3673fc23-4825-46a3-85e6-f427be061bfd","Jawhar","Jordan","-","27.0","1",,"RB","Houston Texans",,
"3db90990-a4ff-49cf-a5a2-0384b59812c2","6f5bdbd6-640a-4f62-b8f2-3797b340e2d6","Marquez","Valdes-Scantling","-","26.9","1",,"WR","Dallas Cowboys",,
"e4aa58a0-6eea-4756-a2fa-c8ff511a6181","1bd7b256-4a5c-4568-b75f-bdf53a24cdf1","David","Sills","-","26.9","1",,"WR","Tampa Bay Buccaneers",,
"30538ce4-a274-4789-88eb-61e1adfb5b49","4df49d8f-f0b9-4b5e-9637-351c25cb296d","Roman","Wilson","-","26.8","1",,"WR","Pittsburgh Steelers",,
"8b6529de-5a34-4db7-b74b-4a2e0b543343","153696a9-1fbb-4205-b382-2813daac42df","Nick","Westbrook-Ikhine","-","26.7","1",,"WR","Indianapolis Colts",,
"3d9b2689-65dc-46bb-be27-2f0fcecfa30a","f5106453-fc94-4ffb-b843-cb5b15cdb4dd","Jerome","Ford","-","26.3","1",,"RB","Washington Commanders",,
"91583f02-b951-41a5-8f98-75c4f586aad0","6583b5d9-cc0f-4393-9801-4dd6e747b4c0","Jahdae","Walker","-","25.9","1",,"WR","Chicago Bears",,
"dc272622-de0e-4493-b2f2-ded2b1024b2d","95c6a77b-e53f-46ec-adfe-ffba1ed6c4cf","Grant","Calcaterra","-","25.6","1",,"TE","Philadelphia Eagles",,
"48e22688-d88a-438e-83d5-7215f2b3b504","908e1c00-304c-4942-8afb-a850d4179f0c","Will","Howard","-","24.5","1",,"QB","Pittsburgh Steelers",,
"2b393119-be9f-4853-91e8-079cbd5d7a42","97d06b85-f888-4e2b-8c56-ef35e7a58b1c","Tahj","Brooks","-","24.4","1",,"RB","Cincinnati Bengals",,
"c2ce4fb0-5cb0-484b-97dc-3672606cd051","5ffeb14e-0840-4016-b782-bd17b04cc1e0","Xavier","Smith","-","24.1","1",,"WR","Los Angeles Rams",,
"1af5bb39-69df-4d6a-bbb3-ee91fb9c6d29","44372baf-afb3-40ea-821c-278a73211585","Drew","Allar","-","24.0","1",,"QB","Pittsburgh Steelers",,
"06dde3f7-f028-46c1-97ef-0ae2fb1cfde5","251167b7-c979-4c25-8634-e0850e90409c","Cade","Klubnik","-","24.0","1",,"QB","New York Jets",,
"e111e28a-0ddb-4803-ac51-a0bde9808fac","b37b6f6c-4d40-4b28-96eb-8032f1852452","Lil'Jordan","Humphrey","-","24.0","1",,"WR","Denver Broncos",,
"2da1dac4-c7ca-4cd8-9a15-df0aa3a54318","e9c2c7c2-1571-4540-af04-68952b3cee6d","Jordan","Whittington","-","23.3","1",,"WR","Los Angeles Rams",,
"3c038932-085d-401d-b541-079c6a41f9dc","eaba77da-92c7-465f-93b1-be92b595a02b","Ollie","Gordon","-","23.2","1",,"RB","Miami Dolphins",,
"6a6a8b2c-7fc7-41f2-968a-7a67a7e27ae6","a19ea407-bcfb-42a4-bf8d-29742ea85241","Audric","Estime","-","22.6","1",,"RB","New Orleans Saints",,
"7f3b3814-e63f-4968-a3a2-6f2438422cf9","bf40e425-b01f-43bf-a833-b021427efd7e","Dameon","Pierce","-","21.8","1",,"RB","Philadelphia Eagles",,
"1292244f-f0e9-4a4c-8334-1073f5007958","22b7ee23-cb3a-4d47-af90-a369c693e934","Anthony","Richardson","-","21.3","1",,"QB","Indianapolis Colts",,
"57acaea2-4871-4925-ab5f-a7bf6576cd83","f1bbb892-67d2-4881-9032-7d1438511a4a","Isaac","Guerendo","-","21.2","1",,"RB","San Francisco 49ers",,
"362b1f00-7358-4a75-b30d-5da1be60fdc4","afca530f-1f10-4448-85dc-7272cdb6a470","Jam","Miller","-","20.4","1",,"RB","New England Patriots",,
"b08b446b-6327-4a26-86e1-185a5f263eab","dc5c1cb0-debb-4aed-93ca-97a348af5a88","Brashard","Smith","-","19.9","1",,"RB","Kansas City Chiefs",,
"4365fbc1-ad17-468a-8345-1e76357d4fc1","f9ab7c50-5ada-4c0f-bb41-2452e8ccec80","Kyle","Juszczyk","-","19.9","1",,"RB","San Francisco 49ers",,
"5aea6af6-ef57-43b6-baf6-01a6ad71544c","cc2d5397-aa26-4ca6-956c-7f5816a1671d","J.J.","McCarthy","-","19.6","1",,"QB","Minnesota Vikings",,
"9b669ff5-ac6f-496e-b51c-975bc5467fa7","1b1dae18-5051-40d8-8bdd-0e992a9ec001","Tip","Reiman","-","15.4","1",,"TE","Arizona Cardinals",,
"51344173-c652-4b92-b8bc-fa7e0041b1b4","60454cb5-6295-42e9-b0bb-1058245c62df","Mo","Alie-Cox","-","15.4","1",,"TE","Indianapolis Colts",,
"fc396c3c-b7bb-465d-bd78-019811e55d1e","679c6b4c-7792-4375-ad85-4f7490556d0e","Connor","Heyward","-","14.7","1",,"TE","Las Vegas Raiders",,
"504ae162-a21d-4fd9-a682-9e841fc62598","90472944-f8fb-4ac5-9876-60713fc2fd22","Trey","Lance","-","14.6","1",,"QB","Los Angeles Chargers",,
"94a9f90d-7826-43b2-94f8-bdce6211272e","d08ae502-5d51-4e6e-973a-141b41628e46","Jalen","Milroe","-","13.9","1",,"QB","Seattle Seahawks",,
"d1ce9e78-c4c7-4f67-b574-4d8b24b76114","a3901a5e-309b-4dc1-b62f-a9e7887ba7a7","Tim","Patrick","-","13.7","1",,"WR","New York Jets",,
"8cb48b61-e66e-4445-b31c-d3988d5bc64a","74f06d39-483d-42ba-b7df-d1612602ac66","Ty","Simpson","-","13.6","1",,"QB","Los Angeles Rams",,
"c8acfaf9-200c-433f-aa6d-28434c655d69","87ab74dc-271d-47a1-9bce-6a0b05cb07be","Marcus","Mariota","-","13.1","1",,"QB","Washington Commanders",,
"967c0309-1c87-440b-a5d3-25b573a1dc19","74ef2f95-0fc1-4347-b8ee-3c3e59d61a54","Tyrod","Taylor","-","12.9","1",,"QB","Green Bay Packers",,
"8c911fbf-abe9-42ad-b937-8da8a71841ed","ad13bb4d-2b58-4eb2-b914-c38cebcc21ec","Jameis","Winston","-","12.9","1",,"QB","New York Giants",,
"2b948fe4-131c-43b5-a555-d2d5a4b50d58","6d3577ae-3df6-4361-ac5f-8ef3609a2a03","Will","Levis","-","12.7","1",,"QB","Tennessee Titans",,
"ff968620-f30b-47d8-a638-2a3965e5e556","37910853-6548-4e29-84ed-c90534a5081b","Tyler","Huntley","-","12.7","1",,"QB","Baltimore Ravens",,
"0a0b1115-cb29-49bd-a63f-3bfc15c60ecd","9d89b8c7-f404-415e-b7b6-77f1390184f2","Spencer","Rattler","-","12.7","1",,"QB","New Orleans Saints",,
"cab78b76-3116-4e3b-8ae6-d8abadd1892f","df8225e2-d641-4d0b-823f-f9090ea21292","Tyson","Bagent","-","12.5","1",,"QB","Chicago Bears",,
"1f616139-67b5-43e4-825c-e04f46745b73","831137ad-faf8-4eb4-b010-c54cc7554d71","Carson","Wentz","-","12.4","1",,"QB","Minnesota Vikings",,
"f6b5bfe4-4426-4451-b152-a6d331087a2d","2f7d2fc9-4748-44e4-836c-034a731998fe","Riley","Leonard","-","12.4","1",,"QB","Indianapolis Colts",,
"7cf27975-c7fc-49db-b262-d0cad6aaf02a","366a4240-0e93-4773-975f-d9db4fe583f1","Tanner","McKee","-","12.4","1",,"QB","Philadelphia Eagles",,
"cd2e930c-f5db-4e3f-a87a-a9f23add8579","7f3319ac-32b9-45c4-ac5e-896fb477efcf","Quinn","Ewers","-","12.4","1",,"QB","Miami Dolphins",,
"dc7a2373-1f3a-41f7-b4d5-210d04e33ac2","ad3eff63-980d-4fb9-9260-311480d0d8d0","Joe","Milton","-","12.4","1",,"QB","Dallas Cowboys",,
"e3836625-679b-4e88-a480-7d612f9ab7c7","2f27a722-1b5e-4d58-9b04-c677869dc81c","Tommy","DeVito","-","12.4","1",,"QB","New England Patriots",,
"09770820-d04f-4290-8214-9badb668e4c1","a9cb4689-5707-40ca-9200-c8c4238c8636","Devin","Singletary","-","12.3","1",,"RB","New York Giants",,
"bc99045f-b2ab-4dd8-a88e-f7436231bd00","708cfb6f-53e4-4d32-ab05-0abe667586b2","Jarrett","Stidham","-","12.2","1",,"QB","Denver Broncos",,
"7d90c347-6c29-4165-9dd3-48ed2a09f8af","73e7723b-4093-4d52-b4c6-d075e33207c9","Devontez","Walker","-","12.2","1",,"WR","Baltimore Ravens",,
"86bfb736-b612-4455-a750-1c097f1af0b5","233408d7-f785-401a-a86e-9b1961e1b2f0","Davis","Mills","-","12.0","1",,"QB","Houston Texans",,
"f6df72d3-b64b-4e18-b707-771f1c577641","7e979d70-ba81-4b1f-a558-99da47b4afba","Nick","Mullens","-","12.0","1",,"QB","Jacksonville Jaguars",,
"a982a449-db8d-407a-abd8-923312cf1db3","92906449-36b7-4a8a-984e-b371c96739b1","Kyle","Allen","-","12.0","1",,"QB","Buffalo Bills",,
"fa915cea-2d4f-4294-bcb4-ce0f7c5ffbfc","71bb8c53-1536-4a76-823a-b397b2b0fd08","Ty","Chandler","-","12.0","1",,"RB","New Orleans Saints",,
"e3389364-25e3-404d-9e32-97a289d27c53","3dcd99af-d7ff-445c-b088-c61faedb6538","Mitchell","Trubisky","-","11.9","1",,"QB","Tennessee Titans",,
"a7d4508f-6f57-4d3f-be03-3b2fd55655c6","76c23746-1006-498f-8195-8fb62e5e6404","Dillon","Gabriel","-","11.9","1",,"QB","Cleveland Browns",,
"a07b6eff-312a-4f39-8a61-ec07cbd95cc5","40e4454b-82c2-429c-890f-379ff69e48c5","Andy","Dalton","-","11.8","1",,"QB","Philadelphia Eagles",,
"0cb31261-b8b2-4ff3-8ff9-e280a1e3bc67","edc3553b-421d-4ae7-83f0-747bcbe68ea0","Mason","Rudolph","-","11.7","1",,"QB","Pittsburgh Steelers",,
"38cd31dd-9c33-4519-9fca-6619c2286250","d21ffffb-a8ff-4ecf-b2fb-86bc5571e7c4","Teddy","Bridgewater","-","11.6","1",,"QB","Detroit Lions",,
"b39c6222-981a-4bb7-9fe4-17c1c7183380","bda0e797-b247-43f5-807b-88a38ca7924c","Josh","Johnson","-","11.3","1",,"QB","Cincinnati Bengals",,
"eb2c23de-8142-4669-9ab6-9b985e827be1","dea916f0-9a66-4430-a84d-85c792f45aa7","Jaydn","Ott","-","11.2","1",,"RB","Kansas City Chiefs",,
"2efa5df5-09be-436d-91a9-4df721c59144","96e509ee-5018-4208-9e36-aba17a349f10","Zavier","Scott","-","11.1","1",,"RB","Minnesota Vikings",,
"63af7abf-868c-4053-b66f-f3355ef423ae","860c13be-50ed-432b-80fb-a335aa2a79c8","Luke","Farrell","-","10.1","1",,"TE","San Francisco 49ers",,
"aa86dee0-ba45-43c5-b6d5-264d0272f95c","5e48750d-552e-4c64-a107-e8d781f8b2da","Durham","Smythe","-","9.9","1",,"TE","Baltimore Ravens",,
"e7d6ccdc-3dbd-4bac-a8c5-07835acfa1df","bf2a9c10-259a-4966-9dcf-b99a61128cf8","Foster","Moreau","-","9.8","1",,"TE","Houston Texans",,
"4225405b-169f-426e-a43c-46183f2269df","3343b3c3-1410-4f12-badb-d0bfa201aab6","Jarquez","Hunter","-","9.6","1",,"RB","Los Angeles Rams",,
"23a852a8-ddcc-4026-8139-de68b7272413","d2e8f3df-8731-4d07-9e3f-08e25626dc37","Riley","Nowakowski","-","9.6","1",,"TE","Pittsburgh Steelers",,
"dc949fb0-55e6-4846-939e-d2621e83ad5d","d5697918-d882-4cc2-9bf7-934b98b9329d","Jeremy","McNichols","-","9.4","1",,"RB","Washington Commanders",,
"0beb7436-9daa-4236-a489-8a5d7e6dc829","dde5b955-a773-4c77-82cd-e70fc383455f","Elijah","Mitchell","-","9.3","1",,"RB","Philadelphia Eagles",,
"ce4e7cf8-d5bd-4f21-a33a-ee62712c311f","46086bdf-1eb0-40ac-b719-35f52292bc12","Jeremy","Ruckert","-","9.3","1",,"TE","New York Jets",,
"44556ec1-b242-454f-ade4-39c4baa8ad90","93254131-3f06-4154-b209-c6aaac760355","Luke","McCaffrey","-","9.3","1",,"WR","Washington Commanders",,
"61d383ce-4871-497e-8416-d9d2b849e5c2","1a783937-492f-47a2-9058-574dc3396d8d","Isaiah","Hodgins","-","9.2","1",,"WR","New York Giants",,
"fc5a7fcf-05a5-4482-994f-9bc3fc5e5551","e3ef1ad8-55f6-4917-b176-3bb475d1b473","Hunter","Luepke","-","9.0","1",,"RB","Dallas Cowboys",,
"d3caf5df-fdf7-48ee-a9f8-bb9702b95db0","87d6d591-514f-446a-8cce-63b8befc4ae0","Cody","White","-","8.5","1",,"WR","Seattle Seahawks",,
"b621cc22-de84-4622-95cd-98140b138bd5","76270f2d-4939-47d5-882e-981a5d07f2a7","Tyler","Badie","-","8.4","1",,"RB","Denver Broncos",,
"cffb7f4c-1916-4509-af0c-52a710077f5a","913471a9-a8fb-4462-947c-9f4dba7f3bd1","Dean","Connors","-","8.4","1",,"RB","Los Angeles Rams",,
"da46e955-d240-468f-8377-a96c9eecb711","82682a2a-6ca8-411c-b723-2aeaaed8787e","Michael","Carter","-","8.1","1",,"RB","Tennessee Titans",,
"6c499b99-752e-4442-a526-ba94e8f540cf","e1542cab-794d-40a0-b024-924f458fd1a3","Lucas","Krull","-","8.1","1",,"TE","Denver Broncos",,
"ae9e8634-5995-4eaf-a7a9-477e73c15dd7","d09fb0f8-e30b-4d7a-8a17-fb9a224f9476","Payne","Durham","-","8.1","1",,"TE","Tampa Bay Buccaneers",,
"9a394ee5-2a0c-43f6-82ec-1f247459a71a","c4df0f2e-cb53-4c4c-a992-addf71733b47","Quintin","Morris","-","8.0","1",,"TE","Jacksonville Jaguars",,
"7fb2b335-9d43-4ce0-86bb-aaa4e4367b9a","fd5802df-0621-42f5-98f1-a006f32815ae","Charlie","Woerner","-","8.0","1",,"TE","Atlanta Falcons",,
"9aba28b2-a283-4bd9-be3a-91741c055dea","325e2a23-0198-4f55-bcba-44d63cdaf314","Seydou","Traore","-","8.0","1",,"TE","Miami Dolphins",,
"4cee036c-baa5-49a1-9dd7-a38b20b3ecd9","5d5502b7-8a0e-46b6-866f-0cea1051de27","Jaleel","McLaughlin","-","7.5","1",,"RB","Denver Broncos",,
"232c2b60-fca9-4499-99ec-ac7beaf652ac","e9d6f9da-9f11-433e-b041-f49493e79515","Pierre","Strong Jr.","-","7.5","1",,"RB","Green Bay Packers",,
"138396cb-c8ea-4939-bf69-1332a0164f99","f710594c-160e-4036-b59a-42051086c3d8","Damien","Martinez","-","7.5","1",,"RB","Green Bay Packers",,
"dc19c12b-317b-46a3-885a-5a5057b2657a","d21e7aec-d294-4fb3-a494-12e1361e8cf0","Dare","Ogunbowale","-","7.5","1",,"RB","Las Vegas Raiders",,
"be1264ae-6229-4542-a34d-1c9b56c81583","4e1c316a-c2ba-4cc7-a21b-ee00821ad5ae","Jack","Stoll","-","7.5","1",,"TE","Cleveland Browns",,
"62c0c872-2c2c-441b-be0a-0a92048090cf","fb27137d-0cfd-4c24-aa8c-205efae02f9b","Devin","Culp","-","7.3","1",,"TE","Tampa Bay Buccaneers",,
"439a4b84-d5ad-4735-a8bb-3ef3ce50d650","03f7b16f-fcc5-49a5-bc39-e4e96b0bfd73","Jack","Velling","-","7.3","1",,"TE","Atlanta Falcons",,
"b9f43a74-fa89-4114-ad1b-b371e74920b3","0b8759c2-8448-4908-a035-0abfe777ce3a","Dante","Pettis","-","7.3","1",,"WR","Buffalo Bills",,
"6216d380-8cdf-445c-954e-41e38ce6c833","c80a3f74-0d57-4f1d-b6e8-9167bcafc9bc","Arian","Smith","-","7.1","1",,"WR","New York Jets",,
"4faea8ba-c039-4fee-bc84-c1c071cac4ce","e0cee736-2dcd-457c-8c87-00dc56bb6856","Ronnie","Rivers","-","7.1","1",,"RB","Los Angeles Rams",,
"ed360025-a0bb-45d5-8866-72262cdda836","69cade60-9e48-48f9-874f-5937cf6d8168","Xavier","Weaver","-","7.1","1",,"WR","Arizona Cardinals",,
"404e6a7d-80af-4c6b-b089-220115184326","abb9bd51-c3f3-4802-9259-ddcb7f0b6bd6","Malachi","Corley","-","6.8","1",,"WR","Cleveland Browns",,
"fe1d473e-1694-45de-8765-8173b43c77b5","1e22a254-5c0a-46a1-90d0-f74e5b61078a","Van","Jefferson","-","6.8","1",,"WR","Washington Commanders",,
"266c21f6-9a89-4325-9db4-bd4df501c3ff","97d5e177-0771-41e4-abb7-efcf71b568aa","Phil","Mafah","-","6.7","1",,"RB","Dallas Cowboys",,
"eadd23fc-62b3-44cf-9e7b-a10b1afaa825","016d0649-5857-4d34-813f-2dc48d75699a","Darius","Cooper","-","6.7","1",,"WR","Philadelphia Eagles",,
"4f3e294e-f1f1-431c-a6f6-4a5b51f89dd2","3fee7798-cae7-4bf8-b6ca-87b0a594d6f9","Noah","Thomas","-","6.6","1",,"WR","Cincinnati Bengals",,
"7f7027f1-d771-40bb-96e4-9c1d8bf43d28","2929fb17-9acc-4bca-a4f2-dd118c2a72d9","Reggie","Virgil","-","6.6","1",,"WR","Arizona Cardinals",,
"2f5818de-b58a-4210-a86d-32a4bcebe4e7","f5952b47-bac7-4f32-87bc-9ae1455aaef3","Trebor","Pena","-","6.6","1",,"WR","Jacksonville Jaguars",,
"5a84799f-c120-4630-a55b-cebd1ed9cd88","252b01c1-2bde-4112-bbfb-6440ade9258d","Cedric","Tillman","-","6.6","1",,"WR","Cleveland Browns",,
"b22d746d-1327-4c56-b63a-00464a24265e","1e6b6a13-9183-4bf5-bf61-3f4746a98ef9","Dane","Key","-","6.6","1",,"WR","Denver Broncos",,
"519dd168-604b-4060-abe5-30678d556037","102fb9ff-b260-42da-9d75-ecf67a6a60b0","Chase","Roberts","-","6.6","1",,"WR","Las Vegas Raiders",,
"bf122c7d-7f19-482d-9306-dc88e866614a","1e0b5146-5d52-4162-b34d-984121c59d92","Tyler","Johnson","-","6.5","1",,"WR","Dallas Cowboys",,
"eea428a5-90d4-48d3-84dc-aed2078fef05","0539dc1b-a6cc-42d1-af41-3ece95e7c4f3","Jalen","Brooks","-","6.5","1",,"WR","Arizona Cardinals",,
"7af49c29-5234-4c3b-a27f-b4bda9ccb2e0","95e93b15-79f1-42cd-993f-6881cc28141b","Josh","Whyle","-","6.2","1",,"TE","Green Bay Packers",,
"97ad507a-a892-4b25-9109-53be51296984","b90e3184-7bb0-495a-a598-116eff63f7d9","Brevin","Jordan","-","6.1","1",,"TE","Houston Texans",,
"fd35226b-a5a2-4179-a54b-12c882bcb50d","0bc2e7fa-b5e5-4570-9709-0fdeb1ab5884","Davis","Allen","-","5.9","1",,"TE","Los Angeles Rams",,
"c9f88e2f-3172-44de-9fdf-ac8cae847275","4069bb46-5cdb-4cdb-a670-38912d166f2d","Tanner","Hudson","-","5.8","1",,"TE","Cincinnati Bengals",,
"592b3df8-570c-44ee-8eb4-5ccabea55e7d","28f21713-1487-4c17-baf4-ba9b806d3788","Stone","Smartt","-","5.7","1",,"TE","Philadelphia Eagles",,
"8697b2c6-2c95-470e-8984-75ca7258b1ee","91b36e3b-3cff-4ff9-849a-9771591a62a0","Eric","Saubert","-","5.7","1",,"TE","Seattle Seahawks",,
"f2040ab8-114c-45ef-b727-739d9cd9a86c","d0cfdb44-d558-44e4-8a37-07b904daae50","Nate","Adkins","-","5.7","1",,"TE","Denver Broncos",,
"02f6ee75-d9b2-4b48-94af-66e6bcfa20c0","8af14b29-44c9-4df5-a6b3-2ecfbfbc5fdc","Kendre","Miller","-","5.6","1",,"RB","New Orleans Saints",,
"30359738-8fce-4a67-b210-d6cf33e08a00","7f7dd60f-ec71-4dae-bde2-377262d38caf","Kalel","Mullings","-","5.6","1",,"RB","Tennessee Titans",,
"b12f70d4-2279-4767-98e1-65eb596a912c","81f2797f-b692-432d-b2e3-a0f897179e54","Julius","Chestnut","-","5.6","1",,"RB","Tennessee Titans",,
"28a1b160-d59f-4194-a3f1-dee80cc8a878","18f25211-aa49-4ca3-901f-089b30701c29","Julian","Hill","-","5.6","1",,"TE","New England Patriots",,
"d796bf62-5273-48c0-99c2-cac85fdb9e32","5a90c629-0eac-42fd-bfce-1cb7e8021c72","Drew","Ogletree","-","5.4","1",,"TE","Indianapolis Colts",,
"bb9eced9-cbd2-4aee-b5dd-efe46466c9d3","2e06a4b3-9802-4ebf-b433-68deed5baaac","Dylan","Laube","-","5.1","1",,"RB","Las Vegas Raiders",,
"5417d62b-7b76-47c1-bbaa-43ab5c45ba58","f972b7ae-d069-4104-83ea-5c5654a1daf5","Dyami","Brown","-","4.9","1",,"WR","Washington Commanders",,
"d252609a-ef0a-47fd-a962-af5f170c3db3","92cde727-0995-4804-911c-ecea076fd7c1","Xavier","Restrepo","-","4.8","1",,"WR","Tennessee Titans",,
"7e9ec492-ff78-40ea-96d6-a8c98a9980ed","b1107a91-61f9-493f-9b2b-443aaaa69f9a","Tyler","Goodson","-","4.8","1",,"RB","Atlanta Falcons",,
"5c493156-1018-4d7f-a531-ed7036d5e227","06571d93-622a-491f-b241-be361cb2e5ff","Ameer","Abdullah","-","4.8","1",,"RB","Jacksonville Jaguars",,
"fbedd473-8faf-4c9c-b146-1e20c2430bdf","a9501bde-b214-42c6-9ee2-29a57b510953","Raheim","Sanders","-","4.7","1",,"RB","Cleveland Browns",,
"0a8627c3-03aa-4777-9c1c-57354faa932b","5e5cc4d2-5112-4125-b79f-0808dc8d39b7","Dareke","Young","-","4.6","1",,"WR","Las Vegas Raiders",,
"1880be4d-d727-4f1d-8b10-bd6180fd8b40","63b71b9c-c38c-4abe-982e-09707004d8e1","Blake","Whiteheart","-","4.4","1",,"TE","Cleveland Browns",,
"4cc1feb3-66cf-41da-9e5b-2e038b8b7332","6b33c2f8-f926-4f1c-bf1f-bf0786e93764","David","Moore","-","4.3","1",,"WR","Carolina Panthers",,
"dc47ba7c-51b6-4c5b-a3a0-40dc957a0eca","041deb2b-7cc8-49e2-ad4c-911399b0c5ee","Ricky","White","-","4.2","1",,"WR","Seattle Seahawks",,
"ff3fc2bb-45e3-4433-ba0d-637dd657acf8","52aa4523-7aa1-4310-9fd3-7cea1cbd5931","Tylan","Wallace","-","4.2","1",,"WR","Cleveland Browns",,
"638e2033-780a-49cb-bf06-7a71e370c90a","0c99e47c-9d97-4290-9021-3671087503e0","Jake","Bobo","-","4.2","1",,"WR","Seattle Seahawks",,
"59908f35-5e38-4d45-9e25-8ff7e0ba2ed9","449325dc-11c8-4792-9da3-bea5d9df0b57","Kaden","Wetjen","-","4.2","1",,"WR","Pittsburgh Steelers",,
"63d5fd69-af84-4bf9-9c91-019ad2836873","38534ff5-ba96-4cd7-9122-31902e18ec83","Chris","Moore","-","4.1","1",,"WR","Baltimore Ravens",,
"992855f0-4995-43c7-99c0-bba0d32d5a9e","d151802e-d9d3-4a79-ba11-e50f25fcf6f8","Sione","Vaki","-","4.0","1",,"RB","Detroit Lions",,
"8c0376c7-51ee-4b45-a769-6445c6df6669","9ae8da68-89c9-41d7-a927-7fc84e878148","Kylen","Granson","-","4.0","1",,"TE","Tennessee Titans",,
"17c220d7-a163-42b6-87e0-2b8e1e871b53","b32c9f52-1f85-4de6-84d6-a11183ad8829","Ian","Thomas","-","4.0","1",,"TE","Las Vegas Raiders",,
"4ca0c03b-cc36-4995-a1ca-a1360fb97ae9","700f1b63-bddb-41f1-abde-3d7d0c116a59","Cameron","Latu","-","4.0","1",,"TE","Philadelphia Eagles",,
"4ee2323a-8c3a-4a1c-89f9-771f12bade29","d2a8d44d-4200-41c3-8df3-6459a0a25c7f","Ben","Yurosek","-","4.0","1",,"TE","Minnesota Vikings",,
"8746e6dc-c5ca-487c-bb39-cee3c3f8ddee","7cbb0d09-0c7d-46b2-98c7-c585c8054116","Trent","Sherfield","-","3.9","1",,"WR","Buffalo Bills",,
"c0f67b4d-32d1-4a0b-8ddb-9f173c90698e","1f7c7f56-b309-498f-8da4-e36a6385fa0c","Anthony","Gould","-","3.2","1",,"WR","Indianapolis Colts",,
"55f104fc-10b3-4385-aa31-6ac9a1462020","9f7e64dc-3676-41e4-9e53-76ab33f87f2a","LaJohntay","Wester","-","3.0","1",,"WR","Baltimore Ravens",,
"39e49ab2-9254-45ca-a2b5-9209e6b72686","dc1ddf1f-55ef-41d8-a6bb-9b0e6f09831b","Skyy","Moore","-","3.0","1",,"WR","Green Bay Packers",,
"ededeae1-bca2-4b1e-a935-fb1c61e4caa3","10a4ea60-c8e3-4e3f-b407-3636348067a1","Ashton","Dulin","-","3.0","1",,"WR","Indianapolis Colts",,
"eb0c2f69-3e7f-4eaa-a461-3697004f8313","eec7c936-d768-4635-9c46-d3c68d0e0616","Jordan","Watkins","-","2.4","1",,"WR","San Francisco 49ers",,
"aa511fbd-cea5-4354-a7fe-7bf5e4450125","ecab8e2a-03a0-45b2-a77f-d7fe75c88047","Ko","Kieft","-","2.3","1",,"TE","Tampa Bay Buccaneers",,
"040625d9-1fa3-4956-a516-4f0ced22d296","059cf5f1-9107-4c53-a592-b377cd95242f","Chris","Manhertz","-","2.3","1",,"TE","New York Giants",,
"cb47ace9-fb0d-450d-a9c0-bee0e85d5ea6","cac85860-ef0c-4e34-a7cb-65a8f4d4b799","Shane","Zylstra","-","2.3","1",,"TE","Buffalo Bills",,
"bf2a2cff-3932-41de-84b0-8b4b129a344a","9f1b82e8-74e3-4376-8930-81e907113ec1","Donovan","Edwards","-","2.1","1",,"RB","Miami Dolphins",,
"e2081b32-976e-4b96-8b90-6f5b7671072f","de0a9863-2185-4a9b-a8f8-857ee9af0d8c","Robert","Tonyan","-","1.9","1",,"TE","Pittsburgh Steelers",,
"42a6ddec-948b-458f-b3c6-c37ead55601e","ad8ac510-e3de-4892-9572-171165ae82b9","Feleipe","Franks","-","1.9","1",,"TE","Carolina Panthers",,
"03be321b-0cb9-4a9c-bff2-2550eec133bf","d518b022-5088-480c-b4b0-cfbe8a77f042","Tyler","Conklin","-","1.7","1",,"TE","Detroit Lions",,
"6b21d37d-cd96-4a4d-a85a-cea2ba9fb539","843ffb53-0feb-4432-981b-f3b483d08106","Jacob","Cowing","-","1.7","1",,"WR","San Francisco 49ers",,
"b2a5a5b5-3cfd-42dd-b02a-3ee60cdcf6d9","76bb86af-c68f-486a-bbcd-6e1143294b8f","Derius","Davis","-","1.1","1",,"WR","Los Angeles Chargers",,
"b8057e33-d4cd-414e-a31e-42224f71dafa","ea161fea-4582-4c50-bd01-76cc9050fd41","Ben","Skowronek","-","0.6","1",,"WR","Pittsburgh Steelers",,
"e2f754de-b3c8-49c2-87ee-a506950099fe","4c5173c1-c942-41ef-8eff-b4ba9d819402","Devin","Duvernay","-","0.6","1",,"WR","Arizona Cardinals",,
"ad091f50-a8a9-4d99-8b33-df7a5e0f06d8","3fc4c4b5-de6b-4fe6-8d17-0895c89fed97","Nikko","Remigio","-","0.6","1",,"WR","Kansas City Chiefs",,
"89082165-121e-4f0c-9628-e98076702a44","e71ae77e-dcbd-43d8-96a1-c986d2b5da7d","Rashard","Higgins","-","0.0","1",,"WR",,,
"8a048330-511e-4a7a-92db-284704b65dc1","90254d27-8b68-47b3-a0b8-80acf507f0ab","Matt","Barkley","-","0.0","1",,"QB",,,
"8a273609-24f4-4e63-a02b-f24ea06e9119","f12eabf7-9703-49dd-a362-fb53ad065745","Matt","Bushman","-","0.0","1",,"TE",,,
"8a683c94-6394-45e7-834c-277b0b87df5e","7e161a67-0d0f-452d-80ac-31d450eec488","Carsen","Ryan","-","0.0","1",,"TE","Cleveland Browns",,
"8a7d970a-3228-40c7-bd43-c5f0e591e9f7","6131096e-860d-46a9-8c35-6f99bbb950ff","Peyton","Hendershot","-","0.0","1",,"TE",,,
"8ac3fb3e-8856-4374-9ff8-c08e8d5174ad","5d87928f-2bc7-498c-bbf1-824a5d83b714","Tyrion","Davis-Price","-","0.0","1",,"RB",,,
"8ae0aed9-2c6b-49fd-b0b5-83c95d405044","45e4720c-7037-4edc-8ae1-d4ddff5a2fa0","John","Copenhaver","-","0.0","1",,"TE",,,
"8b7f7af3-61ca-4573-a5c4-467a36eba274","8aa22065-6bf8-4fee-b0b8-4e58af51f8d7","Neal","Johnson","-","0.0","1",,"TE",,,
"8c0036d2-b272-4462-b437-74351d151834","27276d8b-19ee-4222-9312-9a83039f7427","Trishton","Jackson","-","0.0","1",,"WR",,,
"8c36a22f-855f-470a-b26e-dce35953b6c8","85a29e8f-c292-4656-9edb-9dad4a302759","Bryan","Thompson","-","0.0","1",,"WR",,,
"8caf1e5c-0044-4e70-acdc-2790ab046ae4","fe185af0-5ea1-400b-ba68-754813802b96","Jake","Kumerow","-","0.0","1",,"WR",,,
"8d911535-52e4-4155-a898-b356150770af","178af1d7-b8c2-4352-be8a-089712728525","Jamoi","Mayes","-","0.0","1",,"WR",,,
"8d9842c5-d2bb-4966-8b83-aa39893a5168","1d1e6cef-086b-4878-86e2-df303b613276","Hayden","Rucci","-","0.0","1",,"TE","San Francisco 49ers",,
"8d9e931c-2f0a-4ca3-acfc-45fa8b4f5e2a","9e7b9f41-6407-4fbb-aa71-30344efb750d","Andre","Roberts","-","0.0","1",,"WR",,,
"8daca774-40c0-4a08-b1ee-81757f18ca7b","533824be-28f0-4af1-b0ff-2b14b7429032","Jakobie","Keeney-James","-","0.0","1",,"WR","Pittsburgh Steelers",,
"8e0a3ebf-93b0-43a9-8c76-a8f85ef60a9c","56af9ed4-c687-48f4-9768-3cf32c29b146","Samson","Nacua","-","0.0","1",,"WR",,,
"8e35e8e8-79a7-4a96-a190-13d987eef5b0","82fd7b00-df93-4d7a-938c-c1a9094c49d0","Jordan","Hudson","-","0.0","1",,"WR","Dallas Cowboys",,
"8f002e4f-8987-4e01-a5d4-172ab402f8db","c416383c-a073-4c95-b98d-95f973469ee2","Nyheim","Miller-Hines","-","0.0","1",,"RB",,,
"8f087cdb-2276-4f75-b797-02183674457c","e781361a-209b-4394-b62a-6e4aab5e2a81","Cam","Grandy","-","0.0","1",,"TE","Cincinnati Bengals",,
"8f092739-7edc-41da-810f-8ed297f6489f","3e5b4a8f-5c87-46ee-bbe4-c3df642ee23b","Nick","Muse","-","0.0","1",,"TE","Detroit Lions",,
"8f6d1c8e-3c43-4792-9ad9-74da37a5d1a7","88baddb4-a33f-4433-a1be-dc8042c8e4a5","Mathew","Sexton","-","0.0","1",,"WR",,,
"8fd4b032-d388-4cbd-91b6-76a612570596","3e3f5b2f-dd17-4f48-ab56-fbd6cc7a61b8","Mohamed","Ibrahim","-","0.0","1",,"RB",,,
"903b1fbb-6c16-48a2-a168-1a62208645c4","a23ada60-09cb-4e45-9bd1-f35daea52e25","Erik","Krommenhoek","-","0.0","1",,"TE",,,
"90790731-8720-4d46-89ad-4b3f7d0fb85f","26617bf5-9399-4bb4-a121-98eeb1ee3142","Cole","Beasley","-","0.0","1",,"WR",,,
"90a15814-d0fc-44ca-9714-88f915f10492","51535789-972d-4438-bf5e-8617e71d83ea","Malik","Knowles","-","0.0","1",,"WR",,,
"90ebf6a2-38eb-493a-80e8-4219c7c7b68d","5ea148f4-b488-4c0f-9f49-fd2c074138ef","Kene","Nwangwu","-","0.0","1",,"RB","New York Jets",,
"91185dc3-0f1a-4473-93ed-f837a503b7fe","eb11de6a-6d20-410c-8e57-8d660bc26b97","Kaden","Davis","-","0.0","1",,"WR","Chicago Bears",,
"9123715b-4164-4d44-929c-192213e7a684","5b340de6-8258-4cdd-80d9-a8fc401c3db9","Royce","Freeman","-","0.0","1",,"RB",,,
"91c339f3-8716-4e0e-82c5-fa4c92a16e1f","5aca3452-c677-4c7b-96dc-36046152cdb8","Cam","Akers","-","0.0","1",,"RB",,,
"91d4f1ac-c16b-442b-98ed-5e8de580262e","fb4f8919-1a38-43af-a6f0-841403e012ce","Kevin","Harris","-","0.0","1",,"RB",,,
"91feb66b-c1c6-4909-99ec-9acf06b56722","ea2596f7-2bfa-48b5-8b79-91d14fec34f1","Nathan","Rourke","-","0.0","1",,"QB",,,
"921792c5-e958-4cbc-8cf9-f2a5477ed798","91d0535d-dc7d-4422-82ff-abf56418a388","Trace","McSorley","-","0.0","1",,"QB",,,
"922623a1-c68c-4fbb-a02a-4027c1026245","1e21d975-86cd-4ec5-a056-e5bff2b6556d","Josh","Pederson","-","0.0","1",,"TE",,,
"9290c460-5115-4129-99ff-234396c26e05","ef44b171-1cde-4949-8a3c-411ecd79d3df","Michael","Jacobson","-","0.0","1",,"TE",,,
"92ccc7c7-9d45-4eb2-bd18-33333c1e9290","ed0b21cf-64a2-44b8-9d5f-442aed878ce6","Noah","Togiai","-","0.0","1",,"TE",,,
"93a18791-c6fa-4bb3-87a2-d4c0488aecf0","ed87b2a5-c17b-4d24-9c6c-a6118a01a4fa","Donovan","Peoples-Jones","-","0.0","1",,"WR",,,
"940d5ee9-9622-4b88-9cc2-1c57a566f05b","429bbcac-a81f-474e-9306-00a3888de9da","Keilan","Robinson","-","0.0","1",,"RB",,,
"94677bd0-8342-473e-90b7-b2460deabd16","6c2e2f74-925b-4234-9d89-dba79749f6c5","Mark","Redman","-","0.0","1",,"TE","Los Angeles Rams",,
"947ec554-7536-484c-90e4-16f842ffde8f","30b931a5-30ce-41a7-ab80-76262f13ead2","Jack","Plummer","-","0.0","1",,"QB",,,
"9495bea3-6320-4fa6-bc6c-79f7a32e18e2","e84d47d6-9a7c-4106-8119-f22a3afd29e4","Hayden","Hatten","-","0.0","1",,"WR",,,
"949b4321-84af-40f0-882b-18b2805c4a2f","7c35e934-a10c-42d0-8444-f7df484fa658","Dai'Jean","Dixon","-","0.0","1",,"WR",,,
"94be9eff-bcb6-449d-82b1-974bed6eaf73","3763793e-a9ef-4af2-b711-a3e597c68fee","Zander","Horvath","-","0.0","1",,"RB",,,
"94c27bdb-0896-4c21-aaf7-db35f13b519b","fa3a2428-7c77-4629-87e1-935eb5832440","Dean","Conners","-","0.0","1",,"RB",,,
"94cf194c-c363-48d7-b67b-daf86c4649f6","cd2ba131-3706-4ce1-9e6d-7eb957f5a6c1","DeWayne","McBride","-","0.0","1",,"RB",,,
"953c1efe-11a7-4c17-a3ed-01dcaf2228c1","afdb4f67-7c66-4d78-9771-0989ccbe7f3b","Trinity","Benson","-","0.0","1",,"WR",,,
"954a4585-4a8e-458d-bdfd-832b6034ce17","fb2d8d58-1a9d-44b9-a0d7-c94029920ad8","Joshua","Simon","-","0.0","1",,"TE","Atlanta Falcons",,
"9566615f-284f-4c92-b814-c441bfe49fe2","fddad2cb-d7c1-45ba-ac45-14bc4e30bde5","Brandon","Bolden","-","0.0","1",,"RB",,,
"95bf0fe3-df7c-4e95-9347-494996e07640","951dec08-9612-4865-b891-692e753e0a91","Tommy","Sweeney","-","0.0","1",,"TE",,,
"9653df4d-6ee2-44a5-a169-6c9697e41327","c666cd08-5d54-4d91-b50d-eb84a7e70c97","Eli","Heidenreich","-","0.0","1",,"RB","Pittsburgh Steelers",,
"9673a3aa-a1cf-420b-b0dd-b5aff5af784d","b3bb8637-2341-4f4b-af01-22c8e6cb9e87","Richard","Rodgers","-","0.0","1",,"TE",,,
"97f43320-1947-4656-84ce-3b48f6fb9f9f","8b75445a-ed27-4e97-97a7-8dae86f1f722","Quez","Watkins","-","0.0","1",,"WR","Philadelphia Eagles",,
"98a30397-c8aa-448e-826b-c24d97768eea","c9e8fd75-195c-4759-b045-52f47fc1afda","Wayne","Gallman","-","0.0","1",,"RB",,,
"98a880b3-65f6-4a2f-91e8-f066f3c7065b","0fc6360d-d3cf-4186-bdfd-b653d7c79ff4","Ethan","Garbers","-","0.0","1",,"QB",,,
"992199ba-d953-47e8-87fb-80e26cd44ce7","4bfac15c-0149-42cb-b8f5-cbf1226f3832","Cash","Jones","-","0.0","1",,"RB","Atlanta Falcons",,
"993db089-b52c-4c38-9717-b81e570a951f","faa44148-2ed2-4263-bbcd-c594eaf31adb","Ethan","Fernea","-","0.0","1",,"WR",,,
"9949f127-b578-40ed-a800-44d0f51d61c1","cb617be8-3a77-4496-9077-1bfdeebcc88d","Chip","Trayanum","-","0.0","1",,"RB","New York Jets",,
"9955d5fc-22fb-40b9-b40d-7a18a218ba52","bd7b96b3-4fce-42aa-bd2b-b6c350f761ac","Daijun","Edwards","-","0.0","1",,"RB",,,
"9975588e-cb27-4067-8e2c-37cfcdf609ef","baeeadc9-a86a-4f7c-8bb8-ea119b473c59","Rashod","Owens","-","0.0","1",,"WR",,,
"99c0ab88-3a06-4b65-88c5-29e0d3b70756","a21fdcf8-d3d0-4e1f-802e-e540e78308ca","Rocky","Lombardi","-","0.0","1",,"QB",,,
"9a43f220-a2db-4dcc-bc7c-80c2f599ecfb","49f7cb7c-4189-45e4-850e-378edd08b32b","Dylan","Parham","-","0.0","1",,"TE",,,
"9a8683dd-c8c4-48c3-b698-1fe81b7f8873","4e74e219-b3ad-45f5-8db8-68d751a4ad96","E.J.","Williams","-","0.0","1",,"WR","Las Vegas Raiders",,
"9b068ccb-004f-4f9c-a964-751aedcc1553","a9f6b720-1dc6-47e4-8217-714d4b47c829","Hunter","Bryant","-","0.0","1",,"TE",,,
"9bf66dde-c5f2-4c58-a07a-bf7d55d0fbc3","dcf46004-4009-4b32-8e6f-1111c0038b15","Deon","Jackson","-","0.0","1",,"RB",,,
"9bfb2349-c6f4-4fc1-a228-5ab3b43abf9e","46138876-0318-4746-a61f-9b33cbcdc91f","Phillip","Brooks","-","0.0","1",,"WR",,,
"9c579576-46d9-4f98-be6f-df585046a210","6b69ccdf-9c3b-4352-8f24-b106f8ea4448","Rodney","Adams","-","0.0","1",,"WR",,,
"9cf303cc-9303-4a23-9f47-d2f48d996329","6ae90029-ef26-48ec-b192-e6c4dd67f3c0","Xavier","Guillory","-","0.0","1",,"WR","Baltimore Ravens",,
"9d0d934c-cedd-4701-a2ca-760ff64bf5b0","09cb280b-7e4b-43f9-b742-07227972080f","Khari","Blasingame","-","0.0","1",,"RB",,,
"9d30d2f9-47bf-4f36-a4f8-c156b0b74789","5e6778cf-2357-4dad-a725-36eb83bf7486","Dennis","Houston","-","0.0","1",,"WR","Tampa Bay Buccaneers",,
"9d3e7b0d-7000-4d6d-96d5-6899a852f787","2fd9b7b5-27b3-4f69-8abe-60a8144c6909","Brandin","Cooks","-","0.0","1",,"WR",,,
"9d7554bf-f9ed-4481-bc3d-c96b4c473a78","714b9e10-4ada-455e-a8ad-e869a265cde1","Matt","Sokol","-","0.0","1",,"TE",,,
"9d7f4c37-aa8a-469b-8343-57994f42ea32","65a83e99-c7b9-41c0-8284-7426f8e312f2","Dae'Quan","Wright","-","0.0","1",,"TE","Philadelphia Eagles",,
"9d825157-e315-431c-9f52-08b0c100df83","64008c21-878e-4bf9-8780-1031be9d89fb","Taysom","Hill","-","0.0","1",,"TE",,,
"9deb4d04-a5cb-47ea-88a1-1383e6909088","fd7f1d74-c4ba-4309-9ae7-b3bf35dcd390","J.P.","Holtz","-","0.0","1",,"TE",,,
"9e071ad1-e69a-4230-a006-48373cb43ec1","bfefc920-6a2f-414f-bf8f-b82f6eca72ce","Tony","Brown","-","0.0","1",,"WR",,,
"9e83a22d-ec12-4d29-b50a-6db0bff5f36c","5eecd2ec-ed9b-42c9-8961-dff74dc889a5","Jason","Huntley","-","0.0","1",,"RB",,,
"9e97517b-9851-4594-9b7b-99d62ab72578","7bc0cdfe-cc3e-4112-8600-001b1ef77ec0","Jake","Funk","-","0.0","1",,"RB",,,
"9ed1cd53-526e-45e9-b134-f49a9b63a83f","ac966563-1e1b-40c0-81fb-2d57f58329f0","AJ","Dillon","-","0.0","1",,"RB","Carolina Panthers",,
"9ee01bd1-4497-4fef-be1a-f3f9e1b06b0c","9a5f030e-a843-4a54-87aa-4a08fe407401","Theo","Riddick","-","0.0","1",,"RB",,,
"9ee3b2a6-2d08-4526-abc1-a3cb1dd13c7d","e44959d8-6573-439d-b515-d4fe532ae3a4","Phillip","Dorsett","-","0.0","1",,"WR","Las Vegas Raiders",,
"9f517b25-fbee-48c1-b18f-fb4227814c9d","d784c591-31c4-4729-9172-5b91d69c4df0","Isaac","Rex","-","0.0","1",,"TE",,,
"9f52208c-8f04-4832-9f6c-13455cd31439","1f163be4-3dff-4eb1-8b32-86da677ab672","Tanner","McLachlan","-","0.0","1",,"TE","San Francisco 49ers",,
"9f6296f9-fca8-4a54-9b3e-1e18b284486a","5665f588-ed9b-427c-b4a7-ed347aa59707","Drew","Plitt","-","0.0","1",,"QB",,,
"9f9b0dff-7fb7-4b29-8cec-f30efec271bd","0bbc3a68-3fb3-4de0-aed3-d70a92c656d3","Julio","Jones","-","0.0","1",,"WR",,,
"a02c5cfa-dbd0-492b-a14b-8a9a3d03188d","8d2e7f39-0543-4c93-bc3b-fe9bd7267ce5","Patrick","Ricard","-","0.0","1",,"RB","New York Giants",,
"a10a77a7-a923-4d62-9bd1-0c0f30103329","cb2b83bb-370c-43b0-88a5-82b516100865","Trenton","Irwin","-","0.0","1",,"WR","San Francisco 49ers",,
"a1190a16-5c18-41cf-97cc-76417b95147c","559fb1ff-7e0b-4df7-962f-aa251be64069","Hunter","Long","-","0.0","1",,"TE","Jacksonville Jaguars",,
"a11b633b-891b-4c83-ad1e-77b855bec9f4","c762682b-8e99-4a45-850b-4bc9bbdb7a33","Leroy","Watson","-","0.0","1",,"TE",,,
"a14cd592-203f-49e3-8887-8acf0c136aca","fc905ffc-8404-42bf-b541-15113774e0bd","Emory","Jones","-","0.0","1",,"QB",,,
"a193a450-a848-496d-bb67-d308b11555c0","3647507f-2aa5-438f-9eea-2d0c5840fed9","Kellen","Mond","-","0.0","1",,"QB",,,
"a1a17ac8-0792-4ef1-a642-188bb6294f7f","2edb4817-02bb-41de-8e1c-bf3294f45360","TJ","Harden","-","0.0","1",,"RB","Seattle Seahawks",,
"a1e436e3-dace-4321-a255-8b6edfa594f5","ce422a7c-2ab7-4b92-8cd4-c3d27eff095c","Montrell","Washington","-","0.0","1",,"WR","Houston Texans",,
"a2163b0a-0bcf-4585-abfd-44c7cbb44215","91825171-c173-4090-a2a4-b8ce15b17be2","Stephen","Carlson","-","0.0","1",,"TE","Chicago Bears",,
"a21a4185-e93a-4b5a-9454-907c15017133","741d30fa-0b5d-46b1-a095-5f5fe3547266","Kelvin","Harmon","-","0.0","1",,"WR",,,
"a299233b-878d-40ff-a261-e267f899c117","eb3931e1-de43-45ad-986f-b8222a838fd1","Sam","Howell","-","0.0","1",,"QB","Dallas Cowboys",,
"a2c3113f-0f97-49bd-85f6-3a614c7800f5","75b58a21-6cc1-43ed-832f-a702fec0ef07","Harrison","Bryant","-","0.0","1",,"TE",,,
"a2dd63e3-dc01-45b7-bfd9-37c56765115c","7bb27285-2b11-4024-bac3-56513e2bf040","Lewis","Bond","-","0.0","1",,"WR","Houston Texans",,
"a2e07ab1-1d63-4cfb-bd4f-92037e342a96","deb8afc0-af2d-4d40-b2d7-cb9b3c405e8c","J.J.","Taylor","-","0.0","1",,"RB",,,
"a3182ba8-ee26-4e2b-a68a-814ee57b838f","07641bfd-1cc2-4c66-87cf-1949764e11b9","J. Michael","Sturdivant","-","0.0","1",,"WR","Green Bay Packers",,
"a324b924-3a42-45b6-b73b-88ee2b7b9447","f405f507-36b0-4df1-9bed-afedfe801e3f","Keelan","Doss","-","0.0","1",,"WR",,,
"a36c8919-9d7d-49a1-93db-e015522672f8","a8c6ef44-3a37-4c86-9c18-50d0432f9286","Austin","Reed","-","0.0","1",,"QB",,,
"a3aed027-54c9-4bbc-a326-a6aa769357e4","1b1876c0-21fc-4786-9c81-796dcce39265","Russell","Gage","-","0.0","1",,"WR",,,
"a3b4ad52-898d-474b-9f5d-90778d7614ca","9631c9a5-2534-4ba6-a10b-fc62d955644a","Treyvhon","Saunders","-","0.0","1",,"WR","Houston Texans",,
"a3c0976e-d72e-4255-bd0d-642ef9f85941","9e2b4ca7-0859-45fd-8a14-a9f7505bed72","Jaylon","Moore","-","0.0","1",,"WR",,,
"a41d80ba-17a9-4282-8220-011da1782878","8bd196f0-a416-4857-a73f-90786072b710","Miller","Forristall","-","0.0","1",,"TE",,,
"a473f571-ff09-4e9a-b674-a9c19fb8350d","2542ceae-defb-46af-90cb-5edafffccab6","Ben","Mason","-","0.0","1",,"RB",,,
"a53609c3-82dc-4617-82af-a71806a61891","8d5fca39-4681-4baf-9149-39eb2cd82bea","Randall","Cobb","-","0.0","1",,"WR",,,
"a5636232-3337-4618-b842-a90f5e934292","c1ebebcc-f4b2-4bd8-93f8-cec963d9ce7f","Mason","Pline","-","0.0","1",,"TE","Kansas City Chiefs",,
"a6082dec-2efd-4cfb-bfd0-140970dc6aac","fb67117b-3c07-4ae3-87d5-3d7a5f4f94f6","Casey","Washington","-","0.0","1",,"WR","Carolina Panthers",,
"a628b4dd-0ae4-472d-bad1-8372d074153b","a5b828e4-f1ea-4f9c-a95f-583e82eae5a2","Jashaun","Corbin","-","0.0","1",,"RB","Dallas Cowboys",,
"a654301b-3494-4cc7-b42d-d15c7e4f00ec","3f75318e-7db6-4889-8c47-87e0ef05217b","Kyric","McGowan","-","0.0","1",,"WR",,,
"a6738a9c-2364-4b07-afd6-586424b4b8f7","91378d4b-35bc-4249-a0e1-65e8719e7eed","Pharaoh","Brown","-","0.0","1",,"TE","Indianapolis Colts",,
"a6a4f00c-84ab-44d7-b9bf-e5b06dec6db7","ac8d73bb-7129-4ebe-865d-851a3ccc90ad","Salvon","Ahmed","-","0.0","1",,"RB","Chicago Bears",,
"a6cd99c8-626f-4053-ad0d-207acac6061c","89ddb0fb-14a4-4570-88d9-a525b372ab24","Patrick","Herbert","-","0.0","1",,"TE","Jacksonville Jaguars",,
"a6fbea1f-6dcf-4edd-8c7c-c8feac9e681e","e0ff4ee7-493b-41b8-8c05-1039d00efed8","De'Anthony","Thomas","-","0.0","1",,"WR",,,
"a70874b8-583d-40e3-8f8d-48e3ce8414b9","c4ab1bb6-8cd2-449f-a528-b05774879d63","Dallen","Bentley","-","0.0","1",,"TE","Denver Broncos",,
"a7166ec3-f031-45cb-adfd-c8d7aefc5fb8","15ddd915-a867-49de-96b0-359005734878","Nick","Nash","-","0.0","1",,"WR","Washington Commanders",,
"a7a3e7a1-2a86-49ac-bd1d-efc1017b7802","207562cb-4ad5-45b9-b842-1020d4ab18b0","Jeshaun","Jones","-","0.0","1",,"WR","Minnesota Vikings",,
"a7de77b9-8bd9-4b3f-a822-f59bdf144119","921a45d6-b593-4dbb-82ef-a8d187d65b89","Cortez","Braham","-","0.0","1",,"WR","Baltimore Ravens",,
"a8142692-a1d5-42af-a56d-f68bba0414b8","38cab376-575a-45c9-8bd7-6bbfbfcacb9b","Jalin","Conyers","-","0.0","1",,"TE",,,
"a83978bf-2aa4-45b5-a862-a7b388b1e060","76fce8a2-7843-4369-ad81-c2837868ddda","Kendall","Blanton","-","0.0","1",,"TE",,,
"a8de23c2-0388-488a-be5d-dc4f958ed27c","9c41bba6-096a-4abc-ac6b-53b2c42a3f2e","Malik","Heath","-","0.0","1",,"WR",,,
"a915b1ed-0a23-46ee-9700-59e8bc1011bd","dbd9f1f7-ce84-4580-b559-240027dddbf7","Brandon","Allen","-","0.0","1",,"QB","New York Giants",,
"a91683cb-69de-4ff6-9d2b-f2502283e6d8","0a4c2dcf-798f-46b1-9710-cfa683ec39bb","Anthony","Brown","-","0.0","1",,"QB",,,
"a9248b5f-36c1-47e5-90cd-c7ee687a1c52","99ccfbb8-7aa2-4e4e-a202-fd795175352e","Chris","Oladokun","-","0.0","1",,"QB","Kansas City Chiefs",,
"a93ebf6e-3f87-4e6b-9df5-00182836ad86","ef1236fd-d3ed-4a8d-829c-8ded9a5cc7a7","Kendall","Milton","-","0.0","1",,"RB","Cincinnati Bengals",,
"aa9f113b-8874-4b27-b57a-9521ec478b42","10396ac9-640d-417a-905c-08dba1f059b7","Wesley","Grimes","-","0.0","1",,"WR","San Francisco 49ers",,
"aaa421ad-1681-44de-98d1-a7371775b63b","f951a6bc-2ddd-47ef-b7a2-58b59d256e3c","Sammis","Reyes","-","0.0","1",,"TE",,,
"ab8f133b-1d88-4712-8d87-44e91b89e8d9","04bce27e-b105-48d2-8308-96b1b477a51b","Ben","Patterson","-","0.0","1",,"WR",,,
"aba4f755-ad6b-437d-8a2d-5520a988deeb","653b8ff0-6dd9-41a2-9175-0fcba9f06dc0","Skylar","Thompson","-","0.0","1",,"QB","Baltimore Ravens",,
"ac9c8c62-a18f-43d2-a190-bbbb91263b66","ac7a0ed5-a085-410c-a7a7-535b29449979","Isaiah","Washington","-","0.0","1",,"WR",,,
"acd78f31-3143-4a3c-8035-c993e7869de6","f823d5ba-3451-4fa6-bc4d-b4d661858906","Giles","Jackson","-","0.0","1",,"WR",,,
"ad585ccb-ced1-4aa1-949e-139221606ce4","fac466c3-7c93-404d-9440-9de061befbbb","Jaden","Shirden","-","0.0","1",,"RB",,,
"ad99d7c2-db0e-4e52-b16e-58ea9e97a5b1","732d9e9d-89ea-44b6-a3af-53335718fcb1","Lew","Nichols","-","0.0","1",,"RB","Pittsburgh Steelers",,
"ae435d68-6e1c-43fa-9a16-20f02d20b645","4c286f7d-da6a-41ba-a471-f1fcad219888","Brandon","Powell","-","0.0","1",,"WR",,,
"ae8956e0-0853-434b-b455-fd79d760a174","0684d766-82d6-4e8d-a99d-9a3ad23b9103","Jamaal","Williams","-","0.0","1",,"RB",,,
"aeae3d51-aa1d-4c75-bcae-d0b886d5b83b","786239f0-1d51-4b4a-8558-cd43db2113e9","Michael","Bandy","-","0.0","1",,"WR","Denver Broncos",,
"af0dc07a-aa73-4783-b571-d19b62e4b824","03ab24d3-6ea1-4858-b22e-640d69fe9648","Abram","Smith","-","0.0","1",,"RB",,,
"af6ec88f-b9f5-4bf5-877f-b6d5991b1456","d0fdca66-42be-4419-ac89-9d95be49a632","Sawyer","Robertson","-","0.0","1",,"QB",,,
"afb3c1ee-fd7c-448d-9a45-5bd3e22cdf3c","6bdca556-2005-44fc-92b2-d76c8fc07c0d","James","Robinson","-","0.0","1",,"RB",,,
"b06aefe5-12c5-4360-9263-88e6da3882cc","bcedd3bb-a8a1-43ef-b90a-194fd9d2ef86","Braxton","Berrios","-","0.0","1",,"WR","New York Giants",,
"b12c256b-165c-4660-9464-4b7d5fd2c340","5433289c-72f7-44ee-8a19-94cdf844d728","Josh","Kattus","-","0.0","1",,"TE","Cincinnati Bengals",,
"b15e6c6c-e3db-4b57-81da-1f5a12b9d1fb","b6a6b3b1-d57b-4cf3-8c92-ce73b4a9d8f9","Tanner","Conner","-","0.0","1",,"TE","New York Giants",,
"b181f838-4d5a-4cdd-8c3f-d09489602e6c","16a50953-fbe5-4b26-9170-c3246fe7d5af","Jalen","Reagor","-","0.0","1",,"WR","Miami Dolphins",,
"b24b699d-bffe-4ec1-8770-5c0aa9cd1b0d","de7041bb-b56f-4bb4-847a-c9892bda0b1b","Jared","Wayne","-","0.0","1",,"WR","Houston Texans",,
"b3433887-72f4-4a16-8091-b5e3861e7331","c1dcc723-496d-472b-a5e9-657d510fe389","Ty'Son","Williams","-","0.0","1",,"RB",,,
"b34c6fed-c5fa-43ab-a968-8dd4239a09de","20da98de-46ad-43ad-a6ef-e6ed946b48ad","Kevin","White","-","0.0","1",,"WR",,,
"b35e031f-e65b-4cd1-a4ca-09ba49ab25de","3a961f79-146f-49b9-8be5-0d25f2fa68c7","Beaux","Collins","-","0.0","1",,"WR","New York Giants",,
"b36c78f5-4548-4d34-9091-bae22ffadc0f","f448c37b-a82a-428c-9d58-c6958f8b478e","Jaret","Patterson","-","0.0","1",,"RB","Los Angeles Chargers",,
"b3c241aa-579a-406b-883a-513273e8b51f","96253622-027c-4bd8-852c-0afd08f0bbf5","Mel","Brown","-","0.0","1",,"RB",,,
"b40e5c39-9326-4074-ad8b-c1d9fe13b18d","da7e7efd-1992-4439-823b-1660049bd00d","Leonard","Taylor","-","0.0","1",,"TE",,,
"b43fdc16-32cf-44eb-bc33-ffa5ccff3508","6ab0b134-baa8-4c22-8cea-a3c95d06f5a7","N'Keal","Harry","-","0.0","1",,"TE",,,
"b4d37720-fe15-40b2-b1cc-ef03f776e1d9","7f88e335-8f45-4298-af36-6451c0ea1d1e","Gerald","Everett","-","0.0","1",,"TE",,,
"b54648d9-0179-44b3-9e07-96e73fc1c541","206a29c6-12a2-4cfa-a2f3-c9494b81fb9f","Jake","Briningstool","-","0.0","1",,"TE","Kansas City Chiefs",,
"b647c1b2-eda2-477a-b7cb-88d23b36e984","d230d384-a222-4aec-b7ca-a07e7d0b4b16","Deshaun","Fenwick","-","0.0","1",,"RB",,,
"b67ce5fa-2fab-43ed-b90a-8bf0243c4c34","b9970e2a-c8c4-49e5-9881-69445b1bdf68","Jahmal","Banks","-","0.0","1",,"WR",,,
"b75f8eba-1936-4c62-88b9-f58d3111c202","dd510349-6c96-4b20-8d8e-2cb7da8bf499","Eno","Benjamin","-","0.0","1",,"RB",,,
"b7c1df87-7549-4e33-8125-656d8006942c","d975047a-ae7e-4169-bf00-c38278ad23fc","Jerand","Bradley","-","0.0","1",,"TE","Los Angeles Chargers",,
"b7dd7e19-cc87-4b8d-aca9-62b65f3be6a3","6ec722bf-3f74-4875-8674-1a4bff765329","Britain","Covey","-","0.0","1",,"WR","Philadelphia Eagles",,
"b8160560-48d8-49c4-acac-6d32ad7fdcd2","b464489b-bf3c-4d18-aa72-4b83e8ffb15b","Scotty","Miller","-","0.0","1",,"WR","Chicago Bears",,
"b84d8806-fef7-4e11-9f20-445cf1da3171","ee486dbb-1f34-4017-a37c-ae4a1ccd5e3f","Austin","Trammell","-","0.0","1",,"WR","Jacksonville Jaguars",,
"b854dbec-dc10-400e-8a69-96a841424acb","348b5dc8-e106-4ffb-b058-ee609e9e0a6e","Charleston","Rambo","-","0.0","1",,"WR",,,
"b87e7399-a64c-46b2-b5b2-bc723aa69b67","1048a3a5-5817-47dd-a714-ca0c518a955c","Lance","McCutcheon","-","0.0","1",,"WR","Tennessee Titans",,
"b8de403f-efd6-48cb-8ec9-561dbcfb0acf","f9cefb91-2c73-4e10-8ff2-635c9350577b","Nelson","Agholor","-","0.0","1",,"WR",,,
"b9ad48f0-7851-4665-8536-f65e8fc78197","a545507a-fe24-4204-8e19-f1c0cf36c130","Brady","Russell","-","0.0","1",,"RB","Seattle Seahawks",,
"b9cb7de5-4f37-4405-94d0-8ab6b8bbdade","ec48e303-ab67-4b04-b244-cfd42d267334","CJ","Dippre","-","0.0","1",,"TE","New England Patriots",,
"ba64ef5d-f187-490d-997c-9adc331f87b9","47d66d75-6983-4038-a54c-c81b9db1f9b9","Davion","Davis","-","0.0","1",,"WR",,,
"baca8b39-e123-4d6d-a4a6-8d7580f1b8fe","6bc99a7f-88bc-4011-9b73-a807020176a7","Jason","Brownlee","-","0.0","1",,"WR","Kansas City Chiefs",,
"bad2262a-fc43-4046-b6ac-33a194f937c9","b3356e24-e1e2-4648-bc33-5ba1074bd638","Nick","Boyle","-","0.0","1",,"TE",,,
"bb11f89b-4503-4b1d-b885-c7ed1f071573","43873831-e925-49a4-b349-ba44f0df0441","Jesse","Matthews","-","0.0","1",,"WR",,,
"bb4d0bf2-c7c3-4d2e-896d-3dc04c5041b4","c3161dcc-7e6e-46a4-a992-32462e5a364e","Jordan","Akins","-","0.0","1",,"TE",,,
"bb6e7d71-5ea3-4929-a545-14768d5130c6","46effd99-f99a-4096-87fa-2a3435776c69","Jacob","Warren","-","0.0","1",,"TE",,,
"bb721710-c12e-4a97-b598-07d6cafc6aed","0a87e4f7-9666-40f6-bbe0-7ab0e15d21e0","Derek","Parish","-","0.0","1",,"TE",,,
"bb8fb989-0610-4d9a-b47b-b0c4ad873b65","b4ce4862-3c92-4b80-8782-4ac3d309d2ff","Marcus","Rosemy-Jacksaint","-","0.0","1",,"WR",,,
"bbbc4d3b-01ef-4c07-a849-3f167ea6ba98","96b00db2-4d7b-4c8c-93bb-a5ab7ea6db6a","Malik","Taylor","-","0.0","1",,"WR",,,
"bbca4274-b54c-4817-a67d-6e5639b6a23e","1c56c16c-64ad-4ba5-bcc7-5d6dfe949568","Malik","Rutherford","-","0.0","1",,"WR",,,
"bbce7278-87cc-4ee6-8b0a-713d88dc5b00","0dfbc5f1-ad18-4996-ad78-ce1d032d130b","Braylon","Sanders","-","0.0","1",,"WR",,,
"bc60d58f-eeb6-4790-847b-6396512da625","bcc30f17-0f7c-4772-9303-a6e4439409c7","Dalvin","Cook","-","0.0","1",,"RB",,,
"bccbbdab-02fc-4227-ad1f-f4b0701c8d0b","3a9d06ff-e491-4beb-ad79-a0b8af7526a2","Gavin","Hardison","-","0.0","1",,"QB",,,
"bd202c65-c098-4ec9-a58f-ba3468dc0d07","8cd958e5-1a31-4200-af0f-706c15f35aa5","Daylen","Baldwin","-","0.0","1",,"WR",,,
"bd43e07b-0227-47da-8a9a-1afb26edd595","15ba742d-7d7b-44d1-a5d5-b2a1dd9dd833","Gavin","Bartholomew","-","0.0","1",,"TE","Minnesota Vikings",,
"bd5c2749-efe5-4e67-98f2-e943a790cb45","30e9ae9d-a244-4ae2-8c2b-76ab3decbb0d","Gunner","Olszewski","-","0.0","1",,"WR","New York Giants",,
"bddaea0f-0061-43fc-b65a-621ad3e2a8ae","d125cfb6-8766-4fc5-a436-64c5b0b19dcb","Spencer","Brown","-","0.0","1",,"RB",,,
"be193100-f867-4e9f-b2fd-bc95855ab615","71693042-40f2-413d-b49d-17d923313d7b","DeeJay","Dallas","-","0.0","1",,"RB","Jacksonville Jaguars",,
"be821bd0-86a0-453b-981c-c993ae2984bb","2086b60d-00d0-4267-b0b7-7afa903902b4","MyCole","Pruitt","-","0.0","1",,"TE",,,
"be8486bd-91a0-421c-872f-4e52477e3d54","d4d1c7b0-64ff-4ce1-b5b3-be8173f4e359","Jack","Doyle","-","0.0","1",,"TE",,,
"bea9cd51-3b78-4091-9d84-425233ff244e","68174c3a-e18e-4623-b8e0-29c831b5cc65","Travis","Homer","-","0.0","1",,"RB","Pittsburgh Steelers",,
"bee4cccc-4f75-44cd-87a8-128dc2f1636d","3eccee36-1be5-48ac-9760-838e33f7a7dc","Ryan","Jones","-","0.0","1",,"TE",,,
"bef961fc-4eb8-4f0f-8619-2ffb7a68adfa","e0cbccf5-eb42-480e-a7f9-58a6d8a416cb","Micah","Bernard","-","0.0","1",,"RB",,,
"c04c6cf9-4664-474f-a9d5-ae3f40a0c627","faf1168b-1260-4685-99e9-35d6ace800ed","Hakeem","Butler","-","0.0","1",,"WR","Denver Broncos",,
"c0d85aab-b096-412b-bc35-7e9db21d9076","ed83398e-35b9-4db9-aef5-58e4131f4adc","Frank","Gore","-","0.0","1",,"RB","Buffalo Bills",,
"c0e3f2fe-4cdf-43e6-b9a4-52a154c0ded6","2a0222c4-43ec-406f-a9a0-a86dd04984bf","Da'Quan","Felton","-","0.0","1",,"WR","New York Jets",,
"c142b448-1549-402a-9e10-9c39beaf3638","98e7c9a5-fb95-4ece-882d-886254c70e8b","Robbie","Ouzts","-","0.0","1",,"RB","Seattle Seahawks",,
"c164ffdb-b28a-4827-80a1-b87aacb4038f","4b7d88bc-b34c-4826-ad58-c0b93f89a91f","Jordan","Travis","-","0.0","1",,"QB",,,
"c183794d-172a-4094-82f6-d10d0cf04d2a","f1ed70fe-3773-4400-b9ee-5b668ff679ea","Zamir","White","-","0.0","1",,"RB",,,
"c1c9fdca-1837-4f8f-94ca-64c4d877cbe7","d182f0d3-7e53-445e-b61b-c7d4bd8fcb08","Mike","Williams","-","0.0","1",,"WR",,,
"c1e68fcf-6d16-4bfa-961b-67c8ba702b7b","c26e64ed-4bb5-4c28-8eea-e4e309e53bdd","Derek","Wright","-","0.0","1",,"WR",,,
"c1e8232f-71be-47cb-8b54-3fd04c407e7e","5a06a364-0c19-4cc5-be0d-f6ed33db9b30","Mike","Boone","-","0.0","1",,"RB",,,
"c3586f2b-459d-437f-a226-bba58c8d51bd","bdb7cfdf-6e38-4473-a169-c71b24bc8bf9","Darrell","Daniels","-","0.0","1",,"TE",,,
"c3ba78e4-65ec-4852-a188-291543b73ead","c079c44b-8dca-452f-bbd0-6aa72420de96","Mario","Williams","-","0.0","1",,"WR","Los Angeles Rams",,
"c3bd6255-ca79-40e9-aa6f-4bd2fd8dab80","7da829d5-a014-412b-9db5-5c865cfe8534","Tyler","Lockett","-","0.0","1",,"WR",,,
"c45a628a-495c-4e28-8e4a-0f2f88971b30","b2382f0f-6499-4c1c-b630-539964c59546","Jalen","Guyton","-","0.0","1",,"WR",,,
"c47b94ab-94cf-4a21-9c7b-af70e78dde07","6f2c6b80-e459-40cb-b79c-7c4c85090213","Penny","Hart","-","0.0","1",,"WR",,,
"c4db17d1-6046-4436-83cf-0609968311df","ebe7223e-f43b-43cb-b90b-083a1a575206","Marvin","Hall","-","0.0","1",,"WR",,,
"c526f7e0-af53-4f0e-8f93-ff2c01b002fd","3417a79f-466b-4272-942c-ebdbfaf85b99","Miles","Boykin","-","0.0","1",,"WR",,,
"c557e9a9-4b5c-4514-b2ad-1981414520df","bea6c553-38bf-40c1-ab80-b48c5a23a78d","Mecole","Hardman Jr.","-","0.0","1",,"WR","Buffalo Bills",,
"c58987bc-2300-4cd5-b263-64400dc26a30","53257145-4148-4069-9d49-37a0a018bcf2","Tru","Edwards","-","0.0","1",,"WR","Los Angeles Rams",,
"c5963541-e98e-458c-bd7c-9a23d186e094","81bc7f2e-11a9-4532-9f69-8525ed069808","Hal","Presley","-","0.0","1",,"WR",,,
"c5cef976-f067-4431-a450-09711019c568","b70312ac-a86a-42fa-850c-a013404dea02","Ja'Quinden","Jackson","-","0.0","1",,"RB",,,
"c61bf59e-08c9-4038-a0cf-0ef45d966361","078c2be9-969a-442a-b799-f5b5377d4811","Jason","Cabinda","-","0.0","1",,"RB",,,
"c6c2b461-3ce7-4706-a87f-eeac3683188b","352963b7-4096-4f1c-95ae-5818e1060bcd","Eric","McAlister","-","0.0","1",,"WR",,,
"c7140cd7-53b8-46cb-9549-28f786121e2e","88982239-ce37-4c5f-8c28-c347112d670f","Zach","Wilson","-","0.0","1",,"QB","New Orleans Saints",,
"c7e4b8eb-453c-41b9-b22d-2291f80270f4","6717c6f0-91ec-41b3-8cd1-fa31438b6f71","Greg","Bell","-","0.0","1",,"RB",,,
"c8838f2a-d0b9-4ff6-98b0-25647c3fa86a","b6fc1eff-ec88-4523-9656-d9fd6b53a7ff","Ezekiel","Elliott","-","0.0","1",,"RB","Dallas Cowboys",,
"c8c3a01c-37b3-400e-aba9-144e1d1cd355","48b9f1fd-bcbb-476d-9ddf-610502310dad","Simi","Fehoko","-","0.0","1",,"WR","Arizona Cardinals",,
"c92f1653-0b26-42df-9253-b64bd78d1ef5","a88cc862-0213-487c-b963-423685a45820","Griffin","Hebert","-","0.0","1",,"WR",,,
"c971de60-9e58-401d-b439-bdbbc862e0de","88b7899f-3d80-48b1-8c92-b86845527660","CJ","Williams","-","0.0","1",,"WR","Jacksonville Jaguars",,
"c9d2c7b7-f7c7-4afe-b35e-795ae3afa133","40359144-a3b9-40e1-b1cb-8e9a4d3994c6","Lee","Smith","-","0.0","1",,"TE",,,
"c9e1e514-d385-4890-b1ea-264399bd44c7","828e279b-2c87-4d90-ab2e-2b7b37889e9c","Samori","Toure","-","0.0","1",,"WR","Philadelphia Eagles",,
"ca0150ed-ba40-4d6a-a3de-3736d0560e79","34dfefb4-d8ef-43ca-b944-aeca1452a7d0","James","Mitchell","-","0.0","1",,"TE","Carolina Panthers",,
"ca1c3c88-4103-4c95-8f1a-d28aab8887f3","97919afd-7439-44f9-9e2b-9f0f1478e5ef","Patrick","Taylor","-","0.0","1",,"RB","San Francisco 49ers",,
"ca30e7bf-f6d9-449c-a500-3d60731b15d5","12a94d1a-7d2e-4044-8a20-8e2e111439fd","Jack","Colletto","-","0.0","1",,"RB",,,
"ca47385d-c9b6-420b-8e08-e8d7dc799a23","416ddce8-f30d-42d9-9318-c80dc4a03082","Cade","Johnson","-","0.0","1",,"WR",,,
"ca8360cb-319f-446a-b637-440645eaa50f","e3933362-2750-427e-80d1-70d150296830","Myles","Price","-","0.0","1",,"WR","Minnesota Vikings",,
"cab20dbe-544f-4723-b351-5cd37d52fe6b","4a46dd44-ba05-4784-8261-f32612d39e98","Sam","Pitz","-","0.0","1",,"TE",,,
"cacaba66-8860-4d68-91b5-8807f62e4170","6055d19c-9329-4216-a7a2-785f011e2392","Ray-Ray","McCloud III","-","0.0","1",,"WR",,,
"cadd7e00-29d5-4075-9e29-3258bdbac5df","dfae7416-023b-4d71-a89d-b52e203b2fb8","DeAndre","Carter","-","0.0","1",,"WR",,,
"cb52cae1-9719-45ae-aa9e-5d11a86a71ac","70e187cf-9b30-4033-8793-badc5f24cdb2","Ayir","Asante","-","0.0","1",,"WR",,,
"cbdb085a-094e-4e09-a71a-4145ce02c98b","f67a65a6-e2f2-4b9e-86cf-4955407f366b","Hendon","Hooker","-","0.0","1",,"QB","Tennessee Titans",,
"cc5adfce-d2eb-4621-88b8-d29eaa2ae61d","bd6ca3b5-46e3-496c-812b-bb04e61515cf","Parris","Campbell","-","0.0","1",,"WR",,,
"cc846775-38d4-4fd4-81bd-464f5d923c69","b54a400e-6561-473e-990e-8d28394fb779","Chris","Myarick","-","0.0","1",,"TE","Las Vegas Raiders",,
"cc885a71-ef58-4327-ab4c-fd6fb639eb43","f011d837-1cab-403c-8bca-51bc77f686ec","Colton","Dowell","-","0.0","1",,"WR","Pittsburgh Steelers",,
"ccf0fd3f-c9c0-4f0b-a6e8-a235fc1f7a7a","606cd7d5-8f56-4453-b45e-cf1fe96d4451","Alexander","Mattison","-","0.0","1",,"RB",,,
"cd0f93fe-801a-4243-9786-72ef760c47a0","452d1457-52c5-4a85-b017-5c9d1a6236b6","Jake","Luton","-","0.0","1",,"QB",,,
"cd65ba84-c265-4c6c-9466-048b9fdfbd93","f1e3662b-5084-439a-9b4f-65b05962165e","Dez","Fitzpatrick","-","0.0","1",,"WR",,,
"cd7709f2-a813-4e77-85ad-50e6cba855ed","7c0893a1-8af4-430b-9b4e-d3e1e47cb5b4","Laquon","Treadwell","-","0.0","1",,"WR","Indianapolis Colts",,
"ce175ca0-280b-49cc-8ec2-d330e14415db","eba1eab7-6959-4a4d-9f69-4d7a01499198","Pharoh","Cooper","-","0.0","1",,"WR",,,
"ce28a8a3-ce30-4816-8ba6-8807e94855e6","342b601b-3c4e-4479-90f8-b2048c338e40","Aidan","Robbins","-","0.0","1",,"RB",,,
"ce66d290-5bf5-4c00-83f0-5f9e0f299495","7621d46a-ac9b-44c5-9f75-b6a315deb280","Chase","Curtis","-","0.0","1",,"TE","New York Jets",,
"ceee07ba-7b29-4428-9e02-3eda1e87dbdb","fa8107ca-2809-4452-810d-81a0c1d49513","DJ","Turner","-","0.0","1",,"WR","Houston Texans",,
"cf622cc0-0ca9-468b-94c0-d5453fd833a9","6d617460-69ad-4329-bab2-9b569c6658c8","Elijah","Cooks","-","0.0","1",,"WR","Carolina Panthers",,
"cfaa6a31-d749-43b3-a4a1-161af4744dd2","b83aeb53-9062-43b3-b430-5e7272a9c523","Jalen","Wayne","-","0.0","1",,"WR",,,
"cfef054e-ea8f-418a-aec5-91d1a51b4f4e","3e0bf9a0-4e58-454b-9537-585aa3f84238","Tyrone","Broden","-","0.0","1",,"WR",,,
"d0372927-b0a9-4bb7-b32c-9536f53287d3","3bbf88ce-3649-4fe3-b321-b2026d2e20e0","James","O'Shaughnessy","-","0.0","1",,"TE",,,
"d04d35aa-4ec8-4b6c-b5bb-f25320fe142f","1b71ed87-7d6c-4bd6-b659-8cb882491d2e","Brittain","Brown","-","0.0","1",,"RB","Chicago Bears",,
"d04f2efd-1daa-4363-a556-4d83753d8805","4b3133c5-d824-409e-b743-e51aec5d3789","Ainias","Smith","-","0.0","1",,"WR",,,
"d058094e-cc48-40cb-b1ed-f3667484eafb","d0aa9c34-848f-4ec4-a5d4-cd2c6d6ea92a","Jaydon","Mickens","-","0.0","1",,"WR",,,
"d06ac205-ca75-4e76-bc2a-860deabc452b","55c47e3a-418f-4618-bcda-310b0952edba","Kobe","Prentice","-","0.0","1",,"WR","New England Patriots",,
"d0b0eb6d-e799-4b4a-8a9b-0c0f15ed2720","fec68604-2ae9-42c6-ad70-04ec8637fbfb","Will","Pauling","-","0.0","1",,"WR","San Francisco 49ers",,
"d0e21771-efa8-428a-8e20-3129b97d5570","dc6f13c8-709d-41be-84ce-1f11151225e5","Jeff","Caldwell","-","0.0","1",,"WR","Kansas City Chiefs",,
"d0ea0745-8fa7-4aba-8fcb-bc89ea6b8466","4af471ed-cae0-42e8-b4fc-42b7256a675c","Chris","Collier","-","0.0","1",,"RB","Las Vegas Raiders",,
"d16bad04-2d4f-4b58-a4ce-d9366f919e29","3938dfa9-766c-44b0-90a8-d0aa272a05e6","Tarik","Black","-","0.0","1",,"WR","Detroit Lions",,
"d18cac5b-fb8a-4304-b36d-ba9233748908","75768915-8483-4ce8-8f8f-b1f5c672cf5a","Thaddeus","Moss","-","0.0","1",,"TE",,,
"d1e72fef-8067-4cf7-a7f7-ff6cce9c5aec","edc19ec1-1b0c-43cb-a773-82b8240b64e7","Jason","Bean","-","0.0","1",,"QB",,,
"d2693d70-a8dc-4f14-8b0e-0c0f37a34bb5","a863d144-7cda-4c94-853e-10b442a2b990","Hayden","Hurst","-","0.0","1",,"TE",,,
"d2710680-a7d9-4014-b386-bd7d72bc2692","e40e1cd1-24e6-481b-b2ac-3e1409143022","Thayer","Thomas","-","0.0","1",,"WR",,,
"d2801c5b-f9eb-4d34-8c6a-73d39c3e3c8b","0dc76583-d9f4-42f9-8a6b-5c07446602cc","Matthew","Slater","-","0.0","1",,"WR",,,
"d2bc6e85-787c-4285-badb-034ce6ded612","1af1ed2e-49c5-4e89-8e19-d0492d2dde71","Andrew","Beck","-","0.0","1",,"RB","New York Jets",,
"d2d3a42f-1a41-4985-ba42-825580c691f9","c9aed2e9-f389-4dec-b7c1-8eb42b44862a","Sage","Surratt","-","0.0","1",,"TE",,,
"d3ac56af-3f3e-448a-bee9-7d178f3a1fb2","5d5a1f81-59a3-4adb-8144-c19c89214c0c","Snoop","Conner","-","0.0","1",,"RB",,,
"d423c08c-7c5e-4236-8ed4-129f775bdd31","73ac7862-53ff-4c34-8941-0ee2dd78fb06","Cole","Fotheringham","-","0.0","1",,"TE",,,
"d44e248f-abae-468b-9f90-9dec180ca842","abc11d92-139b-44ab-9a8d-52e6972676f2","Sammy","Watkins","-","0.0","1",,"WR",,,
"d462edb8-e625-4e1d-b38b-225669e302dd","60121a36-8aa4-4d1b-8c38-1769d34f4941","Michael","Wiley","-","0.0","1",,"RB",,,
"d48eb5c0-2dc4-47f7-b76b-44a2b08650d4","bfce6c9e-0e30-4b15-91a8-29e86d072988","Russell","Wilson","-","0.0","1",,"QB",,,
"d510ac88-c08e-4f19-a6a9-1347233ec423","1b821175-4851-4629-8fc5-b8036ad14a61","Diontae","Johnson","-","0.0","1",,"WR",,,
"d530ecef-6500-47e6-bd1c-bd3942b6c65b","48c8c802-0daf-4222-9b17-85d092c54b9c","Deon","Cain","-","0.0","1",,"WR",,,
"d553d940-5f8d-48f6-b7fd-6a3467c8930e","9be599a1-d7a9-4d85-89b8-cb9b65597fdb","Mason","Kinsey","-","0.0","1",,"WR","Tennessee Titans",,
"d5895d66-d19f-41d2-b7ac-62216af9c4fc","972c1749-c532-4a50-a1de-2c74b3f88286","Adam","Thielen","-","0.0","1",,"WR",,,
"d5afb8f0-fe33-4207-9c85-bcc8d7a03189","35ec4c36-31c6-4f7b-b607-e3afb659e758","Chase","Cota","-","0.0","1",,"WR",,,
"d5b78614-1a3d-4d98-9d41-674297a47b0d","60ecd2ea-8cb6-4de3-b1a2-bea8f2e7e5ce","Michael","Woods","-","0.0","1",,"WR","Denver Broncos",,
"d5cad8fe-e1df-4054-be39-b186f6d6348e","d96d2e10-79d6-4ca8-bfb8-383a5a5d4510","Pete","Guerriero","-","0.0","1",,"RB",,,
"d60f7dd3-f812-4f57-b7ef-aed36203d5c0","b6f08355-a9df-460c-9c55-4a451bbdabe4","Cole","Payton","-","0.0","1",,"QB","Philadelphia Eagles",,
"d6898d40-64db-4ea7-b273-561031853325","473028d3-4ab3-4cd4-8b71-a58f80ea8e4e","Dezmon","Patmon","-","0.0","1",,"WR",,,
"d6dae782-9b33-4fb0-8c1f-3aa191b99303","dd91a19e-ddfe-40a9-b790-97880ec2587f","DeAngelo","Hardy","-","0.0","1",,"WR",,,
"d6f69c33-b846-48ae-a139-5bca050be4bb","c075c847-51be-42d2-ba00-d6987fd8afc2","Graham","Mertz","-","0.0","1",,"QB","Houston Texans",,
"d7029a52-f699-4d70-bd0a-916d1c1cfa1c","ad974ca0-9a05-40ee-aeb0-71d0a96164d4","Godwin","Igwebuike","-","0.0","1",,"RB",,,
"d726a0f4-a4c0-4164-84b9-23905f5ceb15","c20da9dd-e382-47a6-87d4-e33ab7a4d2ea","Velus","Jones Jr.","-","0.0","1",,"RB","Seattle Seahawks",,
"d75b866e-d080-4035-839c-a794abeb06df","506a28be-3709-494b-9614-7aeaa5d96b5f","Seth","Williams","-","0.0","1",,"WR",,,
"d7cccc51-fc96-40f7-aa3e-0a893b9e46b9","dab88fd5-33ee-430c-9c8c-b8be161b04ff","Shaquan","Davis","-","0.0","1",,"WR",,,
"d7efc35c-b4c4-40e0-bbf8-22a5553f4aef","7f1cf8a9-3ce8-4909-97f1-ca6a599cef35","Malcolm","Brown","-","0.0","1",,"RB",,,
"d80678a1-f830-4d14-8d59-4583d19a6a2f","53ffaf45-c3aa-4a6c-a459-0a5259b4f104","Trey","Palmer","-","0.0","1",,"WR","New Orleans Saints",,
"d8a92dfc-3265-40bc-bce7-33858fb08ee3","51acbf2f-966d-4213-8c23-b482a4f2e263","Ronnie","Bell","-","0.0","1",,"WR","New Orleans Saints",,
"d8e777f2-25bf-48b5-9913-4fea34d77745","c279c8d0-18b9-415d-8c6f-36d15878eed6","Parker","Hesse","-","0.0","1",,"TE",,,
"d91335bb-97cf-4b4e-b1ca-066ee1b076e2","8da84d64-bab4-4fdd-ac2d-f6729e5a31a5","Kaden","Smith","-","0.0","1",,"TE",,,
"d9278dac-bc64-4102-be8b-2ac0d7e1607d","b1f4cb0f-ac20-4efd-a951-d8539f3d46b4","Jordan","Matthews","-","0.0","1",,"TE",,,
"da1f74ff-200e-461e-8500-2f367499b731","5c6a3b7b-3c9d-412f-974a-224d100b9316","Noah","Short","-","0.0","1",,"WR",,,
"da688b2a-18b3-4d1e-8d69-2f90db08db94","a19b97ed-908f-42e3-9802-1f98e71b522a","Hayden","Large","-","0.0","1",,"TE","Chicago Bears",,
"dabd224b-056c-410c-94e7-abd78698bf9d","6081a58b-7ae0-47e1-add6-c028d14c53e2","Albert","Okwuegbunam","-","0.0","1",,"TE","Las Vegas Raiders",,
"dad98d12-c0e5-4d40-82f3-f2fe6bc11fa2","2e9d9efc-241f-49b6-8d7a-b165e92ffe63","Michael","Burton","-","0.0","1",,"RB","Cleveland Browns",,
"dadd6469-ad9c-4fee-b316-2e8f43fd8829","12416569-f6da-4bfa-833b-8633c76ce9f9","Chris","Herndon","-","0.0","1",,"TE",,,
"db2e5e21-9e05-49f6-aa57-9c03b12de541","a9649d33-6dc9-48f0-89e3-a6757fb3de8f","Mason","Fairchild","-","0.0","1",,"TE",,,
"db717234-aca4-4f0b-a5b8-5c6a551c532d","7b6a4f58-122e-45c0-bf23-d862552ba221","Stetson","Bennett","-","0.0","1",,"QB","Los Angeles Rams",,
"db9c8da7-7acf-4934-9888-8069cd757817","2e193d3d-e4e0-4147-bcb9-df418cb749dc","Michael","Ezeike","-","0.0","1",,"TE",,,
"dbd4ed5a-4f7b-4b06-aa3e-54191b9ba0d6","972ad53a-6288-46d4-a4b2-8bab13de4d32","Brandon","Johnson","-","0.0","1",,"WR","Las Vegas Raiders",,
"dc616470-a659-472e-85db-0f11150ae454","96040d05-8b75-4b42-8bc5-a6623f0da639","Kendric","Pryor","-","0.0","1",,"WR","Cincinnati Bengals",,
"dcad3a3f-6e56-4846-a05f-79bd4dca2fff","e454b9db-4daa-4097-b0bf-4547391d1141","Isaiah","Ford","-","0.0","1",,"WR",,,
"dcbecd5e-d3f4-47ee-9831-4dd09941d77d","8bcda6ee-e0e3-47ec-b1cd-4b4799c9ba27","Juice","Wells","-","0.0","1",,"WR","Atlanta Falcons",,
"dcf94802-d606-46e4-9938-76c927629547","f4ad7681-a5c9-4aaf-8325-324beab72305","C.J.","Ham","-","0.0","1",,"RB",,,
"dd6c29e6-ac38-4e53-80f9-a3e4a2d1c026","fb090786-d8de-4e8d-9db9-04e89e44ea63","Taylor","Heinicke","-","0.0","1",,"QB",,,
"ddc76652-6c5f-40fd-8206-a9b952d95546","15c150c0-eeb8-4228-b98b-391a20464ef7","Eric","Tomlinson","-","0.0","1",,"TE",,,
"de6f38ae-aaa3-4131-b7a5-a27534f70899","19509873-f51a-4cd7-8436-149cbd0009b7","Daniel","Arias","-","0.0","1",,"WR",,,
"de7021ed-0616-47b0-b350-d9727668cdbf","cf3ef49c-dc3b-4645-9300-7daa2d659787","Squirrel","White","-","0.0","1",,"WR",,,
"df0f2b6a-1647-463d-a892-70a2b96bb9da","e7b3c934-50a8-4a3a-9f2b-a26cf98542ac","Jonathan","Ward","-","0.0","1",,"RB",,,
"df9b555c-54f8-428a-bccc-a7d5216c35da","d49b53e0-66b4-466e-88d0-c88c35409192","Jaray","Jenkins","-","0.0","1",,"WR",,,
"dfb84dff-3516-4096-9b31-d8a51c75f4b4","7dc4bf58-7897-4fc0-8a97-7de75f3c487e","Thomas","Yassmin","-","0.0","1",,"TE","Green Bay Packers",,
"e050979f-22e4-46fe-aef2-ededaaba7241","78c700de-f98e-4043-be37-1a1735256c38","Ja'Lynn","Polk","-","0.0","1",,"WR",,,
"e05dfc2e-a247-4de0-8ffe-481792727721","ac4c7470-c683-4e07-8768-086db0598961","Dymere","Miller","-","0.0","1",,"WR",,,
"e1265558-25ad-460b-8e1d-9089229ba799","55560224-26d6-4919-a5fd-cbf63e1de421","Jalen","Walthall","-","0.0","1",,"WR",,,
"e137d847-194c-4f8f-8c93-7d6ea0a1121b","f579e9d6-fb89-46b2-929a-53a4851997e1","Lake","McRee","-","0.0","1",,"TE","Pittsburgh Steelers",,
"e1b7ac9a-bf71-4739-902c-4aad1a038f07","b245e35a-861b-4de5-8c65-ac63b3ab3444","Devon","Allen","-","0.0","1",,"WR",,,
"e1c58895-7317-4b82-9520-2c3c636f529d","b09279b5-72ba-439d-b384-4aedddc23b0a","Chris","Carson","-","0.0","1",,"RB",,,
"e1d93ffd-c104-4b4f-9a8f-5554065f5c14","bcb347c7-ee26-4f3d-9937-758f3ac1733e","Israel","Abanikanda","-","0.0","1",,"RB","Dallas Cowboys",,
"e250fb10-4fec-48fe-8f08-7ed400e2bd5b","7f86d8d5-68cf-49e2-8c8c-9932812eecdd","Noah","Cain","-","0.0","1",,"RB",,,
"e2ef1be6-f0d1-4564-9f05-d0da8166c4da","fa43b405-701c-465f-af8d-76723fe36781","Matthew","Caldwell","-","0.0","1",,"QB","Los Angeles Rams",,
"e30d2089-b845-4c32-8dab-b09662743295","48176c26-4529-4840-b4ed-1cdad2751286","Adrian","Martinez","-","0.0","1",,"QB","San Francisco 49ers",,
"e33c1a62-503a-4b2e-b79d-a07e154a57d4","8a623b0d-b2d9-4267-a75c-ed2117a813d2","Scotty","Washington","-","0.0","1",,"TE",,,
"e3a6ea30-ac10-4496-a91b-7f0c84f8ab36","147c819e-435f-431a-a98f-0821eb2347f9","Kejon","Owens","-","0.0","1",,"RB",,,
"e4467232-a19b-4568-8656-cabc3114c9cf","3e1e5a1b-a544-4031-967a-2e8ccf5b48d5","Blake","Bell","-","0.0","1",,"TE",,,
"e4876ee3-450b-47e5-9b94-1a3fade563ba","62da3dbc-8e78-4d5c-91cd-8ac5931e72f9","Cody","Hardy","-","0.0","1",,"TE","New Orleans Saints",,
"e4896c41-c6a4-45ac-b6bc-6c50d552671f","8ecaee15-f29d-4703-80f6-97ba400ddf26","Josh","Ali","-","0.0","1",,"WR",,,
"e5821633-b4f1-485f-819f-04c00532f94a","35490f3c-4283-47e7-b260-bc73e4b0139d","Cedrick","Wilson","-","0.0","1",,"WR","Detroit Lions",,
"e5aeeca6-ad63-4bb6-9774-ea0826a87d77","3cd91567-2eb5-4a43-a64d-59a4235e5508","John","Kelly","-","0.0","1",,"RB",,,
"e603f36d-c1dc-43cd-9c6b-c220c48eb7dc","8e6bee21-668f-49b7-9977-d33642677c76","Jacob","Copeland","-","0.0","1",,"WR",,,
"e64989e2-de12-419b-8dd1-e155bfe2de80","d89cc456-7055-4f34-992c-f1a0b086b7a3","Duece","Watts","-","0.0","1",,"WR",,,
"e64e0bbf-30b3-4254-ae33-76f47ea13e9c","7ea783ed-bbef-483e-bd3a-7b34eef06d5f","Phillip","Lindsay","-","0.0","1",,"RB",,,
"e656a89b-5ecc-4296-b385-fb6553130a48","6e9df746-d5c4-472e-af68-e2c4331a7fe6","D'Onta","Foreman","-","0.0","1",,"RB",,,
"e670808b-6796-4d9b-a583-557af006134d","bdf443a9-60ac-4baf-a41f-6896c733cba2","DeMeer","Blankumsee","-","0.0","1",,"WR",,,
"e6e844f5-2864-4be6-ad43-5cafbe199a85","327c2823-575c-48df-b3e7-a022ce7053b7","Ellis","Merriweather","-","0.0","1",,"RB",,,
"e72ffd5e-7fd0-4674-97ab-5b242b2944b7","bbc2b540-8a00-4d9a-b814-1eec5e92c75b","Alex","McGough","-","0.0","1",,"WR",,,
"e8684243-7850-442c-b36f-d0e531b3ff78","e2403548-a524-4f15-a76b-fe6078af80e4","Kadarius","Toney","-","0.0","1",,"WR",,,
"e8701c55-bd82-4937-aa26-9c9e2bda1f16","778f355b-72cc-43b8-9f41-329981aa53bf","Elijhah","Badger","-","0.0","1",,"WR",,,
"e8e66202-ed9f-4906-b47a-e1c7bbbfdd65","b81c8cfe-41e9-4a9b-9fe0-614ee26eb47c","Miles","Sanders","-","0.0","1",,"RB",,,
"e9f7ce9b-417a-4de0-bd25-0e61b47c0754","71dea281-8e94-4554-a60c-40af3e8f1a20","Izaiah","Gathings","-","0.0","1",,"WR",,,
"ea4042bb-5cc9-457d-8530-ac3bced28498","11fb5bbf-df4e-4748-b35e-5fc10f73b0c4","JP","Richardson","-","0.0","1",,"WR","Chicago Bears",,
"ea903b9e-55bb-4a45-bf93-63c90eff549b","defb990b-58ba-4796-a9b4-fc87d5f0e4d1","Sean","Ryan","-","0.0","1",,"WR",,,
"eabeff77-63b5-445f-82d3-b4600d49a40c","7d6efeaf-e52e-4a2a-8b6e-ccfe86c89d5e","Darrel","Williams","-","0.0","1",,"RB",,,
"eb6e760b-46e0-4a06-9833-5624d3d43eee","f48808e6-a675-424c-9c26-f5691e1998ad","Dillon","Bell","-","0.0","1",,"WR","Minnesota Vikings",,
"ebd5a433-012e-4977-9070-1954e38eb321","b1672075-e4a6-4e66-9b8d-639a1eaccf99","Johnny","Wilson","-","0.0","1",,"WR","Philadelphia Eagles",,
"ebdccb20-cbb8-4f97-b092-3f38979a98a2","90742b23-d686-4b53-83b5-0104a4f61c78","Maxwell","Bishop","-","0.0","1",,"RB",,,
"ebea50e0-79d6-42cc-8a9b-9ef29331948e","322a0525-829e-4b37-a8f8-f5a046f1da2f","Corey","Kiner","-","0.0","1",,"RB","Arizona Cardinals",,
"ec4157fc-7a3f-4f60-b2f6-0218f26dc97f","5166aed6-f9f1-4163-9fb4-6dacf4406e29","Michael","Pratt","-","0.0","1",,"QB",,,
"ec7bc774-fb29-4ee4-8c5a-d47ea8e52f5c","1bc99426-b709-4eeb-bd36-cab96b6717e7","Justin","Johnson","-","0.0","1",,"TE",,,
"ec93c3f9-52a0-4b5f-bc7c-e20241a37c3f","1551d6c8-e6ed-4a68-a3ab-c02179829a90","Kwamie","Lassiter","-","0.0","1",,"WR",,,
"ecef56d5-a7e7-4c98-8be7-8c4911217578","876a2db7-22d8-48b6-a3e9-bd825405b722","Traeshon","Holden","-","0.0","1",,"WR","Dallas Cowboys",,
"ed2b14b4-fd3f-49f2-867f-b7a19d656f9e","4e095da6-5de5-4123-8d01-1cbffb761394","Kirk","Merritt","-","0.0","1",,"WR",,,
"ed3ebbf7-33d7-4e90-ab3a-d652dda31cef","878aad5f-c243-4060-99d4-3dd62c5e7d3b","Zaire","Mitchell-Paden","-","0.0","1",,"TE","New Orleans Saints",,
"ed48a2fc-f2bb-4ce4-b593-20bd72ff8b79","f27a6caa-fb96-4a55-a5a3-7bddbcadeb99","Montorie","Foster","-","0.0","1",,"WR","Seattle Seahawks",,
"ed4c31f0-6090-4325-99bf-d365455cb9ac","10e0a2ff-5721-42d3-808a-c73914405da5","Dee","Eskridge","-","0.0","1",,"WR",,,
"ed4edc96-059a-48c7-97ea-767ee1db6145","7e6f6802-ff96-4ef9-8e01-14724b993253","Craig","Reynolds","-","0.0","1",,"RB",,,
"edac92d1-1ca1-44a1-a5fb-5c7d705bb793","462115cd-2271-4331-87ba-908346e8dbac","Anthony","Schwartz","-","0.0","1",,"WR",,,
"edcde5dc-dcfd-4197-9067-5506f5bf6ab3","32dba8f9-38cc-4aba-843c-6ca91d562a0e","C.J.","Beathard","-","0.0","1",,"QB",,,
"ee06138f-d9a3-47d6-a430-016475be162b","237cf3d6-f890-4c40-810e-24ed46343fd1","Dalton","Keene","-","0.0","1",,"TE",,,
"ee383103-48dc-4823-936a-2186b7d58146","2ceefe98-832b-42b3-9edf-f3761d8f03b1","Jakeem","Grant","-","0.0","1",,"WR",,,
"ee3ff45c-3b09-4178-b45a-8c9c8db485a4","73cbe66a-097b-4cce-9f88-ab17ffeb6b46","Trayveon","Williams","-","0.0","1",,"RB",,,
"ee4a76a1-766e-4c97-b474-c3b23c2bbd9b","44608555-7be1-421d-8892-edd66c0abcb6","Jalen","Richard","-","0.0","1",,"RB",,,
"ee5e8d88-506c-412d-81eb-cdddf235d835","09e53f61-1fb8-4e59-972e-52522e99170d","Trey","Burton","-","0.0","1",,"TE",,,
"eee8558f-ff3c-4625-a8ed-7a0ec93a6ba4","f1c9141a-6c85-4993-a108-72782e7dca8c","Ja'Corey","Brooks","-","0.0","1",,"WR",,,
"ef031a1f-d7e7-4add-b0a8-e3c824036ed2","191e80b5-c29c-423a-996f-ba8989871efc","Nick","Williams","-","0.0","1",,"WR",,,
"ef12e3ff-536c-4488-b97c-ae59ba9c60c5","cdded231-dbf3-415f-9374-8d35c089cf9f","Larry","Rountree","-","0.0","1",,"RB",,,
"f010612c-b6ae-46f9-ae46-19a4e804bf5a","3233ed0b-c669-48d1-9b6f-f2a9b0f25a94","Cephus","Johnson","-","0.0","1",,"WR",,,
"f07fe9e5-6231-48e0-8169-3438ab623e4b","4085310e-7820-4ba9-a537-009d26ce6377","Tyler","Boyd","-","0.0","1",,"WR",,,
"f094daeb-9150-46bf-bcce-47915a468315","22e1cbc7-c0e6-4369-be55-0b9a96246515","Tay","Martin","-","0.0","1",,"WR","Detroit Lions",,
"f0cd1a8e-2dcd-4508-adcd-5a4229bad247","ff84664b-1118-41f6-8140-8a2c67ed4077","Kalen","Ballage","-","0.0","1",,"RB",,,
"f0d32bda-2737-4ccd-a28d-810040a41e75","a28195c7-d5fb-42fa-9667-9539c1db470d","Joe","Fagnano","-","0.0","1",,"QB","Baltimore Ravens",,
"f0e23dfc-dc8e-498d-9048-f8c9283bfc34","8338c416-2fd9-40a4-a9d0-5219379eda93","Tyreik","McAllister","-","0.0","1",,"WR",,,
"f0faf0fb-50c3-43dc-b28e-515c3d6ca49a","90da1841-01ba-44db-a1b4-4b0ae398f1b1","Cody","Thompson","-","0.0","1",,"WR",,,
"f16347a5-732f-4c2f-99e4-9a447b6a2763","f8fac9c8-38b8-4c2d-9d30-28d6227d32fc","Ulysses","Bentley","-","0.0","1",,"RB","Indianapolis Colts",,
"f170ce90-029d-45f4-a589-91cc8f0cc3b8","5b9b311c-7f40-4096-9e94-c5e608a5b9af","Austin","Allen","-","0.0","1",,"TE",,,
"f18a1da2-e104-4f4e-a18a-533c5cf31af7","d2dd8436-1694-45fa-99bb-38b95be026f5","Tucker","Fisk","-","0.0","1",,"TE",,,
"f282e5c3-f05c-42bf-b00f-32e4ee97c7da","88ad20bb-1f50-4818-8b4c-93e72c0f97fc","Jake","Haener","-","0.0","1",,"QB",,,
"f28d80b1-b2b2-45af-8e63-9fea52994206","a8ac601f-1b6c-493e-a8c0-a980a43547f0","Alex","Armah","-","0.0","1",,"RB",,,
"f2a9630b-e662-4e3b-b10c-ce928d3a772a","575785ec-d27a-4b99-ba9f-42dcd8b89185","Trey","Quinn","-","0.0","1",,"WR",,,
"f2cb886a-f4c2-4c0b-9965-08e6287ff8bc","1a460d42-fb92-4617-a034-83a815fdee35","Equanimeous","St. Brown","-","0.0","1",,"WR",,,
"f2cf5ae0-0794-409c-b828-06b1f879782c","c1dbe39a-c909-4e1e-8952-b31f6f237df6","Jarvis","Landry","-","0.0","1",,"WR",,,
"f2d8000e-32b6-4f53-b383-699049f32c8c","4f0afbcf-ad42-4fb9-8661-0458d8a11859","Cordarrelle","Patterson","-","0.0","1",,"RB",,,
"f2e3aeca-1d4e-4728-959f-e788d5bf2c98","ccc6bb24-a809-4722-ad5f-9946dad7d06d","Kyle","McCord","-","0.0","1",,"QB","Green Bay Packers",,
"f2ecf49a-0d03-4ce3-a4eb-de923be3157e","84de2e30-7a1e-4c22-891a-2a11d8cd29db","Jha'Quan","Jackson","-","0.0","1",,"WR","Houston Texans",,
"f3417b5e-01e5-4370-bb99-26be6908e47e","b067967c-394a-47c8-8863-4d14b7d1d254","Dax","Milne","-","0.0","1",,"WR",,,
"f35b5d3c-b8f6-4090-bdef-811fe99f3d49","a5ab3c4d-dbd1-46a3-aafd-fa277c6c528b","Drew","Lock","-","0.0","1",,"QB","Seattle Seahawks",,
"f365bb82-7843-4c79-bf88-cf61d16907df","fc483913-ce8e-44ac-a202-97bef687dc1a","Troy","Fumagalli","-","0.0","1",,"TE",,,
"f40a6426-c1ce-45e8-9ce1-8c2246ef428b","2ea5b21c-573f-4502-b23e-8ce2a97f1b47","Will","Grier","-","0.0","1",,"QB",,,
"f42a7931-c5f5-4656-8b45-72a10655e841","8e657894-cbf8-4464-b60c-c9cf9aa2520b","Raheem","Blackshear","-","0.0","1",,"RB","Detroit Lions",,
"f45a1820-bd9a-49ac-a689-6aebfbb86bf5","3739608a-97c0-4eef-aa3f-c39b049bd703","Payton","Thorne","-","0.0","1",,"QB",,,
"f45d4c41-071a-45bb-95ec-b84273ece8a0","01ba4181-6f64-4bf1-8d52-8e4d18e7d8fc","Jacob","Kibodi","-","0.0","1",,"RB",,,
"f4b1eb6e-8385-480b-a027-ad46e5bf9aa9","5750c050-2514-489d-890d-5e8484e5a078","Roschon","Johnson","-","0.0","1",,"RB","Chicago Bears",,
"f5483903-2145-4439-b26f-e77759c37daf","f5a6acf9-b129-4d49-a7b9-f1e16a48f2a6","Kyron","Drones","-","0.0","1",,"QB","Green Bay Packers",,
"f5bbbd5a-1f48-4ca8-a7ae-7e2ab49082f2","c90bf5e7-3660-4ea1-80a6-e99a81246b89","Justin","Shorter","-","0.0","1",,"WR","Las Vegas Raiders",,
"f62a0467-c0e7-4520-977c-97cde5fb4686","75690f2b-a27e-48c8-a117-58785124a182","Sean","Mannion","-","0.0","1",,"QB",,,
"f693f0fa-1fbf-4236-b0de-d46a17c6cb1d","d6526d21-cca1-4a63-84fe-aeaeeefc7bbf","Tyrie","Cleveland","-","0.0","1",,"WR",,,
"f6f1779b-8d64-49fa-9468-2ad38eb4f3e5","e8c1723e-3ec3-49f0-a83b-c7af9c62babc","Luis","Perez","-","0.0","1",,"QB",,,
"f6fa999f-c668-4f20-a1d3-9c38ce51c454","109091e3-517d-427c-98d0-c3982fd84508","Dominic","Richardson","-","0.0","1",,"RB",,,
"f78aa2a1-ae92-4dd8-9173-259eafab4840","5596500e-ca2b-44c2-abf0-725506558a5a","Ke'Shawn","Vaughn","-","0.0","1",,"RB",,,
"f7ad1d7c-2fc5-4b34-bc3e-750ff8d5b0cb","1cd3499e-c75c-456c-ba59-1dfc8328253f","Brady","Boyd","-","0.0","1",,"WR","Jacksonville Jaguars",,
"f7b97df1-af58-444e-b25e-f96e65ca18c4","6f385718-3d76-4853-9843-d2324108d70f","Marcedes","Lewis","-","0.0","1",,"TE",,,
"f885e246-0733-4d6b-b119-b7365982ee4c","0bfaf498-3324-4f13-9117-acc85cf3cdb8","Brennan","Presley","-","0.0","1",,"WR","Los Angeles Rams",,
"f89b80c4-d184-48d8-a51b-c49d424523ac","26267416-3042-416a-87a0-499861cf6d88","Malik","Flowers","-","0.0","1",,"WR",,,
"f89d6f87-5818-4d19-9a26-fb633b870765","05d98712-5287-44bd-8fe6-5a691fbc6d18","Jesse","James","-","0.0","1",,"TE",,,
"f90a7575-db20-46ed-ace7-0ff8b75035c8","66089393-f3d1-4720-8763-87e0ddb206d0","Shane","Buechele","-","0.0","1",,"QB","Buffalo Bills",,
"f923d994-27ad-4e8c-aa06-629e82337379","eb7f3504-9d5c-489a-b9c4-9fd4bdbaddb7","Max","Brosmer","-","0.0","1",,"QB","Minnesota Vikings",,
"f94558df-5004-4b3e-bb87-48b19bb0a27b","b96ab86c-9eeb-427f-a54b-53a9a21bc3fe","Hassan","Hall","-","0.0","1",,"RB",,,
"f96c50cd-fff6-49a0-9c8b-8e0cc617c164","37f5cd94-6ce7-496e-b303-496f987398b8","Will","Sheppard","-","0.0","1",,"WR","Green Bay Packers",,
"f9986c66-2e49-4dc8-a1ff-6f2e6a278420","82fb71e6-751c-4d58-9057-d45923b76716","Jody","Fortson","-","0.0","1",,"TE",,,
"f9b316db-2940-4a57-bc1c-c4dea54e2407","f79d1f8a-db38-4fe5-a0c2-541b47a542ba","Joseph","Ngata","-","0.0","1",,"WR",,,
"f9fb1b59-de1b-4c66-bbc4-ff75cec9689c","7fdd4a23-1ba6-45c4-b58f-27add5e797c4","JaQuae","Jackson","-","0.0","1",,"WR","Los Angeles Chargers",,
"fb365c4d-1902-4440-b965-7347e31817bf","1e8d3d2c-b9aa-4d4e-b9a6-8e3cd2b01e33","Hunter","Renfrow","-","0.0","1",,"WR",,,
"fb9bdbbb-aa2b-4cff-8ff5-b3ea1f32db1f","f7ef84ca-e233-4d95-8f94-79cc6977857f","Jalen","Wydermyer","-","0.0","1",,"TE",,,
"fb9df04a-50e7-4cbc-95a6-dac443a600bc","3f534681-235b-479a-9f7f-49b46d92cf59","David","Martin-Robinson","-","0.0","1",,"TE","Tennessee Titans",,
"fc4a3e4c-0b7e-471b-9c71-02c8686722ac","3016f3be-0dc1-468c-b102-a44ad9082d85","Shedrick","Jackson","-","0.0","1",,"WR","Las Vegas Raiders",,
"fc725f78-de01-46b7-914b-efc56906fa61","a2f6d787-e95e-4674-9cbd-9e68b8bf2140","Jack","Strand","-","0.0","1",,"QB","Atlanta Falcons",,
"fc842617-b65d-47b4-8f11-8f9e406c15ca","bb2ba945-13aa-4e9b-92ac-bef77ea13910","Corey","Clement","-","0.0","1",,"RB",,,
"fcf408ad-2be6-4d03-a7b9-02fc5e4b518d","e49e848d-1e37-485e-939d-534e50721502","Montrell","Johnson","-","0.0","1",,"RB",,,
"fd2b37ff-d543-475b-9a45-24146d92de79","8b1d5278-cc11-4326-a8ec-135422593ece","Brevin","Easton","-","0.0","1",,"WR",,,
"fd38e827-7e29-4ec7-af5c-16236b34445f","36ace6b0-eb4c-496e-9b80-1077e548ba36","Sam","Brown","-","0.0","1",,"WR",,,
"fd7c472d-2bcf-4575-b121-3af33c795a38","3d05f6c2-c1ab-47a0-bc34-39da72eb3e0e","Bam","Knight","-","0.0","1",,"RB","Arizona Cardinals",,
"fd7e3b6f-303a-4ac3-9cd5-60a2839b3e2a","99e22f99-909f-4299-bfda-f69ca75ee042","Malcolm","Perry","-","0.0","1",,"WR",,,
"fda77198-cf52-49f0-b535-dd40f6c88f73","b524d141-792b-40b0-b03f-5ba8b37d86be","Trent","Taylor","-","0.0","1",,"WR",,,
"fe1f5163-2198-4bfc-91d8-d537f66d1fd5","b3b3b1d2-7095-4e4d-8b7d-b6f90e689f77","Joel","Wilson","-","0.0","1",,"TE","Tennessee Titans",,
"fe9e47a4-9a02-48a0-987f-5567230af9f2","648033dc-0124-429a-9a89-7ddb9f195885","Qadree","Ollison","-","0.0","1",,"RB",,,
"feaef5c9-02c4-414d-888c-673876f28149","0bb824df-2dff-49f2-9dc2-be7d999946e9","Daewood","Davis","-","0.0","1",,"WR",,,
"ff21cf6f-6ce1-468c-9af2-5c2b38f1bf2d","00f76dc2-5727-4597-817e-ce253c10dc07","Ben","Sims","-","0.0","1",,"TE","Miami Dolphins",,
"ff94c600-5639-49c8-8661-2c91967b4b7f","805e7e9a-65c9-4cc1-a6ee-740bef7c598a","Malik","Cunningham","-","0.0","1",,"WR","Detroit Lions",,
"fff5d7ff-dc89-4e45-82df-78ae6f9b022e","33cf7a00-a356-4475-98bb-337269c244c4","Richie","James Jr.","-","0.0","1",,"WR",,,
"00831660-1b45-4ab0-9d5d-b83a633837ba","ba821993-c0f5-4ba4-9abc-9d3ffac55fa0","John Samuel","Shenker","-","0.0","1",,"TE",,,
"0084e461-b2b5-40ec-aaee-dca2d26cba1d","224aa219-dd0f-4199-97d0-bd12f78dd08a","Monaray","Baldwin","-","0.0","1",,"WR",,,
"00abede9-cb7c-46c3-80ef-6b2c3dfa4aae","b93eaf91-c5a3-4a8b-ad58-35f8e5850814","Marcell","Ateman","-","0.0","1",,"WR",,,
"00c7c355-4e96-4907-8a5f-778be517e765","58619510-459f-4cd1-b79b-0c2075d57cd3","Sterling","Shepard","-","0.0","1",,"WR",,,
"00cb7f36-cb29-4be8-8316-9cb719d0b100","34563ed6-4c32-415d-8dd7-d7204e553e83","Alex","Bachman","-","0.0","1",,"WR",,,
"00d23690-5ec5-48a2-adf6-fd41b5c04c6c","df22a581-dfb7-4ab1-92ba-15a69e6949cb","Athan","Kaliakmanis","-","0.0","1",,"QB","Washington Commanders",,
"00d572fd-10e7-439b-87fc-94b666294d9c","66314378-509f-4782-aae3-289603eca611","Lan","Larison","-","0.0","1",,"RB","New England Patriots",,
"00e7bf3f-f614-4a64-9c85-7e9e44ea67be","475e192b-6c8c-4c89-bc74-fc1f94b2931d","Ahmani","Marshall","-","0.0","1",,"RB","Cleveland Browns",,
"019a0e45-d7ef-4406-89aa-c3e337bb7aa0","61f68938-7282-490c-80ad-bab4b95128e2","Jack","Westover","-","0.0","1",,"RB","New England Patriots",,
"01ba7f09-f167-4c45-aac1-a6a4ab9c9897","cefc1262-7ac8-4152-ac80-2d7b11da1cc9","Kaden","Prather","-","0.0","1",,"WR","Green Bay Packers",,
"0243bce8-6650-4693-90d1-75029b46b282","2695dd38-cb15-4384-ab7d-dc9b8e3f79c3","Dalen","Cambre","-","0.0","1",,"WR","New York Giants",,
"02a30137-f020-4eb0-aa1a-6600993b7957","47b54337-699a-4a29-bc6c-7010673d3773","Tom","Kennedy","-","0.0","1",,"WR","Detroit Lions",,
"03052d6d-bb10-48c1-81b0-edda53b65d68","87bffdee-49fc-4ffd-bd20-43522dc8e23a","Nathaniel","Peat","-","0.0","1",,"RB",,,
"031acfdc-8136-4bf1-95ba-7f8a3d12d9cd","a9ff33be-2c41-480a-84e9-16d6f85c99a6","Dontae","McMillan","-","0.0","1",,"RB","Baltimore Ravens",,
"031f7c8c-dd2e-45bd-b786-bc3dd3ffc2e5","99f290b0-f6fd-4ec0-b0ed-42a4ec124cbd","Alfonzo","Graham","-","0.0","1",,"RB",,,
"03627362-557a-4b68-8a15-498df61d7384","c5d0be73-4304-4ab4-b4a2-b7a9cba329aa","SaRodorick","Thompson","-","0.0","1",,"RB",,,
"03f606c7-087b-4e92-a3c0-c3c2f1515a57","9525a6fa-2259-421e-8f69-50df349c6a82","Cornelius","Johnson","-","0.0","1",,"WR","Baltimore Ravens",,
"0451e1ed-2703-48a3-80e9-e6bc278c6e21","80db90d0-8057-446c-b2bb-e4d67f357a25","Elijah","Moore","-","0.0","1",,"WR","Philadelphia Eagles",,
"0460fc15-48c1-4ffa-84b0-7f3ee2dd0d00","5c8a31c4-6731-4d82-a770-ba31821ab109","Kobe","Hudson","-","0.0","1",,"WR",,,
"049dab75-3d07-4a89-904f-c2a2b208a6c1","979eb0cc-91d9-4848-9fea-87ebfeb4b141","D.J.","Montgomery","-","0.0","1",,"WR",,,
"052861d7-8c77-4095-9e2e-b3586e965c63","cbd44d70-a500-4e0f-8d9c-a1fa32183aa3","John","Ross","-","0.0","1",,"WR",,,
"0538a188-891b-4dcc-a5db-c1c0e63a896c","879086a0-f8eb-4692-9596-81d2d6391a0b","David","Blough","-","0.0","1",,"QB",,,
"053913f1-be04-4162-8d85-a812cd3ccf87","c86a8455-08b6-4bb3-bd21-9ac7fe093ae9","Jonathan","Mingo","-","0.0","1",,"WR","Dallas Cowboys",,
"05717ef0-1795-491a-b16a-7e7acab1843d","7ea00793-952c-4b99-871a-eea575a9f233","Sam","Pinckney","-","0.0","1",,"WR",,,
"05fdd1ad-eefd-431c-94a0-63ccf37ce231","e437bb76-664f-4432-ae52-ed32f979bfb1","Emani","Bailey","-","0.0","1",,"RB",,,
"0613a903-a42f-41a2-b83c-d1b80cb70e01","762d6ec0-ac96-4d34-95ae-69511a1d6654","Christian","Wade","-","0.0","1",,"RB",,,
"06574ea2-3e5b-4d01-b217-1584f8bd21c6","297c385d-a1fa-46bb-8ed7-955b34d5b27c","Bauer","Sharp","-","0.0","1",,"TE","Tampa Bay Buccaneers",,
"0663c6f9-dec9-4b4c-bc7f-26c76f5c0479","82ad0764-47cd-4497-b192-6d43fb8af08f","Dontay","Demus","-","0.0","1",,"WR",,,
"0678ced2-1a70-40f7-9d8f-7125c9fd046c","f8bdbde8-afae-4a23-ac5b-231bd7eeeeab","Dede","Westbrook","-","0.0","1",,"WR",,,
"07055b52-5fb8-45a9-a7ff-bbfb2b44166a","4b7cbb4c-1ab9-4e5b-9c08-b92992cf4d45","Behren","Morton","-","0.0","1",,"QB","New England Patriots",,
"07475d58-5ec2-4390-a3f6-affbb0431add","61e751b2-ed75-46b6-9cc1-8cd44c830194","Teagan","Quitoriano","-","0.0","1",,"TE","Arizona Cardinals",,
"074f3c75-0968-4f45-b7da-cbb0901c7483","501540fa-ada9-4e50-8cbc-0afee30178c0","Johnny","Johnson","-","0.0","1",,"WR",,,
"0821a9fb-436f-4676-a140-69cbe691178d","ae5f5999-10aa-4735-81c6-dbeda5400ad8","Xavier","Gipson","-","0.0","1",,"WR","New York Giants",,
"08290ba3-0f1a-4824-9e40-d78e44789e09","342bc747-0b79-41ec-a21a-80328a60dda9","Quintez","Cephus","-","0.0","1",,"WR",,,
"08937327-2fbe-4476-a948-c30c4a00606c","8d87a855-ad6d-463e-a1ec-9d61e39fdd37","Adam","Prentice","-","0.0","1",,"RB","Denver Broncos",,
"08964a97-28b2-46e5-b798-9f8b949550c7","6fde0433-6954-403d-9a0c-8357dbc47c09","Rahsul","Faison","-","0.0","1",,"RB",,,
"08c1dca0-f9cd-41af-90fc-4b10b1e0e95c","637591ae-e5ae-493e-8f5d-112268e83333","Garrett","Nussmeier","-","0.0","1",,"QB","Kansas City Chiefs",,
"09001238-6c50-4132-b953-05eea33b93cf","5f155641-2aa3-4159-9540-5776019aedad","Cornell","Powell","-","0.0","1",,"WR",,,
"090370f1-22a6-43e3-a35c-3993484809f4","1d88d6df-e227-42a4-8909-7eff2f18214e","Joshua","Dobbs","-","0.0","1",,"QB",,,
"0927bc08-298b-4b16-9ae2-39d4ea1a2efb","671f9989-f469-43a6-a7df-5ffc3e3c1469","Justin","Hall","-","0.0","1",,"WR",,,
"0931f856-a9e2-4283-8702-94a30206271d","3324bf4a-377b-4bde-8f24-380ab961e382","Darrynton","Evans","-","0.0","1",,"RB",,,
"0945db08-9c27-4ac0-99ce-8550dae6deca","c25debc8-79b9-44d5-8ac4-4edca7d7b779","Raheem","Mostert","-","0.0","1",,"RB",,,
"0983a0d5-6f77-4b55-a30e-7437e1b0fb42","26ce27f5-babb-4cb5-a39f-9a89c416b69e","Max","Duggan","-","0.0","1",,"QB",,,
"099ca882-2039-45b1-98f8-a689f9d83cef","19d6019b-fdcb-403f-9fef-d6b7146855b6","Ricky","Person","-","0.0","1",,"RB",,,
"09ab1db1-eed5-4f60-a49a-815bc7ccba77","bd1db5e8-6e7e-480a-aad2-48c888d127bf","Will","Dissly","-","0.0","1",,"TE",,,
"09ab2d2d-b78a-4402-8720-abc630055d52","47654b75-cd56-45a3-89c4-a20b9e201676","Benny","Snell","-","0.0","1",,"RB",,,
"0a5da6b3-6e6d-44ec-baa8-de3479f8b6cf","b7a950f1-494c-41ed-b0d5-c0423dbef50e","Joseph","Manjack","-","0.0","1",,"WR","Denver Broncos",,
"0a77f68c-8448-4480-892e-fc745a8099fe","cfb45c6c-d0bc-406b-b2a4-16a205031087","John","Wolford","-","0.0","1",,"QB",,,
"0a88de82-61d7-4079-8646-17e82d96b171","3d04078f-82ec-4b45-8291-aa5b08221d4f","Matt","Corral","-","0.0","1",,"QB",,,
"0ae460f8-f001-468b-80ad-2e436e6518c0","68a43be8-4d12-4dc3-9cc2-df895a6d3938","Tarik","Cohen","-","0.0","1",,"RB",,,
"0bde34c1-76b8-46cc-93a8-b767bd1a7ecc","5c993c9f-7cfd-46d5-9a0e-986ab1c27b2f","Brenden","Bates","-","0.0","1",,"TE","Cleveland Browns",,
"0beecb8b-b7d1-4e8f-9268-cea0f7e7957f","db7b048c-ba3a-40be-9187-a81de14d0123","Deuce","Vaughn","-","0.0","1",,"RB",,,
"0c148acc-684b-4ecd-a8de-1aa2c1e5e235","88db974e-ffe8-418a-ab27-c46b7f4ad291","Kyle","Philips","-","0.0","1",,"WR",,,
"0c1f9e75-0188-4a88-9c62-c1f17dfefd56","e13ef851-71c4-44b7-a5d6-71b594dc307e","Johnny","Mundt","-","0.0","1",,"TE","Philadelphia Eagles",,
"0c1fd2b6-6a74-4de3-b6de-87965459f206","fa5d3daf-e9c9-4f1b-ad98-385d0672da5d","Joe","Reed","-","0.0","1",,"WR",,,
"0c6acb4a-52a2-48fc-98aa-b3aadfb88c29","51610023-733f-441c-8343-e6843733e367","Je'Quan","Burton","-","0.0","1",,"WR",,,
"0c6c117f-51f3-437e-989a-61eb90f59412","047d564e-8993-4473-b72c-ab8ecbb1fdbd","Najee","Harris","-","0.0","1",,"RB",,,
"0cb360c5-3b46-43c5-ac79-53308af63a1f","d2345f79-fcfa-4ff3-a082-dea796a53878","Damiere","Byrd","-","0.0","1",,"WR",,,
"0ccee152-d4d7-40bf-922e-2abe3c8070ce","e401a33a-381b-4aef-ab7e-17712db7519d","Kearis","Jackson","-","0.0","1",,"WR",,,
"0cd0f1fb-1e6c-4892-b0fd-808d8158bfd7","82f724e7-398a-4875-baa1-c081991ff3d0","Robbie","Chosen","-","0.0","1",,"WR",,,
"0cf81cff-b636-4865-a635-4b07fc611898","0d07de49-9bdc-455c-9dbe-b942e057b5d0","T.J.","Luther","-","0.0","1",,"WR",,,
"0d4a9711-a94b-4544-8ee7-1d697f075d22","6bf1a468-8372-4d82-8fea-0ed37650ed23","Ricky","Seals-Jones","-","0.0","1",,"TE",,,
"0d5ea3a1-f073-4104-8814-4c46a91f58ec","68eaa5cf-1831-47b4-b85a-36fd85d64d66","Greg","Ward","-","0.0","1",,"WR",,,
"0d9ec7fb-d961-441b-bce5-ec548f57dc1d","3ed3bfce-c9a9-4f42-8c0a-43702e7e449b","Tre'Quan","Smith","-","0.0","1",,"WR",,,
"0dab6c9f-427f-45d0-9ecc-8f4b69d37916","84cf37a2-d9f9-4315-a56a-c003a186023d","Tyreek","Hill","-","0.0","1",,"WR",,,
"0dbffc68-7587-4aef-8f0c-b9983a77b867","1f9f5102-e716-47d5-b39a-481f77f72b15","Trinidad","Chambliss","-","0.0","1",,"QB",,,
"0e2f433c-471f-4d72-8527-98acdb956fef","abbfc8f3-2503-4312-a001-3b79775bc2fa","James","Proche","-","0.0","1",,"WR",,,
"0e5e599f-6e29-477d-955a-008dba56b12a","767b4623-6f76-4cf4-b16d-51ff51e18205","Kurtis","Rourke","-","0.0","1",,"QB","San Francisco 49ers",,
"0ef7bb0b-aa3e-41f4-9532-a40e0aa16af0","d8c4bb3c-9908-4fa5-8ece-b0afde6f2bcd","Chris","Brazzell","-","0.0","1",,"WR","Carolina Panthers",,
"1003ee38-d64c-407b-983f-1d3fda3333aa","9aa62b42-770f-4ec2-8e85-30ca00509906","Isaiah","Winstead","-","0.0","1",,"WR",,,
"100b744a-2aac-40fd-b7eb-6793d2729cde","cfda7604-30c4-46e2-8e15-0ad49955bdd6","Clyde","Edwards-Helaire","-","0.0","1",,"RB",,,
"10134d86-c7f4-44bb-a90e-3a96dbee99af","6328d647-7cbf-4947-8a78-b7a62284baa3","Nick","Chubb","-","0.0","1",,"RB","Houston Texans",,
"10202a34-a053-49a7-bef0-1e796f17f626","cde08d20-420e-417e-a11d-45fc2a764f2a","Jermaine","Burton","-","0.0","1",,"WR",,,
"102a5289-a57a-4189-bbe6-951fabafaec8","cb2a40d6-d642-4833-8d3e-cf3056f85ae8","Maurice","Alexander","-","0.0","1",,"WR","Chicago Bears",,
"10606ba4-08db-4533-a7bb-b605b6e9b833","392bcba7-0d64-4324-a407-82ca0cc453a4","Patrick","Laird","-","0.0","1",,"RB",,,
"10b126dc-249b-43ad-afa5-39010af056f9","48239222-45d6-4aaa-95b1-78b0d893d64e","Jamaal","Pritchett","-","0.0","1",,"WR","New York Jets",,
"1152dd5c-d19a-4dc6-a6f3-369b19d62bde","ee758390-9894-4b96-8a17-3f1bdd2ae428","Jacob","Saylors","-","0.0","1",,"RB","Detroit Lions",,
"11b92d08-2340-4f99-8de3-4ba76c47c77c","684fc58b-2c49-4dd8-9b55-02df290597aa","Byron","Pringle","-","0.0","1",,"WR",,,
"11c53a20-f689-473b-84d6-c31551193520","bc2f280a-707a-4eaa-9979-0d7d64b219ad","Avery","Williams","-","0.0","1",,"RB",,,
"11c95e5c-4101-4cd7-917e-3cb34ffc3fe2","dfd3ffeb-7204-40aa-afc9-b4abd000c025","KJ","Hamler","-","0.0","1",,"WR",,,
"11dffd74-8b9b-4543-a5b2-d9100abf51aa","cdfe17eb-960c-4d81-8bbd-ced3e913a1d0","Josh","Doctson","-","0.0","1",,"WR",,,
"1250f709-1c04-467d-8ce2-585ba4552442","f3444c97-3d7d-4987-9844-64469a914f18","Terrace","Marshall Jr.","-","0.0","1",,"WR","Miami Dolphins",,
"13093a59-00f6-4f01-9595-f76068e1cdab","3078e236-afe8-4dd2-89eb-df7cd300437d","Kristian","Wilkerson","-","0.0","1",,"WR","Atlanta Falcons",,
"138f9f6c-e1ef-4d89-a726-0675fa389577","7ca8cb1d-4dff-4015-94e4-45ce09087af7","Keilahn","Harris","-","0.0","1",,"WR",,,
"139029c1-faed-43b0-b9d5-ac124dda4200","46379f8d-f661-48e1-9569-07cbb1441ae0","Robert","Henry","-","0.0","1",,"RB","Washington Commanders",,
"13ad5b78-77d6-4062-81b3-23b8cad86335","db835b29-995e-421d-83dc-70c7af2642a2","Dresser","Winn","-","0.0","1",,"QB",,,
"13bdd046-1fd2-4f59-8590-ff8c3c2ddf89","adbdef6a-5c34-4563-9878-6473f5490518","Jeff","Smith","-","0.0","1",,"WR",,,
"13d6d7ed-99b4-43ea-b5d1-e0e18c273cc7","09140cb4-41ea-4543-a1c6-5c220babb2b4","Dominique","Dafney","-","0.0","1",,"TE",,,
"141f8458-912b-48d9-972c-7ab3d1039faf","cc9b1c50-4b72-4129-ae9a-2efa6bd79fdf","Jeff","Driskel","-","0.0","1",,"QB",,,
"1477acf0-7e63-4346-84d5-873f9d027a47","7e6000de-0a9b-4d12-862b-5194ce6d526c","Austin","Ekeler","-","0.0","1",,"RB",,,
"14a37272-afe2-41e3-92a3-c4839783ef6d","8bc11558-7c59-4578-8c40-f27f5f607548","Marquez","Callaway","-","0.0","1",,"WR",,,
"15692664-650f-4233-bc6c-7b291bbab15d","164c7dda-98b5-4098-9f5a-afb2f622935b","Anthony","Firkser","-","0.0","1",,"TE","Detroit Lions",,
"15923f20-a726-496e-9a45-d94ef351bc2f","388ddf77-e2af-4540-b4af-a718f0124e6e","Breshad","Perriman","-","0.0","1",,"WR",,,
"16338201-6e93-4a13-a427-c9c4f9a8ac5d","a0735cfc-a6bc-4082-ba86-548d9cbf1f73","Luke","Lachey","-","0.0","1",,"TE","Green Bay Packers",,
"1653290c-1c7e-4c61-82db-df9d8c5aafbc","7aa4c822-519d-4d66-801e-401df60a97dd","Tanner","Taula","-","0.0","1",,"TE",,,
"16f976c8-28f2-41e8-8824-066f71f2228d","eae12782-d24f-4a99-8eee-7e189a629e37","Tyler","Davis","-","0.0","1",,"TE",,,
"1772db40-18f3-4b82-b9bd-206776d10e33","6f040dad-a0f3-4c30-8613-df0abc3b88f2","Jamari","Thrash","-","0.0","1",,"WR",,,
"184f4026-e89b-43e0-9e4e-505d5b794090","5b68c1ef-bfea-48c8-8f0e-907edf157946","Malik","Benson","-","0.0","1",,"WR","Las Vegas Raiders",,
"184f7c64-3873-4784-83ab-9d71be9f51db","b6e02823-0ccf-45c3-b407-8b999e029957","Kenny","Yeboah","-","0.0","1",,"TE","Arizona Cardinals",,
"187d00f2-368d-4ced-b56c-57e21000afa6","3ad0f7b8-98d9-4556-bf90-f432a56345c9","Hassan","Haskins","-","0.0","1",,"RB",,,
"18f34cc1-d61d-4111-b299-124747df2172","a5b45f4b-0439-4586-b35c-895c9e10518f","Gregory","Desrosiers","-","0.0","1",,"RB","Los Angeles Chargers",,
"190193a6-e40a-4127-b3d5-caaeb67ebf07","3af0387e-ef50-4742-ac55-e44e90eaf93f","A.T.","Perry","-","0.0","1",,"WR",,,
"1922de7a-51e1-44b6-84eb-c96a88467705","d36a2a04-0fcf-40e9-bd55-2fcf59220920","Chris","Hilton","-","0.0","1",,"WR","Washington Commanders",,
"196120dc-1bd9-40fe-a769-a01a082ff80a","06e79d6b-ad86-4a69-97d8-40470d70fdf9","Tyler","Scott","-","0.0","1",,"WR","Los Angeles Rams",,
"19e655a8-dac6-456a-a0c7-cd3670b4a9cd","2c03f26f-0839-49fc-b351-f877c7afa0f4","Carlos","Washington","-","0.0","1",,"RB","Miami Dolphins",,
"1ab17d0d-8515-4362-9bda-ee1a5ed305c4","adba1866-37df-42d9-aa3e-6d41941db4ec","Ryan","Miller","-","0.0","1",,"WR","New York Giants",,
"1ae7db92-45b6-4777-b38c-82199a1674d2","6a9e2f12-0083-4ac3-abf0-3b5a6b4857ae","Freddie","Swain","-","0.0","1",,"WR",,,
"1b17eae2-82d0-4944-85f3-24ca867907ca","d9e72afb-136d-4ddc-a451-57cb0476d5c7","Cooper","Rush","-","0.0","1",,"QB","Atlanta Falcons",,
"1b885c7d-7439-4fd7-91d8-2511a9467889","3ab3fa22-4176-4926-8743-7169f912e774","Rodney","Smith","-","0.0","1",,"RB",,,
"1bf2163f-cdff-4d6e-98a0-a53042770482","027b04df-8187-4652-962c-50aebcb28936","Josiah","Deguara","-","0.0","1",,"TE","San Francisco 49ers",,
"1c322362-41f4-4f96-8330-635ad5431d19","004956c3-c897-494e-b7d2-7ba2f94ea755","Gee","Scott","-","0.0","1",,"TE",,,
"1c365bf8-49b2-4c6b-8783-22bf871ee142","3dcb0e0b-9b92-41eb-a632-088167c44521","Isaiah","Spiller","-","0.0","1",,"RB",,,
"1c862bde-5a9c-42c9-bc23-6c8e8b231505","a1c3cba7-1916-4271-8c51-2d197eee11ad","Princeton","Fant","-","0.0","1",,"TE","Dallas Cowboys",,
"1ca512ad-eb3a-41b7-bba0-c6d7c824ea3d","1780471e-fbac-4850-8e9c-168943f95f1f","Eric","Gray","-","0.0","1",,"RB","New York Giants",,
"1d146af7-421d-4dfd-945b-6f0c77f491cf","e68bc769-aa01-475b-b738-7c390020ab37","Sean","Clifford","-","0.0","1",,"QB","Cincinnati Bengals",,
"1d20164e-2517-42ad-9b4a-353008173d95","2c649590-432e-4773-b521-f994b29a7c40","Noah","Whittington","-","0.0","1",,"RB","Houston Texans",,
"1d494aa9-c3a0-4d4a-a004-73550fa48703","19f3df7d-99f9-4555-8e03-a4afd3fa8c49","Joe","Mixon","-","0.0","1",,"RB",,,
"1d5a6f0b-3c38-4814-aaf4-e146e8ae748d","b7ca5df7-57ad-4581-863d-b02c823a2cb8","Joey","Aguilar","-","0.0","1",,"QB","Jacksonville Jaguars",,
"1d708f66-2036-4db3-8fbd-ab315b348ced","eae87370-22b6-4dc4-a026-27305b132c61","Treyton","Welch","-","0.0","1",,"TE","New Orleans Saints",,
"1dad35e5-49b6-488f-b85a-dc169cde8130","1616ac66-d8ab-4c79-9598-e0d61242faa7","Rashaad","Penny","-","0.0","1",,"RB",,,
"1dbe07f4-3a1c-40b8-802f-8cd1cc716bda","0c5747c5-27d9-4faa-bc0c-887636c60262","Zach","Pascal","-","0.0","1",,"WR",,,
"1dcbc796-5543-4089-8cce-c1d3b093bd1e","817e9f50-180a-44ea-b422-26bcf62580b0","Jackson","Meeks","-","0.0","1",,"WR","Detroit Lions",,
"1ddae530-5c91-472f-a8ea-bf1643178ebe","bf2cf626-85d3-4ddf-b1f5-93d0b933c610","Kole","Taylor","-","0.0","1",,"TE",,,
"1dfbb0d9-5413-46f0-9709-03b60a8dca9e","148989d7-36a1-4ec7-aa53-656543f3a7e6","Dontae","Fleming","-","0.0","1",,"WR","Minnesota Vikings",,
"1e0a6095-3181-4c81-acb6-75c0fcd13dcc","f03bee15-39cc-4f13-9e8d-072887c6a371","Brycen","Tremayne","-","0.0","1",,"WR","Carolina Panthers",,
"1e352524-9846-4354-bfad-389a9b49d735","6852dd08-3887-4879-adc9-c2541373f43c","Marcus","Yarns","-","0.0","1",,"RB",,,
"1edbf948-240b-42bc-bb36-2cce2eeabcc3","7edf3162-eaad-44de-9818-09ab0b107eb4","Joshua","Cephus","-","0.0","1",,"WR",,,
"1fc179d0-1076-4957-8b62-81cd1a0db675","328a3897-8e58-429e-bd6d-657f3b9d4c6d","Anthony","Hankerson","-","0.0","1",,"RB","Miami Dolphins",,
"1fd99337-3828-499b-afc7-72877861e93c","e6f2b1a2-d911-46c3-82be-e7015ae506cc","Le'Veon","Moss","-","0.0","1",,"RB",,,
"1ffc9321-2fd5-4283-b125-9b2c241eede7","f77e48d7-57da-4c3c-b042-c6007840d60f","Nick","Bowers","-","0.0","1",,"TE",,,
"20507d4a-5abd-43d5-ab9e-1604eb449f34","dc2e3603-d50d-4e48-8af4-6a8d7c7446eb","Daurice","Fountain","-","0.0","1",,"WR",,,
"2069ff0e-c4a8-4084-81ab-dd053b845867","5f93f43a-be12-4088-ab0f-a77e6483f0e8","Stevo","Klotz","-","0.0","1",,"TE",,,
"209355d4-dbd1-400c-9bf8-020d66153bb8","ba7b2314-4960-4da1-a791-9b3fe86ad646","Ricky","Pearsall","-","0.0","1",,"WR","San Francisco 49ers","OUT",
"20d8d3f1-7f79-49e4-99f2-eea3b465ce76","2d7362a4-246e-44a1-bc8a-97670b059ea5","Reggie","Gilliam","-","0.0","1",,"RB","New England Patriots",,
"2133d297-dc73-4e4b-8330-e104b5620ade","74e3f97f-566e-4a21-ac82-f176da0b77df","Erick","All","-","0.0","1",,"TE","Cincinnati Bengals",,
"21a5f785-dbcc-4b79-8b1f-2fe94619784c","9ac6f890-b53b-4709-b823-6fdb73a371ee","Blake","Watson","-","0.0","1",,"RB",,,
"21f9a5fb-9df9-454d-a7bf-1a3623eb4d14","142d12f8-251b-414e-98cc-96f59742594c","Jared","Wiley","-","0.0","1",,"TE","Kansas City Chiefs",,
"224289a5-09fc-472b-8ba1-891092211647","a3cc6ddd-d3c7-4c2f-8003-b3684dba54d4","Chase","Edmonds","-","0.0","1",,"RB",,,
"23180c3c-4193-4c8d-bd70-b801e4b2414e","7d93ead3-93f0-4a9d-85c3-504328c42e72","Owen","Wright","-","0.0","1",,"RB",,,
"2365c83e-4d3e-410a-b25f-cc458a13820d","16a2ee63-f303-4a88-9bb3-1249f2049e89","Tommy","Hudson","-","0.0","1",,"TE",,,
"238c7935-6775-4d37-95b5-53159931c6b8","42662897-70d7-47e3-a3bb-3886117e770f","Deven","Thompkins","-","0.0","1",,"WR","Las Vegas Raiders",,
"239d7c34-eabf-4bde-ba5a-2c923c82bbef","1e5330c5-a525-46b2-8425-ed0895ffd2a2","Shi","Smith","-","0.0","1",,"WR",,,
"23b6f7e0-e77f-49ce-9f6f-1c5dc10a6a0e","875c08ba-6676-453a-98d4-27dc7d74e827","Logan","Woodside","-","0.0","1",,"QB",,,
"23b8de31-b9bc-401e-b607-fb27c72eece1","3b55e8f0-5c8c-4feb-82d7-4d59b3bc32aa","Tanner","Morgan","-","0.0","1",,"QB",,,
"23f1c1b3-a9a0-4f0c-8199-fa19c3f3b1dd","d74acd73-504a-4c9b-8aa6-fe602de560a8","Keenan","Allen","-","0.0","1",,"WR",,,
"247b95eb-c5f5-42af-807a-d590530d3c9f","dd6a5a18-8593-4973-93ed-953596f226e3","James","Washington","-","0.0","1",,"WR",,,
"24bd963d-1195-48b3-a110-8affa69b65b7","c9d028e6-b508-49ec-b235-00b399afc15c","Jamison","Crowder","-","0.0","1",,"WR",,,
"24de6b1e-2d90-4ecc-aabf-260094b8738b","7543110b-949d-42ad-8efe-c92ef0120878","Tahj","Washington","-","0.0","1",,"WR","Miami Dolphins",,
"25551c37-481e-495a-bb65-0d1cb2e85692","76b32911-77ef-4dc5-a24b-94cef51b7f7b","Demetric","Felton","-","0.0","1",,"RB",,,
"256bae6e-8e7a-4a65-8527-a84cc196ecb0","647541b8-9325-45fe-9b4e-4043e5547006","Chandler","Brayboy","-","0.0","1",,"WR","Jacksonville Jaguars",,
"25f246ff-46cb-4a8c-8ec0-5a73c87fbe13","714d5c65-5248-4e1b-97db-fb6a32344d5f","David","Wells","-","0.0","1",,"TE",,,
"25fb69c8-7df8-4a7d-b05f-69bf2955b24b","133a4844-b2a4-466a-959d-eeeec03eb5dd","Isaiah","McKenzie","-","0.0","1",,"WR",,,
"2651df66-c88b-40bd-881d-9c62c099eaae","58ff2712-13c2-4025-bcb7-9c7fadac4e8c","Melvin","Gordon III","-","0.0","1",,"RB",,,
"266a7c1b-5cb5-4641-bae3-70f3afb3826f","35745477-761a-4375-9af6-566ad8cb8167","Tre'","McKitty","-","0.0","1",,"TE",,,
"26a13156-eaab-4f86-893e-58b843340961","b030ee61-d44b-4cb7-976a-2b2d8885befd","Nate","McCrary","-","0.0","1",,"RB",,,
"26b6cf08-3618-43a0-95f4-62142552e6a7","61ced104-e70b-491f-9210-b9314023d3f6","Jimmy","Garoppolo","-","0.0","1",,"QB",,,
"26d44079-901f-425e-9e90-4dd1a4af8238","bdfe3e78-76b6-48e3-8f58-21c09e84ace5","Rivaldo","Fairweather","-","0.0","1",,"TE","Arizona Cardinals",,
"27085641-f8c5-4e00-a638-b87e6f2f4bf6","ba4bb100-459d-4c8c-9d91-2e4194d27806","Jacob","Hollister","-","0.0","1",,"TE",,,
"2732810f-f530-48b0-9521-cf97f07d5bab","86748a83-7a51-4edb-aada-ad1e6d317590","Kayron","Lynch-Adams","-","0.0","1",,"RB",,,
"27537639-207f-42d5-9184-d23883d33a2b","f47cdbe0-d64c-43e9-a75d-83aceb96372c","Matt","LaCosse","-","0.0","1",,"TE",,,
"27baca89-90d4-49e3-be8f-a358dd165397","c2b51764-8afa-4739-8719-6f74b7c7e6b5","Jalen","Moreno-Cropper","-","0.0","1",,"WR","New Orleans Saints",,
"27be1c1f-4c25-4e46-b96f-195323896640","18a2674f-16a8-4b41-b131-cb67e413e598","Diego","Pavia","-","0.0","1",,"QB",,,
"288341b2-1072-4772-bb63-f905471aa42a","250f8ea3-aefe-4698-91f5-fa8a9e2482b1","Roman","Hemby","-","0.0","1",,"RB","Las Vegas Raiders",,
"28920700-0e86-4cbd-abeb-09af5f560190","9f5d5b15-8591-4ef0-ad82-c9ef91b19fb4","Blake","Jarwin","-","0.0","1",,"TE",,,
"28b40503-4b3a-48f8-8e33-d39e887e9506","ba4690de-3c08-46eb-a1f4-cc203f71f841","Donavon","Greene","-","0.0","1",,"WR",,,
"28d0e07e-e09b-4775-9153-7897cdca83d0","75db8d7a-8a83-4a3c-918f-ae035fd6bb62","Drake","Stoops","-","0.0","1",,"WR",,,
"28fd9c30-dfe0-450a-94f4-8e0d054a1332","50d708c8-637c-4c2d-9e06-e864a660207c","Jonnu","Smith","-","0.0","1",,"TE",,,
"29393212-f077-4796-88df-719f5e38d467","46f5c977-369f-4672-805b-d5f3b61601a0","Justyn","Ross","-","0.0","1",,"WR",,,
"2962ef3d-1335-44c5-8cf3-3eb2da3eac5a","6117e527-4190-469e-bab6-ef53a136deda","Frank","Darby","-","0.0","1",,"WR",,,
"2987b95e-a581-4a5b-b8b4-08db4edb9ce8","2b583c0f-9170-4972-a65b-dedc29a66967","Michael","Gallup","-","0.0","1",,"WR",,,
"29dbd2d5-7e05-4f35-9a3d-51b2be7e637f","475177f8-69e0-4e62-80e3-74d26aa54836","Devonte","Ross","-","0.0","1",,"WR","Los Angeles Chargers",,
"29ec0abd-a3ba-4ab8-9096-74b55e7f6729","1a03703d-3b3f-42e5-861a-98f5b1b050d0","Danny","Gray","-","0.0","1",,"WR","Philadelphia Eagles",,
"2ae82a37-b852-45a4-a0e5-b0020fbfc539","f7e9c5ff-ad4a-4fd8-b62b-693842b39d3a","Keaontay","Ingram","-","0.0","1",,"RB",,,
"2b227dfd-18b4-41cf-8b3f-29d122d54d81","e62fb788-c84a-4f00-8f9e-4bd1ffc730cb","Curtis","Hodges","-","0.0","1",,"TE",,,
"2b59168d-930a-4de1-8a0f-ec495b30ce3c","afc8de3d-259c-4ad0-9507-680e9e1c621b","Irv","Charles","-","0.0","1",,"WR","Seattle Seahawks",,
"2b775ab9-b709-4d38-8dd2-e7795fa84869","2f9cdd9f-c36f-4564-8efb-ead9372f804c","Aaron","Shampklin","-","0.0","1",,"RB",,,
"2c2858c0-b56e-4045-8648-3a853d1348a4","f4414b00-6ea6-4804-b8cf-df2a5de64ae8","Keith","Kirkwood","-","0.0","1",,"WR",,,
"2c2a6784-c2a9-4f07-b0d5-34421c6b6687","1bd82f57-58d7-4b57-8b72-6cf4574b7358","Carson","Steele","-","0.0","1",,"RB","Philadelphia Eagles",,
"2d88c8a4-1882-4ac5-979e-a3233c7895d1","5c160264-7635-4e4c-81e1-f5d24b89a66d","Zack","Annexstad","-","0.0","1",,"QB",,,
"2dc7bf9a-a010-4ac5-8593-0aaf7bd64626","038298fe-1fd7-4c88-9e8a-1030c48b0786","Clive","Walford","-","0.0","1",,"TE",,,
"2de53f5a-b2db-46d0-b8c1-8d5e4ea286ff","c69d5b8f-c689-48ec-b36a-f127a261b73d","Jake","Browning","-","0.0","1",,"QB","Tampa Bay Buccaneers",,
"2e0f22b4-2206-450e-8470-215817b8b1b2","831ec2b5-84b8-45c7-8da5-1cc8f4ee1500","Mitchell","Wilcox","-","0.0","1",,"TE",,,
"2e9758e7-27b5-4232-b37e-b0a5f7fb1b27","823c8c18-6ea2-4d4d-af71-5c4ba581c38f","Collin","Johnson","-","0.0","1",,"WR",,,
"2ec0ba84-1b5f-49ed-98f2-a89813fc3822","691aee8d-62bc-4143-8e79-cd435ea6da94","Jerjuan","Newton","-","0.0","1",,"WR",,,
"2ef9e8d3-8021-4ee2-b560-1ee6aedf1bcc","7ba348a3-0a0a-4134-abd6-bf86cea35828","Chester","Rogers","-","0.0","1",,"WR",,,
"2f0074e4-7038-4189-8107-aacbd01c9d6a","aac67e29-d938-402b-ab3e-d020976afd40","Tre'Shaun","Harrison","-","0.0","1",,"WR",,,
"2f09e7ec-715b-43c9-bb91-2b0da4f51d78","e7043ccb-63a0-40b9-83c7-7085da3fb1e2","Boston","Scott","-","0.0","1",,"RB",,,
"2f43ee04-983c-4a2c-bf0f-3065d93122a3","36cf3d9c-96fa-4d67-91b0-5567796434f2","Austin","Stogner","-","0.0","1",,"TE",,,
"2f5bfde9-7f2d-43e5-bb6b-61c65f8401e7","24baafba-c81b-4242-a0bf-4ec198608324","Desmond","Ridder","-","0.0","1",,"QB",,,
"2fe006bc-9270-41e4-addd-7f7280007f7a","1917cbed-4f00-41b1-843c-b77effbf4fa7","Dan","Chisena","-","0.0","1",,"WR","Carolina Panthers",,
"3068e7da-e768-4fe0-aba3-ec58d7fc2295","d2d1b8c1-abdc-42f4-ab5d-6ff531cae13f","Sean","Brown","-","0.0","1",,"WR",,,
"307b3bad-52b0-4051-a26f-d69a1ab01516","8e2a76ca-66b4-4b3b-86ca-39d6c16960fa","Kenny","Pickett","-","0.0","1",,"QB","Carolina Panthers",,
"3096b65f-8d05-4e12-8b03-0fb5009f2fe6","f8d1ae78-7bbe-40f4-9b24-a5f384de240e","Leonard","Fournette","-","0.0","1",,"RB",,,
"30e32e82-b98c-4740-9b4a-d249fc575237","3bd9f2fd-b8a7-4447-bef7-91d22e5ceb6e","Marlon","Mack","-","0.0","1",,"RB",,,
"30f7c526-28ae-4aef-ad1c-0915b11e9941","75b9a5f3-1825-4653-8a8d-28d114adc1f3","Nathan","Peterman","-","0.0","1",,"QB",,,
"310ed763-e15a-46f7-9fa6-a5cc3f6f6ba1","3397ef52-9406-480b-91c2-8759a3f32d42","Jalon","Calhoun","-","0.0","1",,"WR",,,
"3125c379-90ee-436f-b4c5-a9b7b2c81d19","af308c2d-9dec-434b-8b0a-35e55697f585","Elijah","Collins","-","0.0","1",,"RB",,,
"31493e26-7fcb-4a12-9ba8-7cc594dc88d0","57be2de1-9750-4c92-a330-b490c7362c0c","Jermar","Jefferson","-","0.0","1",,"RB",,,
"31b61d21-9e1c-4450-a8b6-39119f82375c","c07f46cc-74e0-499c-bbd2-4ded07133e90","Octavion","Smith Jr.","-","0.0","1",,"WR",,,
"31d57290-6c65-4a67-9b7c-4b9e7f3f667e","df150a57-30c7-41d8-8f14-77c40cd38fd9","Andre","Baccellia","-","0.0","1",,"WR",,,
"31f09150-61d1-4dc0-9857-af01fdbaed14","7a6976b5-4477-4173-bae0-bd6b1f0e0b94","Irv","Smith Jr.","-","0.0","1",,"TE",,,
"31f681ab-d75e-4103-b1c1-6d7e4c257787","b8bfa2fd-c6b1-4611-8401-52c1854abfb9","Harrison","Wallace","-","0.0","1",,"WR","Arizona Cardinals",,
"324d072c-df1e-416f-8f4e-98abb8611343","e17ac4d4-2111-47bd-87c4-e6920d3775bc","Devin","Leary","-","0.0","1",,"QB",,,
"32ae9281-4736-4022-a4ec-00452d3d8e49","dc3165c9-7f09-463a-ad6f-ed3e9c1133cb","Justin","Watson","-","0.0","1",,"WR","Houston Texans",,
"332dd135-5c89-4c70-bc44-54cbbc19933a","b0873670-5c95-4134-8926-0b88693aba4d","Cole","Hardy","-","0.0","1",,"TE",,,
"337d457f-800d-4a33-b1d8-a4d173794259","185b1786-74d4-4c06-9af4-c9ec699722e8","Coleman","Bennett","-","0.0","1",,"RB","Chicago Bears",,
"33e5b485-c9b5-4dc7-b28c-850a2664e3e5","985b2daf-5884-49c1-bc20-055e400a8b2f","Dominic","Lovett","-","0.0","1",,"WR","Detroit Lions",,
"345596ff-ae2a-4b82-bba3-4ea6879b59a0","151dd603-9d4c-4f3f-892e-d9d3cfb57400","Emmanuel","Henderson","-","0.0","1",,"WR","Seattle Seahawks",,
"347028f1-d878-4184-9445-3cda704191d1","8d66c5eb-1eb6-4ef8-9f74-f84716fa60fc","Jaelon","Darden","-","0.0","1",,"WR",,,
"35d11dc2-dba9-40a8-9e7c-a2f3ee396471","af646a26-fe0b-44bb-9034-cbcb024fc9bc","Ra'Shaun","Henry","-","0.0","1",,"WR",,,
"361f3345-995a-4b99-b26f-33162494603e","7cc3f8d2-2766-459f-9498-ae7ddbaa372c","River","Cracraft","-","0.0","1",,"WR","Washington Commanders",,
"3624194e-5213-4c96-ab09-515fbf8e4996","5d65d34d-ac31-470e-b257-884cd1988656","Amari","Rodgers","-","0.0","1",,"WR",,,
"36f91c8c-30e0-4788-9c8e-e8dc4cf214b6","37be9929-2955-41cf-bb72-646ab62987aa","Sincere","McCormick","-","0.0","1",,"RB","San Francisco 49ers",,
"376881f0-c0a8-4680-8d15-fe1f188edadb","39a845d2-bdef-4d89-8ae5-acf2e12ec18b","Kevin","Rader","-","0.0","1",,"TE",,,
"3790c5f6-d63e-4567-924d-10fc496e24ed","81db294a-396b-4450-af6f-0349ba219817","Rakim","Jarrett","-","0.0","1",,"WR",,,
"37b7bac7-0751-43c9-80b9-9f16b7187a6b","e285720d-2bed-4675-99d3-3bfab5498fea","Denzel","Mims","-","0.0","1",,"WR","Dallas Cowboys",,
"38885f33-7e26-474e-850e-41d6abf508a1","8f692ef5-a0bb-467d-b8ca-1cc2e456532e","Gerrid","Doaks","-","0.0","1",,"RB",,,
"389ce5ff-3511-4344-8e89-fbc923c75a97","b1fa01c2-938f-4ef1-8f2c-42716237a892","Taiwan","Jones","-","0.0","1",,"RB",,,
"38e8eb6e-b8b2-4a35-972d-ca232aaefad1","f875617a-a6f6-4e73-a1bd-1cbec6a368da","Jalen","Camp","-","0.0","1",,"WR",,,
"38fb601a-9ac7-4788-80dd-464661c657fe","080237bb-9677-46f3-b415-81715ef9ca3b","Bryant","Koback","-","0.0","1",,"RB",,,
"3933e142-7c08-43dd-83c2-020f612937ba","84c71c8e-2b4a-4fc9-b3bc-237325d1e6e1","DT","Sherffield","-","0.0","1",,"WR",,,
"39549321-3e68-4a55-bdd2-6f0e5bb80c15","05876f8d-dbe4-4a4e-9e32-171aeec47789","Jadon","Janke","-","0.0","1",,"WR",,,
"398863f9-534e-4d30-91bd-64504ff9a130","2e66ce70-c91e-470c-8487-3cbefeab851c","Jordan","Moore","-","0.0","1",,"WR","Cincinnati Bengals",,
"39d52652-6ddf-4e4f-aa64-bedd707bbafb","8ff4e7e8-f959-4d1a-a29a-8aded7108f78","Dayton","Wade","-","0.0","1",,"WR","Baltimore Ravens",,
"39f59d57-e212-4a75-9cc0-8d9a9b2c8002","f7eaf5c5-e83b-481e-871d-7049d8f815f8","D.J.","Williams","-","0.0","1",,"RB",,,
"3a10741a-653a-4f10-9a71-2e01e60b6e68","ef66818f-76fa-457c-b5e1-24fb361be3d3","Giovanni","Ricci","-","0.0","1",,"TE",,,
"3aae99bc-ebbd-4e8b-b889-42907bd0e2a2","a74aa498-1fe2-498e-82f7-5bad1429c606","Junior","Bergen","-","0.0","1",,"WR","San Francisco 49ers",,
"3b2e99c2-7412-4698-a19c-c9f1284d6012","bc7dd508-16f0-49c9-a87c-e5295f27fb2a","Isaiah","Neyor","-","0.0","1",,"WR","Green Bay Packers",,
"3b356bfe-0f2b-4572-a347-fcbce651cec5","a1a5134e-4147-4e1e-bc4e-fa09bda99277","Xavier","Grimble","-","0.0","1",,"TE",,,
"3bed172c-3d39-47b9-b8e4-75035cd62efc","f8e83c99-fd2f-4b28-8fca-80e840ac0623","Kendrick","Law","-","0.0","1",,"WR","Detroit Lions",,
"3c1f2fde-dbf6-4eb3-a3b7-14c1a4f3c866","62dcf171-8d72-4f6f-948d-14db5aabb1e4","Dallin","Holker","-","0.0","1",,"TE",,,
"3c66fad3-02dd-4312-add9-2f29cd94a8fb","9644a956-7ed3-4c3b-bc77-1d14b9412a8b","Luke","Wysong","-","0.0","1",,"WR",,,
"3ceb72ff-9526-446f-b72c-b06cc677887d","4815d59e-4f5f-4641-a199-11154721e945","Tre","Nixon","-","0.0","1",,"WR",,,
"3db1353a-e1d5-42ea-857e-7f70262061ca","905831aa-db91-4d46-b87b-c48f922ae619","Lawrence","Cager","-","0.0","1",,"TE","Washington Commanders",,
"3dbeb893-8a67-4327-ad85-9188d5263493","e950747c-6541-47a4-a2e6-dd59b6c536e0","Khalil","Dinkins","-","0.0","1",,"TE",,,
"3de54224-a496-4fa3-a0eb-221ddf3b5539","5f1b36de-f199-4398-baa3-d67458035896","Chris","Blair","-","0.0","1",,"WR","Atlanta Falcons",,
"3e2420d9-0707-4750-84af-713a4ad0c9c3","a6ae1e0c-62a2-4735-8cb8-8e2d30fbba2d","Case","Keenum","-","0.0","1",,"QB","Chicago Bears",,
"3e92f2f0-3cd7-473f-9b64-847e04eda454","dc05839e-c96c-4dc1-b974-58a9a5b7c5a1","O.J.","Howard","-","0.0","1",,"TE",,,
"3ea61ec2-b38c-467e-aa87-13294b70153d","b0e51840-b6ab-483b-ac11-8bd6a3e57bd6","Kenny","Golladay","-","0.0","1",,"WR",,,
"3eb5a0d9-239d-4bdd-a630-03ecd5a28385","f5719285-90d6-491e-9489-4ac0cb164e4b","Easton","Stick","-","0.0","1",,"QB","Indianapolis Colts",,
"3ec4ba8d-376d-46c2-bd19-2e190265328a","ed8cdde6-be75-48d4-ac1e-05a49035193c","Dorian","Thompson-Robinson","-","0.0","1",,"QB",,,
"3f267b7d-fc59-4562-9602-112ad91488fa","b988649b-4657-407f-8880-359cb629c720","Luke","Stocker","-","0.0","1",,"TE",,,
"3f413399-4fb3-4e37-87b9-5095581584a9","af9bc7b6-fdfe-4c60-b199-3508e9abad3a","Jeff","Wilson Jr.","-","0.0","1",,"RB",,,
"3fb8602b-0b65-4cc5-b48a-600aeaa8fdcd","e335d9fe-6f4d-4331-98db-849609ae5a66","Ian","Book","-","0.0","1",,"QB",,,
"3fe486c1-cefc-456f-9523-679f61853069","87939b5c-548c-48c3-8215-87c16fc255af","AJ","Henning","-","0.0","1",,"WR","Miami Dolphins",,
"3fe64f18-f780-4d68-af65-e695d6815cd2","da2aceee-c577-461f-a27a-25b746addcc2","Allen","Robinson II","-","0.0","1",,"WR",,,
"40ae4b49-6c0e-4ccf-95f1-566daf2092b7","729e4a31-90d7-41f8-9c29-9e798040d6f5","Cam","Sims","-","0.0","1",,"WR",,,
"40c79720-7b45-4e8e-a835-0543a3333f7e","007f27db-0883-49fb-b11e-6d741346f648","Stephen","Anderson","-","0.0","1",,"TE",,,
"41383cf3-3677-4188-818d-a4f06414b386","0f50cd38-095f-4059-94ef-3376425ee580","Stanley","Morgan","-","0.0","1",,"WR",,,
"426d5898-4b7c-4076-9d77-37ddfd68891a","bafcc8d6-18e2-4a46-9c9d-64b37b608e24","Mike","White","-","0.0","1",,"QB",,,
"4276b864-b5f4-463c-8daf-894b5bd698df","8fe5fb02-b5f7-4b73-a89e-4b246cb3026b","Jesper","Horsted","-","0.0","1",,"TE",,,
"42a2f649-1957-4062-bddf-bbd9a39d115e","ac67e18e-85a1-451c-b970-22574e095cd3","Jordan","Wilkins","-","0.0","1",,"RB",,,
"42ad75e0-2c54-4d5f-b63f-8bdeaaa4bfd3","31f48b13-4e12-4079-876e-71d823ac93dd","Sam","Scott","-","0.0","1",,"RB","New York Jets",,
"43433f06-5ee2-4eb4-ad74-65c37389ca46","88e8a6d1-fd86-46db-9e4e-0eb5b8fbf823","Mitch","Tinsley","-","0.0","1",,"WR","Cincinnati Bengals",,
"436265fb-5ab4-4895-b42b-fdfeda2dd837","ee0509c7-82c2-428a-b884-8517a4ceb0e0","Brandon","Dillon","-","0.0","1",,"TE",,,
"436dab20-86ca-4f79-9173-59c4615d2346","e2e77921-b81c-4c70-90ec-e9df8f505c6e","Latavius","Murray","-","0.0","1",,"RB",,,
"43abd9f2-bdeb-43a9-b3e6-63b0d7f40e4a","d27a4f15-09ed-41b3-86ff-dd6a1baa2043","Bryson","Nesbit","-","0.0","1",,"TE","Minnesota Vikings",,
"43bb4f3d-6edd-418d-9204-64bcc203fc4d","a11b657b-4893-4bd8-9b4e-bf951554fb1b","Deontay","Burnett","-","0.0","1",,"WR",,,
"44610c34-99f0-4c43-9b21-c19638f66d6f","e7196a07-4d7c-49e0-b67f-1a04815b2d98","Ty","Montgomery","-","0.0","1",,"WR",,,
"447767a6-9e17-4334-9d5d-67ea6d0c30ef","492e4cc2-bf84-4497-8c05-7d93c82b5e9b","Jamal","Agnew","-","0.0","1",,"WR",,,
"44b19042-b2ad-45aa-80ff-3df37d640dc5","2647b1fa-7462-42f6-9c0c-7af8e832e27e","Tim","Boyle","-","0.0","1",,"QB",,,
"44cabd41-58f6-4f73-a77e-2a735a197ad1","8bfd53b9-f4b9-4b7d-a420-bf8df4edb148","Ihmir","Smith-Marsette","-","0.0","1",,"WR","Arizona Cardinals",,
"451a2861-b404-426a-96cd-5663a45f70aa","530b2c58-6a12-4fa2-96fb-83c47ad24bbc","Keith","Smith","-","0.0","1",,"RB",,,
"45b0cc9e-7f62-4a84-aec2-4a683d94afc9","d3040abd-11b2-4c94-b5da-c9396d813955","Deonte","Harty","-","0.0","1",,"WR",,,
"45b10c5c-a3a3-4e0d-bed2-05b29596d0e1","c0386234-0338-404c-b0a8-0a91b6acb691","Slade","Bolden","-","0.0","1",,"WR",,,
"46736a95-2de5-4740-b8cb-104ed9ff9456","2855b529-dddf-429a-9e10-ea062d0706cf","Darrell","Henderson Jr.","-","0.0","1",,"RB",,,
"46941320-a0fd-4fb1-8cfc-478252cb3ee5","ce86296c-ef28-4b01-8363-c3d4cb5470f7","Michael","Strachan","-","0.0","1",,"WR",,,
"46d89c4a-99c0-452f-a3e0-426b4d72a6d8","e04f8dc6-aca9-4104-8a2b-f2f876f70bb5","Elijah","Dotson","-","0.0","1",,"RB",,,
"48063d7c-8b67-47d6-b749-9dc09b535df1","a42c4bd3-ba9e-4f80-bed4-87bbe09a7680","Khalan","Laborn","-","0.0","1",,"RB",,,
"48150594-2587-4aff-9628-f77dcdebfe66","7f204c2b-9f90-4fc4-addd-8833327eba11","Johnny","Lumpkin","-","0.0","1",,"TE",,,
"48413c7d-114d-4eef-993d-25c9a3eb0fac","e8ab7ee8-c216-4365-84d1-97071f48a673","Austin","Jones","-","0.0","1",,"RB",,,
"48520ce9-bc60-44da-b49f-60441948f4e7","f3ff6f77-e713-4167-9083-5938fd00905f","Mason","Tipton","-","0.0","1",,"WR","New Orleans Saints",,
"48bb6b56-8f31-4852-a560-dcb1a2bf7dfe","3b36bbea-8f94-4aaa-ac28-c3210e5c48a8","Haynes","King","-","0.0","1",,"QB","Carolina Panthers",,
"48d7930f-5aab-4f40-9389-3757a9df8b8f","95652101-b19a-4d49-b9e7-b0cafe70c3b3","Ben","DiNucci","-","0.0","1",,"QB",,,
"491cf473-2d67-4777-b839-d6772197ab87","5c10c497-057a-4c46-bccf-8c48f3d33f65","Terrell","Bynum","-","0.0","1",,"WR",,,
"491e4867-d48e-4e9e-b1fc-21bd71191df7","e936e39d-5930-4dcf-9b74-dd9547e7da5f","Khalil","Herbert","-","0.0","1",,"RB","San Francisco 49ers",,
"495fa40c-d1d5-433e-b2c4-1dedff07098a","dfa3e21d-95fc-4c0e-8c78-88c3d78c2123","Caden","Prieskorn","-","0.0","1",,"TE","Carolina Panthers",,
"4a373f6e-fc6e-4996-8173-47c6fa1ecea9","9b47db2f-b03f-4e6a-8c34-109961413742","Brandon","Smith","-","0.0","1",,"WR","Pittsburgh Steelers",,
"4a7ddede-e497-4b2b-a5e0-0666031f5628","06cfc2e1-7494-4093-9c79-488681e373b9","Cody","Latimer","-","0.0","1",,"WR",,,
"4b52050f-3e82-47e7-97df-2124d430082b","692947d1-8ae4-486c-a454-8b794eccda28","Zach","Evans","-","0.0","1",,"RB",,,
"4ba1959e-3787-4927-8c26-49507fbc33e0","681c5989-5f28-4645-955e-dfefb0e221a1","Duke","Williams","-","0.0","1",,"WR",,,
"4bb4df4b-8ad3-4c55-863b-806774129d20","f27cd2b4-bf0a-4434-b39d-18f46d1c4909","Jalon","Daniels","-","0.0","1",,"QB","Tampa Bay Buccaneers",,
"4c5b1ef1-8cfe-48b9-ad2b-845eb56b5421","e993bea0-0942-4389-8ef9-73a9fb83ff42","Trey","Knox","-","0.0","1",,"TE",,,
"4c5cdfe8-5584-41ba-ad04-ae5d64d7ec8c","b5c061b5-0fe2-4b24-9196-dcd20e9a868f","Eric","Ebron","-","0.0","1",,"TE",,,
"4ce07ac1-1aec-4533-b083-1d0dca2360b1","ea260f2b-13af-4983-bf6c-44afe070b431","Sincere","Brown","-","0.0","1",,"WR","Los Angeles Chargers",,
"4d718949-9639-465e-b760-47a1118b4840","74328466-c317-42a2-82fb-fcd6f0794859","Grant","DuBose","-","0.0","1",,"WR",,,
"4d7bfaab-d096-4367-aaa1-073de3188af3","5d581dd2-e2b8-4a9a-8e74-41ca562f02e9","Brayden","Willis","-","0.0","1",,"TE","San Francisco 49ers",,
"4db28cf1-fadf-4197-9b0e-ae27bb2086c4","66b6a62b-3013-4637-9f17-a54cbce4f45a","Javon","Baker","-","0.0","1",,"WR",,,
"4de277eb-d546-4d9e-b931-87a1d68bf601","bd041d7c-18e7-4c7c-825f-fe66fe1f5c57","Trestan","Ebner","-","0.0","1",,"RB",,,
"4e273a21-3a3c-4560-9a96-b91381b54893","6b2f4b51-28cc-4eb3-9c16-4fdd0d96eb6d","Josh","Kelly","-","0.0","1",,"WR","Houston Texans",,
"4e4c8fe0-1e68-4e24-9ebe-fb7ed5f4e44e","067592f0-6509-4c49-a013-d08e5d512b6a","Jacob","Eason","-","0.0","1",,"QB",,,
"4ed76435-e746-4192-8ae9-798388122b3b","75bb829d-b66a-4b42-a2f1-bb7242ecccb4","Lawrence","Keys","-","0.0","1",,"WR",,,
"4f013122-b754-48d7-8f51-57312cc71db0","fece6263-7a43-4071-a9e6-885d954d8b9c","Terique","Owens","-","0.0","1",,"WR",,,
"4f1390b3-1495-4069-ae4d-18accd725cad","4bfe28e5-0792-4db9-a256-f0684cdbbbee","Chase","Claypool","-","0.0","1",,"WR",,,
"4f1faa62-8ed4-4db0-b2e3-96912ad96fb3","dd7b48ce-9fde-46eb-b03f-45e8274cf326","Jalin","Hyatt","-","0.0","1",,"WR","New York Giants",,
"4f43b86a-2cd6-4ca1-b3c8-4d6ffb16f224","0c7e0ce9-014c-4666-a2f6-e636bdcb21ce","AJ","McCarron","-","0.0","1",,"QB",,,
"4fa22d62-4ccb-4f2e-becf-f80fedc28b3f","506acbf6-d40d-413a-804b-b1b88f57aa9a","Isaiah","Wooden","-","0.0","1",,"WR",,,
"4fe95025-75aa-4c2c-a114-9b083bedf14c","68dc655d-e697-4753-a723-a759a9911ec9","Derrick","Gore","-","0.0","1",,"RB",,,
"500d42ae-2bd1-4c8a-9973-be873466024e","00680dbd-e22f-4913-a553-71ca2dc999b1","Brady","Cook","-","0.0","1",,"QB","New York Jets",,
"50385323-0e84-4cde-9bfa-8c9caf2532e0","5015aead-f8b4-419f-a711-517786575595","Caleb","Huntley","-","0.0","1",,"RB",,,
"5068c775-dda1-46bf-a134-bfc2c22bbdd7","6c05a3ab-6447-417e-986b-c713baa80595","La'Mical","Perine","-","0.0","1",,"RB",,,
"50c3199d-46c1-4a7b-b4fd-10ddb3a3b7e3","b658ec81-7749-4bb1-a67c-328ea13dc803","Sam","Hartman","-","0.0","1",,"QB","Washington Commanders",,
"50da0ad9-c3a3-4381-8704-b93090fe709d","44aba8e5-5c9d-48f4-855f-926414a6be2e","Dillon","Johnson","-","0.0","1",,"RB",,,
"50f0e558-3ab6-411c-9c85-8a832d2a1551","fc4474e1-fb35-416b-890c-4ca1de17d792","Matt","Breida","-","0.0","1",,"RB",,,
"51034b4a-6653-49d7-bb63-e5b840e6486e","8c96de65-f229-4f8f-929e-2fa0b7a2647c","Austin","Mack","-","0.0","1",,"WR",,,
"5132bc06-039a-41f6-a633-1946cbe64318","51e0ef29-0e21-448e-b1ae-9fbb76222dee","Aidan","O'Connell","-","0.0","1",,"QB","Las Vegas Raiders",,
"52098be4-7db8-472b-a739-eaa04d396559","57754737-d485-4aac-b26c-c39e2da4157b","Zach","Ertz","-","0.0","1",,"TE",,,
"52675579-541c-4670-97bd-7d4e7fe65975","358e6b1c-92f5-4681-a446-238b520e599b","Trevon","Wesco","-","0.0","1",,"TE",,,
"527f45d9-05c1-4427-83a0-663d79ba0ae1","835c4d4e-8d95-4625-b5d7-1c6e3a6384cd","Antonio","Gibson","-","0.0","1",,"RB",,,
"52bbed3c-d579-4f12-9dd9-800208700683","8ca9acae-f08f-4a8f-acfd-f944a1586938","Lorenzo","Lingard","-","0.0","1",,"RB",,,
"52f64542-b625-4230-a262-02d535f71e70","e11fc79e-18ec-459a-835b-fdb566022fc2","Josh","Williams","-","0.0","1",,"RB","Tampa Bay Buccaneers",,
"52f98bdb-a80a-42fd-b177-bd9d49af3ffe","b584facf-ccfd-4cc7-a36a-6acbd3dc8a31","C.J.","Saunders","-","0.0","1",,"WR",,,
"53a3a236-a424-48cd-949d-aca181067885","89b1e246-9bfd-4eb3-b0a2-a5207072e855","CJ","Donaldson","-","0.0","1",,"RB","New Orleans Saints",,
"5406be26-d7c5-40f5-994d-eee53c47c071","2b137246-eb40-4e14-adf0-7f0287d59ba4","Allen","Lazard","-","0.0","1",,"WR",,,
"541a8689-962e-452d-ac9b-a959d9bd8c10","1341c6b5-366f-4a8d-8929-9c2b43060095","Thomas","Fidone","-","0.0","1",,"TE","New York Giants",,
"548f9364-4c54-4fa3-b69d-e234bafa2cc6","fa9c8705-5def-4d7f-88a6-897ff9022d38","Cody","Schrader","-","0.0","1",,"RB","Denver Broncos",,
"54afdf04-fb92-4f41-9e30-01282c497e87","bf94084b-a103-4fb6-a02b-bc093f9f8a1b","Cam","Camper","-","0.0","1",,"WR","New York Jets",,
"54b19a15-f711-43df-953c-402dcdcf2b10","31fed9a1-b332-4a30-8751-aef602ab14f8","Nate","Noel","-","0.0","1",,"RB",,,
"54bd9bd8-5c06-474b-aea1-2327bbef43aa","82c88dbb-b877-44b2-a312-38f9e911894c","Jaheim","Bell","-","0.0","1",,"TE","Pittsburgh Steelers",,
"54de8f65-0094-480a-919f-6867dc181b92","b2d338bf-b8f0-4594-855b-1092a6ffb834","Tayvion","Robinson","-","0.0","1",,"WR",,,
"552552e2-049c-4b6b-b7a3-a1b2df725470","a37e797a-f468-49db-a3ad-d3138635aa37","DJ","Rogers","-","0.0","1",,"TE","Dallas Cowboys",,
"5582709a-6862-45e7-8a46-b51ed09e9bc0","d0c282f2-25e3-4ef1-bd7c-2a0e91425a5c","Mac","Dalena","-","0.0","1",,"WR","Buffalo Bills",,
"5593f898-c07f-4fa6-b1cb-0b724dde3eb1","b7653257-f52c-49af-865d-f5bd16f4783d","Tyree","Jackson","-","0.0","1",,"TE",,,
"55bd8ba5-7daf-4ec3-b895-408afa54a74e","a02d01f6-0760-4c97-8101-ea1e670af341","Zach","Gentry","-","0.0","1",,"TE",,,
"57155373-ff2f-4ce6-91c1-af3296f5f438","f5d0c6b9-7fc5-4d60-ac80-80ba390b7c07","Hank","Beatty","-","0.0","1",,"WR","Tennessee Titans",,
"575da6ff-94a9-47e5-9712-7a0afefed02a","146c4232-80de-4728-9ffe-dfe4118cd20a","Chris","Conley","-","0.0","1",,"WR",,,
"57a2e6a8-28c2-4f64-b84d-15798a7a7ddb","5e4aad4b-1f05-47c8-bd0f-20c11f944bea","Devine","Ozigbo","-","0.0","1",,"RB",,,
"57a80392-97bf-4532-a3ac-70bb8bee4c74","2e6bc014-38ab-4d5e-9dbd-5ea00d40b743","Ronald","Jones","-","0.0","1",,"RB",,,
"5808760d-4f92-4b26-b8b8-97085137a1f2","cffa584f-35bc-4797-a98e-0bc0e14c573d","Trent","Pennix","-","0.0","1",,"RB",,,
"5855764a-9b55-423a-889e-d66d810a8829","99cf8cd8-945b-4740-8359-6b09dfd470b4","DeVante","Parker","-","0.0","1",,"WR",,,
"589d0643-0fd2-4e95-8192-38e2fcadb69e","861d1db0-77d9-4f58-a7ef-5268cdfca261","Tyren","Montgomery","-","0.0","1",,"WR","Tennessee Titans",,
"589ff1d5-1519-4cf8-b795-6d60ae7ce200","531f52ff-5f9d-41fd-a094-df76ef6db136","Alec","Ingold","-","0.0","1",,"RB","Los Angeles Chargers",,
"58c3b772-ef6e-4e42-bfea-eae2f81d21c1","963d8ebc-533c-42d6-bfa7-0d800e0270f3","Tommy","Mellott","-","0.0","1",,"WR",,,
"598115fb-939c-462c-974a-e1ab3c69d570","53ce2974-1b1b-4b46-bef6-236d2dcf0858","KhaDarel","Hodge","-","0.0","1",,"WR","San Francisco 49ers",,
"599456a9-c858-4e99-81cb-aa8eaa849449","fe313663-17e8-450d-8ef9-d1ec327a5a53","Colson","Yankoff","-","0.0","1",,"TE","Washington Commanders",,
"59a5e8ad-3811-4fa8-8496-eebca7dffdc4","03880d40-6efb-4aab-afec-8c9566f9b29e","Josh","Reynolds","-","0.0","1",,"WR",,,
"59d1b8c9-2772-4b57-b0b5-eb4b0b543a7f","600a0f50-3511-4795-8543-25c7a167e915","Jase","McClellan","-","0.0","1",,"RB",,,
"5b527ac7-fef9-4d7d-8084-c7f9bc8a3f44","1f8b31f5-5a8b-461e-accd-d8bc9ecf5a11","Evan","Hull","-","0.0","1",,"RB","Arizona Cardinals",,
"5b75deb3-dcd1-414a-b39f-91f1de25723d","34a5ecb4-ad9e-4caa-8091-4dc9c2e11e3f","Austin","Watkins","-","0.0","1",,"WR",,,
"5ba36bf5-2172-4809-b8e9-70d5bd366e9d","c6de24fe-ecdb-4bf0-bb71-3f0cf65c2f1e","Cam","Miller","-","0.0","1",,"QB","Miami Dolphins",,
"5c61050e-dceb-4eb5-a679-14b36cfd9ae4","bc5aa9a5-8bbe-42b6-9670-86257b8e153c","Holton","Ahlers","-","0.0","1",,"QB",,,
"5c8c8b24-4026-4b22-82c1-b1ae603f7722","7fee807d-be87-4220-b14d-e696e5505989","Travis","Vokolek","-","0.0","1",,"TE",,,
"5cce4265-8596-49ec-b96d-13879f166758","1dc3e6a9-ae93-4126-a8ee-f047d9044296","Sal","Cannella","-","0.0","1",,"TE",,,
"5d0bf207-e497-4ae2-8a61-88f3a0809416","5786c31c-c097-4b2f-aaf9-f7278a0c03ed","Alex","Erickson","-","0.0","1",,"WR",,,
"5d1e176c-feba-446c-92a6-28191d9f4e26","999d8e9e-82e1-4314-aee4-5c97b1ee48ee","Deneric","Prince","-","0.0","1",,"RB",,,
"5d8d244c-afa3-49e1-a1f6-4270c917349d","d53dfdd0-6941-4ef4-aa5d-6042bf2c30e9","Malik","Turner","-","0.0","1",,"WR","San Francisco 49ers",,
"5dadbec3-3b66-41d9-a921-e0c25bf14b84","606aebf2-f9f9-404b-b6b9-fc6d5dc62de5","Zack","Moss","-","0.0","1",,"RB",,,
"5e23b34b-5991-49e9-9625-b7b7c7b25799","5327d273-a03e-4305-9f77-e92292dbd1cd","Mike","Harley","-","0.0","1",,"WR",,,
"5e8fc8f2-1092-4ffb-aee3-c1d0c8e7afa9","8a3c1010-e655-44b2-961b-be21c6582ac7","Pooka","Williams","-","0.0","1",,"WR",,,
"5e9344d6-5eb4-43ac-ac99-eb556f276442","4c06ce0c-9c66-4a9f-9e99-82748ad21cf7","Charlie","Jones","-","0.0","1",,"WR","Cincinnati Bengals",,
"5e99ce3e-71d5-46e1-b904-73045ec4fbb4","8b384832-21b2-4959-9ead-93d75e9c2e60","Xazavian","Valladay","-","0.0","1",,"RB",,,
"5f0d55af-73e2-442c-8469-2d0b591cfae8","24a71118-d424-410b-be45-3b19e7ea7be2","Myles","Gaskin","-","0.0","1",,"RB",,,
"5f426933-d78e-4cee-9a10-a62ca18bf298","1d827b60-fd88-4709-b1a2-7abf44a08163","Nsimba","Webster","-","0.0","1",,"WR",,,
"5f4aeab9-6d69-400a-8612-8a3488f5c130","81517b3e-52c1-41fe-a780-fbe8750afe5e","Troy","Hairston","-","0.0","1",,"RB",,,
"5f6265b7-9157-46b3-9db0-a74c347ff533","3cc9555c-7f9f-42bc-b703-a64b3a1709fc","Lynn","Bowden","-","0.0","1",,"WR",,,
"5f74fba1-7c0e-4f43-acd4-76057cd548b5","e11870ce-5a93-4ac7-86ae-290e49bef3f3","Davon","Booth","-","0.0","1",,"RB","Cleveland Browns",,
"5fe06c49-e2dd-4ac8-a344-19d5eca9c8ec","f22ba772-f56b-49de-be40-6a351581408e","Tre","Stewart","-","0.0","1",,"RB",,,
"5fe0cf70-ad66-4028-893b-e6c6a5b9267f","3cd29adf-71c5-4c78-8981-ac12e98f6060","Andy","Isabella","-","0.0","1",,"WR",,,
"601e43fe-3ae9-4916-b8cb-47abe262ffad","ecdc9d60-8a41-4a9c-ac5f-8c2e317ae109","Ty","Scott","-","0.0","1",,"WR",,,
"60ad62bb-6e3b-49a2-9339-f8fce77ea231","d4f7fc9d-37eb-4957-924c-50e45c74e94e","Kahale","Warring","-","0.0","1",,"TE",,,
"60fea920-7b0b-43ad-8bcf-6210598d3e72","27752b82-b3bd-4ccb-a5d3-8dbb8814dd35","Robert","Lewis","-","0.0","1",,"WR",,,
"61089cb3-7593-4423-9439-a6c0725da783","a87e5777-3663-4c87-8c62-fbc4459def1e","Antoine","Green","-","0.0","1",,"WR",,,
"61480b02-5df2-4f98-adf6-ecf8bfaaebc9","c7c2c860-0909-4631-a237-d8a0175f7677","Dontrell","Hilliard","-","0.0","1",,"RB",,,
"617d12c1-1ab2-4f76-a0b3-959af8d84efd","a57b6962-7323-4619-a6e8-5d224ccc42f2","Dylan","Drummond","-","0.0","1",,"WR","Atlanta Falcons",,
"61907558-9a40-4fd4-97ab-6a17cc334a2a","88f49e7b-9a9b-46fb-8a5e-e86b861d4796","John","FitzPatrick","-","0.0","1",,"TE",,,
"61b12d60-c096-4d19-ab58-e9e36ed256c8","8d115c93-d2fc-43c8-b1e1-ed92ea8d5e6d","Sam","Wiglusz","-","0.0","1",,"WR",,,
"61d167c8-9568-4b7d-9f6f-3f4ab83dcbe4","b2fedf9b-ecf0-4f8b-af7b-bd0920ea45b7","Corey","Davis","-","0.0","1",,"WR",,,
"61eee6d0-f272-4a26-bcc2-1e09b50ff1ab","d4baf681-84a9-4ed2-9373-f02e30ce4d69","David","Bell","-","0.0","1",,"WR",,,
"622216cc-dd4f-4e79-9c08-48040d672fa9","237de2f0-e473-40ed-89b7-220bc9b29875","Laviska","Shenault Jr.","-","0.0","1",,"WR",,,
"62940f29-19e1-4224-a97e-94ae24c1da77","1fbae699-298d-4e63-ae82-e085e70376bf","Jordan","Waters","-","0.0","1",,"RB","Los Angeles Rams",,
"62b6caf6-65eb-4b63-835c-10a013336414","2dbc753f-6d2c-407d-b1f3-436a4fcf9df4","Quali","Conley","-","0.0","1",,"RB",,,
"62c0e182-453e-4ec3-b86d-27fb2a92d485","f3a5c04d-f5af-4f6c-8cf7-7af190f50cc6","Chris","Evans","-","0.0","1",,"RB",,,
"62cb202f-5178-4659-9a8b-a9e52435db68","66d8ba9a-d0ad-449d-b27a-bdd782a4cc04","Zakhari","Franklin","-","0.0","1",,"WR",,,
"6368935a-1d04-4e53-a7d8-fa28791121cc","6ed19ef3-f920-4d89-8d49-390486ded3ec","Quentin","Skinner","-","0.0","1",,"WR","Buffalo Bills",,
"637c5092-6a2d-4c74-a2fd-85a472dc98cf","c35897ed-2889-46f3-9aec-64e524a3c694","Dwayne","Washington","-","0.0","1",,"RB",,,
"63d2d0fa-ef89-4bdb-a6ae-c1ef7892a492","1cae7ba6-6dd9-405d-9dd8-d40a6be294a5","Jacob","Harris","-","0.0","1",,"WR",,,
"63dffbbc-aa59-4e79-a3f2-7191f50b5785","9d9fe379-f313-4c5e-8501-063f7f4d4907","Noah","Brown","-","0.0","1",,"WR","Washington Commanders",,
"63f14c7d-6892-40be-a3b9-547b660c9912","c519cd54-d77e-4938-b276-724d545f2646","Thyrick","Pitts","-","0.0","1",,"WR",,,
"64027820-c525-4fef-be6a-bf04203a402d","a936dce9-c5ac-4849-b5b0-216ad77c674a","Caleb","Lohner","-","0.0","1",,"TE","Denver Broncos",,
"641ef18c-4ee0-470b-b8e5-dab3fc2385b1","43dc15b2-ffff-4c30-acbf-becc74ac6c86","Tyler","Kroft","-","0.0","1",,"TE",,,
"645d961e-0f9e-45fe-987b-dde01b82ed8d","7a0ab36e-fb37-4ccb-a0cc-631708972942","Damien","Harris","-","0.0","1",,"RB",,,
"64cc9654-92bc-422d-a2f3-2918031cd962","2087585e-807f-4f70-9a3b-916323f89025","C.J.","Uzomah","-","0.0","1",,"TE",,,
"65823bfc-5cc8-407e-bb8b-df32e58f4f25","ee408b18-26d1-45e8-bad0-2e7811adb3e5","Brian","Hoyer","-","0.0","1",,"QB",,,
"6592ec8e-2a82-468a-a229-a64a34396f67","252d5fc0-fa09-4942-9de4-8cbe4cc43c1f","Steven","Sims","-","0.0","1",,"WR",,,
"65ec2274-d5ec-4742-a1c6-f6577cc6a91f","441debf6-bb87-4352-be9f-55cc3d23d6f9","Robert","Burns","-","0.0","1",,"RB",,,
"66bd7ccf-96fe-4e51-bd9a-ecc4c923f4ef","0357a12c-e7e4-47c4-bd88-440f21a6edc0","Gary","Brightwell","-","0.0","1",,"RB","Cincinnati Bengals",,
"6753e08a-57eb-42b9-82f8-49a27b5674af","0657d568-8a08-4c0b-8112-61bddce5edd0","Jerick","McKinnon","-","0.0","1",,"RB",,,
"67a15c83-c9b5-4890-a82a-6cff534086ce","ad84c9f3-fcd3-4ff0-96cb-ed74c9d14e18","Taylor","Elgersma","-","0.0","1",,"QB",,,
"67b7853c-6b68-48b5-97a6-7b62d05d0b64","7135f1c4-50a6-40ac-a3d2-5f4657388ccf","Bub","Means","-","0.0","1",,"WR","New Orleans Saints",,
"6801d424-c543-4b74-bd1e-ec6b1fbef1db","55d2ccbb-3084-4d4f-82d2-7f0ba17516f8","Tyler","Kahmann","-","0.0","1",,"WR",,,
"68b998a1-edf7-4aed-a3d1-525f8f9978c8","c576e13c-880b-4d4f-b275-23fb789abb72","Dan","Villari","-","0.0","1",,"TE","Los Angeles Rams",,
"68c735d1-9f2a-4758-8327-0024aa96f83f","0b86feb7-78bb-42fe-b616-c15c6286ec20","Tim","Jones","-","0.0","1",,"WR","Jacksonville Jaguars",,
"68c87070-b8e2-42f7-9f04-76e7eaa9fd8c","8241afd7-811e-4f9b-9e5b-71d707270d1a","Tony","Jones Jr.","-","0.0","1",,"RB",,,
"68ec1105-b28a-4be3-8ee5-5eff16c4f46f","2101a7d6-977e-4d62-b3f0-85486648d6aa","Will","Mallory","-","0.0","1",,"TE","Indianapolis Colts",,
"6a15c763-ad76-4a38-ba5c-53f0a9b417c7","fb644b02-dc54-472c-b99b-8216516c35bf","Jelani","Woods","-","0.0","1",,"TE","New York Jets",,
"6a1d88ea-0fe1-411f-9e27-3a0b5d8e0d25","a26700df-5f0a-48e2-866d-362d83de2aa4","Trevor","Siemian","-","0.0","1",,"QB",,,
"6a208e59-1216-46de-98a9-21f79f625d57","d09c7110-5c4e-4eb4-8b2b-5c9383bbc0de","Juwann","Winfree","-","0.0","1",,"WR",,,
"6a5602a3-bae3-47d5-a106-d56efa25caa0","7736b474-9b7b-4ed4-9c89-2ecd798e7d76","Reid","Sinnett","-","0.0","1",,"QB",,,
"6af205a5-0470-48b6-9397-421218e06b64","fcf02ad2-d121-4ad4-a4f3-11286442cebd","Bailey","Gaither","-","0.0","1",,"WR",,,
"6b34f15d-df00-4e4e-a7ed-cf5fe78bbc28","23a1285d-7c81-488e-a24c-cea3484f6892","Ross","Dwelley","-","0.0","1",,"TE",,,
"6b4446ab-d383-4a53-b3ad-289bdf51edd1","8465d200-efe2-4fb8-abdf-648e28af2be2","Jalen","Virgil","-","0.0","1",,"WR",,,
"6ba92572-345e-4499-8149-cc24564d7631","fedef765-e0cc-42d8-954e-71945c76995f","Anthony","McFarland","-","0.0","1",,"RB",,,
"6bac9479-c2df-45a3-aaea-03349e2f2f49","5df6c28e-255a-4a53-92fc-53af23fb7b9d","Sean","McKeon","-","0.0","1",,"TE","Indianapolis Colts",,
"6bc696bf-4d68-40d7-b26f-a6202ed90e91","b53dc7ad-17d6-4d1f-8c39-a8b5c1feff7f","Ramel","Keyton","-","0.0","1",,"WR",,,
"6c2414a7-5e5a-4a1d-88ca-58c075d6edad","3b527565-bc5b-4659-9480-559d64eac2d3","Geoff","Swaim","-","0.0","1",,"TE",,,
"6c56b6f4-a672-4abf-9d16-93cc4d6cac34","3745014e-c77f-4330-ae2f-323525f72720","Gus","Edwards","-","0.0","1",,"RB",,,
"6c704536-26df-4a92-a05b-554c4ebdaf5b","512d8d07-85b2-4163-aea0-1b2b0dd25c07","Luke","Altmyer","-","0.0","1",,"QB","Detroit Lions",,
"6db8514a-d822-4171-8593-70fdec52000a","9a022432-a418-48f5-9473-f4af24814bbc","Kareem","Hunt","-","0.0","1",,"RB",,,
"6dc6dd8c-44be-426f-bb9e-f2a6dce48fbe","94ac9789-6936-4291-bad4-b39735197545","Caullin","Lacy","-","0.0","1",,"WR","New York Jets",,
"6e2161e9-6577-4c6d-87aa-a8025a9bd670","a851c544-5c32-4bb4-b848-9275faf8e12a","Dorian","Singer","-","0.0","1",,"WR",,,
"6e6abb46-8ee5-4d2c-af0c-49a855015391","6138a0a8-55c9-4f5c-8c1e-38eed1b9a675","Stephen","Sullivan","-","0.0","1",,"TE",,,
"6e6ea2f1-7a42-4acd-9629-d332ff4dc341","1b6dc9ac-9050-4d08-b71e-9de119bfd6e0","Moliki","Matavao","-","0.0","1",,"TE","New Orleans Saints",,
"6e7d78d3-33d0-499f-9fb6-e99044e2237d","cb567828-73a6-437a-9348-5e4b2712813f","Jacob","Clark","-","0.0","1",,"QB","Las Vegas Raiders",,
"6eaea1ec-707b-4cd8-8047-2f9b0587f524","2bd1add2-a01f-46ad-99d3-f6e07c346b77","Anthony","Miller","-","0.0","1",,"WR",,,
"6eb37eaa-478a-47f9-b055-6a8f79c17940","24d76979-5f99-4af8-994d-8dddd42a1a02","Robert","Woods","-","0.0","1",,"WR",,,
"7018cbb3-6824-47e3-b13a-02ff220c1c0e","317e2df2-1cea-48a9-b587-d194a53d37f7","Jacolby","George","-","0.0","1",,"WR",,,
"70577a99-1aee-4eea-8349-728ebd94e585","3bdbec18-8bad-4d9b-b172-2fbaa2e7a521","Bryce","Ford-Wheaton","-","0.0","1",,"WR",,,
"715793e7-d0f5-492a-b663-48b0416b44af","6aaca934-89ae-4000-89ca-79c00a8afc02","Terion","Stewart","-","0.0","1",,"RB","Kansas City Chiefs",,
"717fdcdf-d025-4711-9cab-78dc0155d704","322ad23a-7a5a-4740-9b2e-8e6a9f3bfab8","Erik","Ezukanma","-","0.0","1",,"WR","Philadelphia Eagles",,
"719127b8-b236-4c6f-91c8-6a97c67ebfa2","69c25af4-79b5-455c-9a83-9a7b1d7346d8","Tejhaun","Palmer","-","0.0","1",,"WR","New England Patriots",,
"71b99ea4-c011-4a6f-8ae4-de82f63ccae6","1d5d5f54-8d45-484b-8da7-25391166885e","Jordan","Murray","-","0.0","1",,"TE",,,
"71e9e15d-e0e0-40a1-881c-2d390aec8468","4a8dfda0-4799-466b-af25-2fe1c00b01f3","Brett","Rypien","-","0.0","1",,"QB",,,
"7263ac11-db95-4ff9-ba2c-ea3c4693b29d","91532c07-05ef-440c-a5a6-c99bd98053d8","Brian","Hill","-","0.0","1",,"RB",,,
"726f5451-0b4e-4bea-965e-221742b03276","2d1cc4cf-0217-47b8-ac69-23e008276426","McCallan","Castles","-","0.0","1",,"TE","Green Bay Packers",,
"727dfaf7-29e4-4565-9ef1-9b69de300c6d","182ed059-d05b-48ad-876d-066765be91eb","Jalen","White","-","0.0","1",,"RB",,,
"72a25ea0-3d8e-47cf-b08a-843774b234d9","80c77685-769d-49a1-880b-41a4ec568c57","Andrew","Armstrong","-","0.0","1",,"WR","Kansas City Chiefs",,
"72e7f315-114b-4f10-953e-e3620680a7c2","9453991b-18ed-4f93-9ebf-959f6024fc12","Matt","Landers","-","0.0","1",,"WR",,,
"7334d096-3091-4030-b93a-d929b8f1d3a2","1efead28-a46f-4525-bb80-71f0d05aa7a5","Nate","Sudfeld","-","0.0","1",,"QB",,,
"73667024-d0d3-4d98-aad5-0d514377118d","030dbbe9-7a02-4fc9-9d89-3ce57114ec8e","Quentin","Moore","-","0.0","1",,"TE","Washington Commanders",,
"738ad1bd-8c1b-4f2e-aa85-9acdbe16df90","6ae27251-4aed-4a1e-8136-5c58736c597e","Landon","Parker","-","0.0","1",,"WR",,,
"73960f63-0f17-4e55-a4e9-f1f6c8a97c4a","3c804b7c-622b-4a73-9596-1bd803b695cc","Jordan","Mims","-","0.0","1",,"RB","Minnesota Vikings",,
"73a2909c-1d56-43d8-82ee-7d1a9ea87f14","0c0df20f-709a-408e-99fd-8cfaee14d56a","P.J.","Walker","-","0.0","1",,"QB",,,
"747d8e42-1047-4d22-981b-c9968e51ce5a","dccf4aa3-1604-4eef-96be-74f2712d6c5f","Silas","Bolden","-","0.0","1",,"WR",,,
"750e8972-aecd-4417-afb0-31fa7f136fc7","8bc4c091-5e1a-47db-a7ca-fc32595e42b4","Racey","McMath","-","0.0","1",,"WR",,,
"75585812-3a0d-48ce-8c4f-80c40f59554b","39797425-dade-4b0d-95a9-a9e806d28d7f","Lucky","Jackson","-","0.0","1",,"WR","Detroit Lions",,
"7567b8ab-9528-4259-8aa1-07a29ce7bdce","7ef90151-aca0-429e-afbb-3aec19c8d687","Kazmeir","Allen","-","0.0","1",,"RB",,,
"757f1d48-36ac-470e-9309-f6bb7e36271e","3904d4a3-0ab7-490d-8923-5ea81499dfdb","Mark","Gronowski","-","0.0","1",,"QB",,,
"75f31f95-ca54-479d-8a11-ff549c026265","6d23433e-d0b0-4e2c-ba38-11ed84fbdf34","Anthony","Smith","-","0.0","1",,"WR","Dallas Cowboys",,
"769cb361-cda4-4fb6-83ad-cb730528162c","837fa8b8-2333-489a-9fa8-64f8825c730d","Tulu","Griffin","-","0.0","1",,"WR",,,
"76a634cd-112e-41cf-b713-7cd7d1b19e52","1358deda-3806-40c8-a5db-3f78d1610a20","DeCarlos","Nicholson","-","0.0","1",,"RB","Carolina Panthers",,
"76d27a04-e91a-42e8-b7be-c0040384d3c2","caaf511f-e1bf-43d2-8136-feed56e7df8d","La'Michael","Pettway","-","0.0","1",,"TE",,,
"76f2b603-da5e-4119-a7e8-e26a711359da","72e51cb9-7908-4a47-a8f8-792efcd064c2","Bailey","Zappe","-","0.0","1",,"QB","New York Jets",,
"7716ae85-a1b7-4e68-bd4d-a6f5fec74a0b","d0686cf5-e910-4d32-9ac7-0437fa011f6e","Raleigh","Webb","-","0.0","1",,"WR",,,
"7733fbd9-2c8c-4dde-bc8f-001d1cee92cd","f24db425-614d-493d-a7ba-fe40acd1cfa4","Marquise","Goodwin","-","0.0","1",,"WR",,,
"777c6318-3312-4b3d-8222-226f22c61a68","7431ac9e-a62f-4721-834e-a9327e2f8797","Paul","Richardson","-","0.0","1",,"WR",,,
"7783e00b-ac02-42d7-ba2f-1493d2bd7b67","226c2222-6b57-4b94-ad9f-0e359751f4c1","DeAndre","Hopkins","-","0.0","1",,"WR",,,
"778e97e2-6a4b-4a92-a49e-4feb5e3afac1","fe8df930-ae36-41bb-abd3-89b1f8fab697","Jaxon","Janke","-","0.0","1",,"WR",,,
"77eaba95-e456-4883-9308-c143187a29b4","703faa63-9cfe-4bf5-95a7-f92019fbb26a","Marvin","Jones Jr.","-","0.0","1",,"WR",,,
"7811b521-4a9a-4602-977a-f3a506923d76","6fd7f2d3-4fbf-4bc9-bd92-44d72bf8b1c1","Logan","Thomas","-","0.0","1",,"TE",,,
"78218b23-8ce0-4f95-be76-37c7a522c82e","5a3d90f2-18c8-4616-85c3-042838230cbf","Devin","Asiasi","-","0.0","1",,"TE",,,
"79045ec2-d6dd-4c3c-b15f-bab17e46abb4","086e6ffa-de72-4937-9046-9d89c7830ed3","Nathan","Carter","-","0.0","1",,"RB","Atlanta Falcons",,
"79283beb-45cf-4bb3-9a3c-b0ae8af28105","f2933db0-3b5e-44ff-a354-7a06053ea2b9","Michael","Thomas","-","0.0","1",,"WR",,,
"7994e4e2-a9c7-459d-bdce-27ecc617b686","1dd8ef88-930d-461a-b2fe-33b31cb82ef4","Willie","Snead","-","0.0","1",,"WR",,,
"79bd3229-988b-4df3-93e4-757573d3dcb4","e9f27df3-1fa9-4139-93a6-0b3cf66b40b5","Trey","Sermon","-","0.0","1",,"RB",,,
"7a0edc40-807f-43fe-ba61-13c56708202c","04550c94-f446-4180-8c4b-2146f0cad3cf","Kenyan","Drake","-","0.0","1",,"RB",,,
"7a1c18a7-7dbb-4ec7-a651-35dfa3145f79","b2c597cb-afce-4dfd-ba31-275b86dcf795","Damien","Williams","-","0.0","1",,"RB",,,
"7a503abb-48fa-4a27-a763-c9cd61c0b1f2","a6c845ff-11cf-4bc1-adc6-c898f5ee4a72","Kyle","Trask","-","0.0","1",,"QB",,,
"7a760f3f-cbd3-45b8-9102-c96eedcc64ae","757851a6-79b9-4c5b-af7e-af0fcb9d5f80","Donald","Parham Jr.","-","0.0","1",,"TE",,,
"7a9e8305-6524-4701-bc71-1bcac8572726","cb942ebf-9e1f-46a5-8f64-a60dbc18c527","John","Stephens","-","0.0","1",,"TE",,,
"7ab3106a-d2f1-4b89-a76b-445351806789","e9bf5beb-1eb4-44c0-8017-ffd3abd1badf","DeAndre","Washington","-","0.0","1",,"RB",,,
"7ae7c203-f951-4a11-8a25-57536f9d9acf","62b33363-6b96-472e-ac58-a37611b925fd","Curtis","Samuel","-","0.0","1",,"WR",,,
"7afbc32a-94cb-425b-95d0-b7e9a9a81dc7","cc26c0b6-0745-456d-9927-882a10f9b7bd","Makai","Polk","-","0.0","1",,"WR",,,
"7b76daeb-f3d1-47cd-89ed-12d569d8f098","1abd6fd0-650c-4189-99c7-4c044529693a","Luke","Grimm","-","0.0","1",,"WR","Los Angeles Chargers",,
"7beb27b6-c918-4d6f-bbe9-4126c25381b2","a6950df6-2b6d-4155-883e-797e34d2ca08","Miller","Moss","-","0.0","1",,"QB","Chicago Bears",,
"7cb1b549-8028-4bda-8c0c-720cfc770640","0cdd27f7-ea44-4a1e-afee-2e7a32f66f01","Jabari","Small","-","0.0","1",,"RB","Detroit Lions",,
"7cc50bb1-88ef-4bb5-ab4e-b1ce9a677377","3e13323d-137e-4cbb-b4b9-731304cda5b0","Ja'Mori","Maclin","-","0.0","1",,"WR","Buffalo Bills",,
"7cd60ff4-f652-4e20-95f9-218b68c5bc8f","7fbb01f7-c733-48ed-957d-9b0c11f2f2cd","David","Durden","-","0.0","1",,"WR",,,
"7d206b95-ac35-48f4-8ca9-f5b9c6ca9464","5608fda8-ef95-463e-9b0c-b91947dc4538","Alex","Bullock","-","0.0","1",,"WR",,,
"7d31f5e3-d49f-4bc1-9b22-4ce96e47c609","3509fb2d-290e-463e-a200-91811aeaa68f","Duke","Johnson","-","0.0","1",,"RB",,,
"7d4b3e98-2e92-4141-af60-0ccbb0e757b1","ed5f0b8b-addc-41c6-831f-80a0597469fa","Jaren","Hall","-","0.0","1",,"QB",,,
"7d4c2836-6a79-4fee-8304-8abdb28f4794","41218fd4-486a-412c-a5b1-0a08fd36f116","Brenden","Rice","-","0.0","1",,"WR",,,
"7d4fb689-770c-4a2f-880f-31c3213698eb","7cf73b21-7869-405e-8239-80c658ea3768","Kelly","Akharaiyi","-","0.0","1",,"WR",,,
"7e1b895b-eb33-4dd7-8162-788e4be92f5d","a9b50911-9c35-4f9a-ac79-b96e8586d956","Desmond","Reid","-","0.0","1",,"RB",,,
"7e4b7264-77ef-4563-9a4d-243070dd8b57","f66d75d8-0185-47e9-ad66-541bda7eb752","Armani","Rogers","-","0.0","1",,"TE",,,
"7ee5abb4-69a6-465d-a3ca-461780bcfb7d","f7ac299c-e688-43f5-9b10-ef5d55f6b691","Zay","Jones","-","0.0","1",,"WR",,,
"7ef22232-403d-4399-b8c1-9636ff550cca","cf36add4-e8c2-4e63-a381-3c260485a2a6","Joshua","Kelley","-","0.0","1",,"RB",,,
"7f4a7610-d044-4247-b280-4c1c107eb5bc","efc26b9a-4d41-4dc0-8425-7806c1f284d0","Adam","Shaheen","-","0.0","1",,"TE",,,
"7fb96897-af4e-4ffe-8211-b401f27a624f","2e0622f2-f2a1-47b3-808b-9a8f58ec8c94","Thomas","Odukoya","-","0.0","1",,"TE",,,
"7ff23cb4-cf3d-4c43-8c4a-71f010d214f7","3bd4fbc0-94f6-4ee3-a169-9990d0779baf","Daniel","Sobkowicz","-","0.0","1",,"WR","Houston Texans",,
"8008fa2a-5bde-45ef-ae7e-5977601c4f4f","06aed1aa-6279-4ccb-9060-ab3b0091cc4b","Brycen","Hopkins","-","0.0","1",,"TE",,,
"80be72a8-74c7-4c73-a299-2a59d722ea8c","5cf3b6f7-0ae1-4aea-a7e7-5693e41b20ef","Sam","Ehlinger","-","0.0","1",,"QB","Denver Broncos",,
"80c001c2-4cc6-43d9-884f-ac4101e05ed5","6b836f4b-35a8-4e1a-b7e6-1324111684ff","Kenny","McIntosh","-","0.0","1",,"RB",,,
"80e7735e-7a25-42f6-8c55-1ed18e7d3f16","674e461d-f553-45d7-806e-705ccae13eed","Roc","Taylor","-","0.0","1",,"WR","Carolina Panthers",,
"80eac1bc-e3fb-429a-83de-d0b00b3faf39","270f255e-5b1b-4521-b20b-080c0af408cc","Messiah","Swinson","-","0.0","1",,"TE","Green Bay Packers",,
"81506d18-4641-4468-bf54-4bb7775ab8f8","de3aa862-92f1-430e-ba20-bb079f1591e8","Nikola","Kalinic","-","0.0","1",,"TE","Chicago Bears",,
"81b14e02-964f-413f-98d3-183849a0b4dd","cf90b7b8-1c52-4aa5-b766-44c2f61db7aa","Nick","Vannett","-","0.0","1",,"TE","Seattle Seahawks",,
"81b5cccd-c448-4dbc-af9d-16fe8fd1366b","7b2be660-6197-4866-afed-8410c2eef8c2","Anthony","Tyus","-","0.0","1",,"RB","Carolina Panthers",,
"81c479a5-22af-4a50-b2ff-ba73eb27b818","9465be58-d5fb-4581-a275-1654dcb2f9c3","E.J.","Perry","-","0.0","1",,"QB",,,
"81d7c8e6-4449-4ef8-9925-b41fa4f339ae","c3059018-0cee-42a7-8ad4-e11aa6c5bfe5","Clayton","Tune","-","0.0","1",,"QB",,,
"81dd1a8b-226b-4b91-9afd-41bf76fe0ab1","ecb8932a-42c9-4dce-a1bd-e0a0aa21406b","Jacques","Patrick","-","0.0","1",,"RB",,,
"81ffb639-af75-43b7-b646-17167b08161a","e6bb4b6d-b2b6-446b-8c2f-f9a27dd2783b","Cole","Turner","-","0.0","1",,"TE","Miami Dolphins",,
"82046b64-26f4-4b51-848a-aab0acb5a441","16c96332-6b0d-48fc-a054-0fe191422dc6","Easop","Winston","-","0.0","1",,"WR",,,
"821658c7-ce31-4503-a0a9-8812cc4bc176","8ff33470-26ef-4ddd-920c-8426f449b760","K.J.","Osborn","-","0.0","1",,"WR","Tennessee Titans",,
"8246904c-d39c-4fd4-a516-79bd1586f62b","08804ef2-c983-4ea2-b7c9-325628a1e45a","D'Ernest","Johnson","-","0.0","1",,"RB",,,
"8297e7cf-dd52-452b-9f63-e1dd37076aec","0337e1e5-e3b9-4dd6-9e84-b9d6237aef6f","Zach","Davidson","-","0.0","1",,"TE",,,
"82ea0c1e-b7db-402f-b202-dbcaff7b59b9","a843724e-65ce-429f-8ca8-0c3107a64c47","Darren","Waller","-","0.0","1",,"TE",,,
"82eb5f8c-70d2-4a32-9fb4-d6e8bffd0273","a424a93e-841b-446b-a1b5-f5750e352516","Tanner","Mordecai","-","0.0","1",,"QB",,,
"83118826-5f15-4dbb-9d9a-f782fb05bbc4","a5add42f-3abc-4986-83cc-4b021952199c","Gabe","Davis","-","0.0","1",,"WR",,,
"832019d9-48e4-4b09-b512-c7a96a02d3e9","fa35326e-2e59-405f-8913-f7711f5aa054","JaMycal","Hasty","-","0.0","1",,"RB",,,
"832d038a-ca56-4686-8007-71ab8fa9d8c6","13057098-cc2b-4996-b92b-d0eb1fc86068","Blaine","Gabbert","-","0.0","1",,"QB",,,
"83eb202c-e22a-41a3-a3a8-3dbbf8303267","0a971044-f280-4894-96c8-df7481fc53a5","Jake","Fromm","-","0.0","1",,"QB",,,
"84639fda-be16-4c8a-b1bf-43e5036981e0","a78c336a-f043-4845-b2d3-47b48a24a214","Chris","Pierce","-","0.0","1",,"TE",,,
"8479b144-6d23-4486-b3b7-0b01193a9276","b3c9e9a3-1a3c-4e49-9806-be7d1399ed0c","E.J.","Jenkins","-","0.0","1",,"TE","Philadelphia Eagles",,
"849fd82b-a454-42c8-b647-a814a795f918","385ee93a-94fc-448f-ad48-fef7effa6cbd","Keleki","Latu","-","0.0","1",,"TE","Buffalo Bills",,
"84f0b98a-e1e1-4c59-97ab-cae9581bdd1d","c7c9b021-3d8c-47b3-ba54-fc3fc591376c","Bernhard","Seikovits","-","0.0","1",,"TE",,,
"853abc4d-98a0-4d18-86b6-a81b6541f85e","84e60fac-dddb-4870-891e-94a3c9f1c9a6","Jakob","Johnson","-","0.0","1",,"RB",,,
"85965520-07ba-4fdf-9fce-02cc1d268c13","04c6ee21-1c20-4db8-89b2-868fdee8581c","Zack","Kuntz","-","0.0","1",,"TE","Dallas Cowboys",,
"86697f00-9f7e-4df1-a9e4-88100b18f3e9","dd7fdcf0-133b-4900-81c4-867fa31fd834","Eli","Pancol","-","0.0","1",,"WR","Indianapolis Colts",,
"879b4a27-1f83-4d68-b299-5cb06a558352","ac04aaa9-0de8-4c2c-a052-5c0c949f9a7a","Ryan","Tannehill","-","0.0","1",,"QB",,,
"87b5b1f7-42f1-44e6-af59-ff937e3dbd3e","9b3d4373-be77-4ffd-9510-372f04c37f19","Kedon","Slovis","-","0.0","1",,"QB","Arizona Cardinals",,
"87dbc457-e426-4557-b9a3-c20e853bcec5","1d7e2d3a-efe7-43fe-b8d1-7f69c0de676c","Seth","Henigan","-","0.0","1",,"QB",,,
"889f260e-c45a-42ae-9292-6453719f03e1","c23bc320-3b46-44a1-ace3-18eecf14f39e","Vinny","Anthony","-","0.0","1",,"WR","Atlanta Falcons",,
"88afaeed-a1c1-4578-a502-48660a0e7e22","9a95a8ed-3c68-4407-8577-b87f61314094","Carter","Bradley","-","0.0","1",,"QB","Jacksonville Jaguars",,