"id","playerId","firstName","lastName","adp","projectedPoints","salary","positionRank","slotName","teamName","lineupStatus","byeWeek"
"9ee9bf4d-3c2e-4dc1-80fa-a2adaa6663b7","99398db6-2ffb-42e9-bdb0-4312a399ab08","Josh","Allen","1.3","363.5","100","QB1","QB","Buffalo Bills",,
"8d398b42-b0c1-4f97-9dee-692629657cda","ae8f738f-a91d-4ee1-b13c-d0228fdb5016","Jahmyr","Gibbs","1.9","299.9","100","RB1","RB","Detroit Lions",,
"76be3e20-1ef0-496c-9676-69f2e474c9c5","2b0cbe83-48a2-41b0-b03f-42180cfc4b77","Bijan","Robinson","3.5","294.9","99","RB2","RB","Atlanta Falcons",,
"f2a8a93f-dac1-41f6-ab84-dfff0248f470","9edce99f-fad8-4de1-9e20-435b3d12c310","Lamar","Jackson","3.8","332.0","99","QB2","QB","Baltimore Ravens",,
"3840709c-2faa-41b5-b073-f905a14d6643","63ebab10-215c-47fd-8e4a-814afe6e87a5","Drake","Maye","5.3","324.8","98","QB3","QB","New England Patriots",,
"aba48c60-6422-4f89-920b-1c8080eb4b13","efa72299-559b-4b2c-99e2-bf8ade2d28de","Jayden","Daniels","5.8","318.5","98","QB4","QB","Washington Commanders",,
"d1e16897-703a-45ec-a68a-9fa119af2e58","a0fa2a74-640b-4cc1-a5d8-841ab9557fe0","Joe","Burrow","7.1","308.1","98","QB5","QB","Cincinnati Bengals",,
"ab222fe4-3df7-4d0d-be29-b2d00a6c1738","19818cc6-e21b-4258-9315-93cb64fb92e7","Ja'Marr","Chase","8.5","256.6","97","WR1","WR","Cincinnati Bengals",,
"e890927b-98f1-4dde-bdbe-31537dc48cfc","3bbedd10-bec5-49ae-976b-659119ab156c","Jalen","Hurts","8.6","314.5","97","QB6","QB","Philadelphia Eagles",,
"f86c6417-1d51-420a-902b-0cf001136b1b","e442b551-f8b9-42d2-bf92-677aee7e9a79","Puka","Nacua","10.0","259.0","96","WR2","WR","Los Angeles Rams",,
"26001c92-78e1-4184-9682-bd2802409c20","c496a8a9-1391-4db5-9089-909053dde90d","Caleb","Williams","11.7","303.3","96","QB7","QB","Chicago Bears",,
"593c2ce9-9736-4c5a-a5e7-d38412b53343","d78f8b26-1823-4f49-be34-b9eadd252c3c","Justin","Herbert","12.7","299.5","95","QB8","QB","Los Angeles Chargers",,
"3e01034f-3af4-4912-8a45-f5183679458e","cb7b1dc6-91ce-47b8-813c-07486371a922","Christian","McCaffrey","13.6","260.0","95","RB3","RB","San Francisco 49ers",,
"cc426f95-c368-4696-be2a-303023ed19e0","59c5f1e3-fccf-4782-b593-98c518e75e3e","Dak","Prescott","14.6","303.9","94","QB9","QB","Dallas Cowboys",,
"bb1ad1ce-2245-49e9-a56e-e5535706c128","8b9ad544-0e96-4b38-9b59-c293e3aadf39","Jonathan","Taylor","15.3","256.3","94","RB4","RB","Indianapolis Colts",,
"2270c572-8381-4079-b761-97cdaaf738a4","66c1ab28-bbf4-4854-80ff-c4caf765fda8","Trevor","Lawrence","15.4","307.4","94","QB10","QB","Jacksonville Jaguars",,
"6f865090-61af-40d4-bcc8-40636652c584","c2f61e40-f9fa-4050-b955-9b236bcceeed","Jaxon","Smith-Njigba","17.5","235.1","93","WR3","WR","Seattle Seahawks",,
"279b1bba-cead-42fe-8ed8-1b21ae937187","f1766f00-503b-4b13-a5d1-cd4347423121","Patrick","Mahomes","18.0","288.7","93","QB11","QB","Kansas City Chiefs",,
"18caa049-de9b-485d-b842-240fca063fbf","3cf29d08-26b6-410a-bd8c-f229a5bae324","Brock","Purdy","18.6","305.2","93","QB12","QB","San Francisco 49ers",,
"fb0f6b42-b38d-4b10-8790-85a62fbf9fbd","f901957e-6443-46ef-a031-d5e2b7cd0edd","Jaxson","Dart","19.0","300.5","93","QB13","QB","New York Giants",,
"f9ed27b1-f231-49ec-aa6f-998438df1777","395374cd-d5aa-4dff-ba55-e5d6921c96b9","Bo","Nix","22.3","299.7","91","QB14","QB","Denver Broncos",,
"e19636a5-e1fc-4327-adb1-704894b51182","b4d7a866-815f-40c1-8f76-7608b4ab1c01","Amon-Ra","St. Brown","22.7","227.5","91","WR4","WR","Detroit Lions",,
"9f81cac1-bed9-4ad2-9ab0-09e23b6a94d4","7b434d3b-e0f9-40f1-bedd-51f973c59c5f","James","Cook","23.1","247.3","91","RB5","RB","Buffalo Bills",,
"97755897-1c78-4d1a-89b2-588996ddf7fd","f725a2b2-1843-4ab5-aa2a-bf1380a923e6","Jared","Goff","24.5","285.5","90","QB15","QB","Detroit Lions",,
"60edc6ae-046c-45f3-b588-50bc2ed55637","ede3a669-4285-4d9f-b606-c2fe3979e90b","Kyler","Murray","24.9","269.2","90","QB16","QB","Minnesota Vikings",,
"e44a1b20-7009-4c8c-812c-2fe1c5523319","6691d6ae-d453-45d2-9604-4120271a1259","Ashton","Jeanty","25.5","238.5","90","RB6","RB","Las Vegas Raiders",,
"370048e3-1a27-4e04-9c3b-3af4b796c2bd","36ffcc88-5ca1-4b0e-9f02-028b5ba24be0","Matthew","Stafford","27.5","280.2","89","QB17","QB","Los Angeles Rams",,
"274fba7c-3b78-45d7-bac7-c27982fd3474","67f1cafb-112d-4f4b-b491-b51b4ecd162a","Jordan","Love","28.5","282.5","89","QB18","QB","Green Bay Packers",,
"67d30301-7729-42d8-91c7-b9ad0a5ed28f","aa48a0ad-1d71-4d09-a86a-1e6e1987d911","Saquon","Barkley","28.7","228.2","89","RB7","RB","Philadelphia Eagles",,
"c0845671-cff2-41ce-ba12-e6f5aebc7b6a","4de8084d-aa1a-43c7-9676-0def5b39e980","CeeDee","Lamb","29.9","222.5","88","WR5","WR","Dallas Cowboys",,
"e1828ddb-cfb9-4515-b86f-9fa52602b0f5","d61fb310-35c9-4f90-a99c-fb4605a870f4","Justin","Jefferson","30.4","205.4","88","WR6","WR","Minnesota Vikings",,
"bd73d2ef-3372-4476-aef6-52b71ee9524a","4f5a3c90-9e4f-49b7-b126-a99d0eb90286","Baker","Mayfield","31.3","280.9","87","QB19","QB","Tampa Bay Buccaneers",,
"a0299f8d-8cde-4096-b615-4afd242f2cd2","e9fdd9a9-7652-4f39-b790-071e2839f862","Derrick","Henry","32.3","240.4","87","RB8","RB","Baltimore Ravens",,
"53f53386-29d8-456e-925d-42baca7935ac","2961fcb5-8f79-44ce-a1eb-e195cfa18349","Omarion","Hampton","35.5","222.9","86","RB9","RB","Los Angeles Chargers",,
"f71f2cc8-1243-4db1-9557-36b5b40413b3","33072d1d-45b2-4b52-89ac-67e56923a3cd","De'Von","Achane","36.2","221.9","85","RB10","RB","Miami Dolphins",,
"0ebc4846-e564-4e51-a8cd-63b9afedac25","1facaf38-e5d4-4318-b776-0eaf37e95321","Tyler","Shough","36.9","274.9","85","QB20","QB","New Orleans Saints",,
"f93ebde0-7669-4d8c-a01e-71fdf0339f2f","4ccbad89-b2df-4502-9944-eedc4ec9060a","Kenneth","Walker III","36.9","227.5","85","RB11","RB","Kansas City Chiefs",,
"c3e9a484-86fa-44a3-b83b-810dce813e1d","c6c27b0d-56e1-46e1-b6a0-33a47445b3e9","Sam","Darnold","38.9","266.7","84","QB21","QB","Seattle Seahawks",,
"cd730a3a-e4e2-480a-b7bb-7946f734045f","e8312b02-cf05-4abd-808d-33a115a6b29c","Chase","Brown","38.9","230.7","84","RB12","RB","Cincinnati Bengals",,
"e31e17f4-1b5e-40da-97f2-25a519fbd898","59614625-f243-4cb9-8038-146619f12e70","C.J.","Stroud","39.8","242.2","84","QB22","QB","Houston Texans",,
"4de669a1-2155-445a-8cc1-a7d35f943cd2","83f5497d-fa47-40e5-bb1d-95b79469d112","Malik","Willis","40.2","274.1","84","QB23","QB","Miami Dolphins",,
"5f18a589-58dc-4224-980f-9be9aad5c6c9","6f3725e1-d57e-4516-8d71-cf7e3328267d","Brock","Bowers","40.4","202.5","84","TE1","TE","Las Vegas Raiders",,
"935ad7d0-39e7-435c-9684-33807b53d41d","dd48e78f-5a11-4056-b21e-94789a31ee6e","A.J.","Brown","44.6","205.7","82","WR7","WR","New England Patriots",,
"a470ddfe-4ed6-4cc2-9452-372bcc8cb237","59875f94-9884-4978-a233-7e86d9c5cfd6","Cam","Ward","44.7","233.8","82","QB24","QB","Tennessee Titans",,
"adb92ea1-fe52-46d7-98cc-b9ae8a6913fd","5f726fce-7288-44e9-b9a0-a2cc3a0ed882","Daniel","Jones","45.4","227.5","82","QB25","QB","Indianapolis Colts",,
"442ae03f-c122-42df-bd15-d18ea34c1bf3","fc7cba00-d4a8-4ad1-83af-a6932d777354","Drake","London","45.5","203.2","82","WR8","WR","Atlanta Falcons",,
"02c53fe2-9568-4362-bd47-3babde3d8a7b","1ed35e23-07ed-46d1-beb8-5072f8f4f14b","Jeremiyah","Love","45.7","214.0","81","RB13","RB","Arizona Cardinals",,
"c147584a-29a8-4690-b3c5-62b64c2e2c09","a4388eb5-9783-46f2-b262-43fbe0201ea3","Trey","McBride","48.5","186.9","80","TE2","TE","Arizona Cardinals",,
"e7d69efb-b239-4a6f-9668-0f398a2de7c0","f35e2ebd-3564-4083-b64a-0d59bedf1d9c","Breece","Hall","48.5","199.6","80","RB14","RB","New York Jets",,
"1f8ec09e-3088-4405-bd2f-7b43127925f9","827909b2-9448-4ba0-98e4-f38da30a3806","Bryce","Young","49.5","239.6","80","QB26","QB","Carolina Panthers",,
"206d1619-5d28-4c0c-a266-e6d5a674a26f","4817d915-eef0-4ff3-8a53-3652bd6ea36a","Nico","Collins","52.5","208.5","79","WR9","WR","Houston Texans",,
"563b8405-b00b-4439-a950-131525add4f4","a6d5129f-7469-4d59-b74e-3f8b59b977b8","Travis","Etienne Jr.","52.5","189.7","79","RB15","RB","New Orleans Saints",,
"1f181c79-f784-484d-aecc-2b34b0b032dc","df0c7db6-0a74-4343-a31e-0b64e2d6b0ea","Kyren","Williams","53.2","196.0","78","RB16","RB","Los Angeles Rams",,
"86fd2196-de93-4276-b280-93b9ad80a22d","54411227-af25-42c9-9ac5-f740fa220777","George","Pickens","54.7","203.7","78","WR10","WR","Dallas Cowboys",,
"98b79e32-7b44-441e-bc57-2cfad3c3eca3","b3fc6404-a8a0-4475-8276-209e50b74069","Javonte","Williams","55.1","190.8","78","RB17","RB","Dallas Cowboys",,
"05b7a121-6dba-4c60-9bbe-e1b158a0c7b4","8dd3a635-e761-4407-8f30-6b5f8a0b4867","Aaron","Rodgers","55.9","179.0","77","QB27","QB","Pittsburgh Steelers",,
"252b9d0f-32b3-470a-9379-880fad4c3c71","3dc1b1fc-0c07-4f33-ad1b-a0d2fb83edf3","Josh","Jacobs","56.0","188.1","77","RB18","RB","Green Bay Packers",,
"ac909f13-cbbd-4bb8-b12c-fb17ef20413b","87b71b64-5182-4dbf-a04d-10b3a68ec2a6","Rashee","Rice","58.0","185.3","76","WR11","WR","Kansas City Chiefs",,
"0c63bb7f-65a0-4353-8e1b-eba498ee4b29","9e8bc8ee-72ed-4792-acca-d2b744a0b5ba","DeVonta","Smith","59.2","189.2","76","WR12","WR","Philadelphia Eagles",,
"dd8edd06-738e-4eae-902b-a86c5f943ddb","ac512ae7-2edd-458d-9ae5-2b4eb949a3b6","Fernando","Mendoza","59.9","216.2","76","QB28","QB","Las Vegas Raiders",,
"685d4d4b-2c46-4b53-a589-38e607b6dc3f","463ed573-6658-435f-82a4-170352fb6887","Chris","Olave","62.8","189.8","74","WR13","WR","New Orleans Saints",,
"22e949d9-798e-44cb-a4c3-758e607df6cb","cd425d92-c7b7-4da7-87eb-b2aec2f355ac","Cam","Skattebo","63.1","189.5","74","RB19","RB","New York Giants",,
"75decc7f-7c59-4f62-b008-318c9335853a","0c2fb25a-641d-4a25-ab43-3d440da57be3","Geno","Smith","64.4","230.5","74","QB29","QB","New York Jets",,
"ce738346-fa11-47c8-983e-b5b1f25a6fcf","7366cd9d-f434-4a89-b28c-f121c69f8666","David","Montgomery","64.5","187.6","74","RB20","RB","Houston Texans",,
"db5069cd-c892-48c6-9e40-c73b84269c64","67d130d9-b76e-4457-b503-f0d139d9c83d","Tee","Higgins","64.7","184.9","74","WR14","WR","Cincinnati Bengals",,
"4ae74c4b-a0f1-4818-b437-47e9ebd0d88c","9e383307-302a-4285-93aa-69bb32de103d","Malik","Nabers","65.2","184.3","73","WR15","WR","New York Giants",,
"b976397d-3bf1-4f18-a53f-657a1695c2c3","08aacfb4-2cf3-4626-9f27-1dbdca661263","Colston","Loveland","66.7","173.4","73","TE3","TE","Chicago Bears",,
"359cfcdd-2d91-48d7-b1ca-1ba95477f0fa","15250a4e-0ec5-44dd-988d-3b556cbc40e9","Zay","Flowers","67.1","189.7","73","WR16","WR","Baltimore Ravens",,
"adff9d88-ec68-4702-a91c-8e52b564e4e3","81ab025b-6000-4620-b4a8-db6c18b98a7c","D'Andre","Swift","67.5","189.2","72","RB21","RB","Chicago Bears",,
"ba428bd4-2073-4817-b74e-db5097f65495","a4fc249b-c776-4926-b8d4-f5a557d337e5","Emeka","Egbuka","69.9","185.5","71","WR17","WR","Tampa Bay Buccaneers",,
"56dce7c7-6a0a-4af9-b851-8ef4fe64f942","d4af82a6-7aea-4dd8-8d40-912051b1d2b8","Tetairoa","McMillan","72.3","182.5","70","WR18","WR","Carolina Panthers",,
"8657cd48-2bc3-4133-985c-e1261f8a569e","f9fdd402-4e4f-4625-b168-0f47634a6b1f","Quinshon","Judkins","72.5","182.0","70","RB22","RB","Cleveland Browns",,
"623fb709-3465-4510-a5f0-a0d37e7afa82","a35e7801-2125-42e2-8acc-1a10ba7e1933","TreVeyon","Henderson","73.8","164.0","70","RB23","RB","New England Patriots",,
"e5852ecf-dec4-4695-95a9-490c324dc00c","8344283b-c062-4719-b8d9-ab751543e329","Bucky","Irving","74.4","183.3","70","RB24","RB","Tampa Bay Buccaneers",,
"250a0364-fd8e-4f4e-9b31-371f86603bb0","63729550-4edb-4bb9-8a4f-2fa66c107b31","Garrett","Wilson","74.9","183.4","69","WR19","WR","New York Jets",,
"c0f1e95c-e022-4fa3-867e-4b9e4e58a081","021635a5-9e24-419c-afe0-4db7f5e2cc2d","Ladd","McConkey","76.5","187.7","69","WR20","WR","Los Angeles Chargers",,
"9bf0d236-e025-4fbf-bc98-c718a84715b4","dcd23250-bfbe-4f79-a5ce-d769546eb4df","Bhayshul","Tuten","76.5","160.8","69","RB25","RB","Jacksonville Jaguars",,
"d2a224f5-2c43-4e18-8ee1-2a9a595aec28","b3574a5a-ee99-43d3-9056-0f9807dab4b2","Jaylen","Waddle","77.2","182.5","68","WR21","WR","Denver Broncos",,
"c0663757-fbb0-48dc-ae14-2fcb83b81d5b","ab4b11fa-c34d-4317-b4b7-bf16fcc678e3","Terry","McLaurin","78.6","178.7","68","WR22","WR","Washington Commanders",,
"afc33e64-4dbf-4203-8389-46e21fe2d7c6","ebed0797-4404-4df7-bb66-1192d89e13d5","Mike","Evans","80.6","185.2","67","WR23","WR","San Francisco 49ers",,
"fba7a9bc-c296-40bd-8905-43c3cbf8f667","bf4e5ec9-fa5f-4dfe-96e7-5a936362ec97","Jadarian","Price","81.3","162.5","67","RB26","RB","Seattle Seahawks",,
"7a740ddd-fb01-4e1c-87c7-c649df6ddb24","56c3ad41-32a6-413e-8cf0-50912b952f92","Davante","Adams","81.5","159.0","67","WR24","WR","Los Angeles Rams",,
"6cb1aa9f-6aa5-4e7d-8074-91de729a9f43","505405b8-19e0-4e74-9c0a-c29e5c8ae1bb","Jacoby","Brissett","81.7","166.0","66","QB30","QB","Arizona Cardinals",,
"6490e362-9085-4324-b0ad-9cd794d3ac3c","45cb8445-7d55-49b1-915d-23f631d8b760","Luther","Burden","82.3","180.0","66","WR25","WR","Chicago Bears",,
"af873eb5-01d9-4012-a844-90c41ee76ed0","991d546e-1d68-4cc6-977e-62286356f087","Jameson","Williams","85.0","176.2","65","WR26","WR","Detroit Lions",,
"ddbc6d44-8d6e-49ac-8edc-22d1af8d62d8","121cdd7c-b594-425c-864a-365b5e653747","Tony","Pollard","86.5","148.1","64","RB27","RB","Tennessee Titans",,
"f68a57f5-7d0b-4818-a7f7-a4766c07929f","234e0f4b-e7d1-4852-b65a-348ac45f49d6","Tyler","Warren","87.2","159.6","64","TE4","TE","Indianapolis Colts",,
"cae27a83-1cfc-439b-9df6-5fbd68d100a3","c108c752-92fd-491f-94ed-60b0b3cea7d8","Christian","Watson","89.1","176.1","63","WR27","WR","Green Bay Packers",,
"c980d900-49d9-421e-a2f9-bf590ccbe156","290ec831-46e1-4b99-815e-e40a35db0e5a","Jaylen","Warren","90.4","156.6","63","RB28","RB","Pittsburgh Steelers",,
"69edfa64-1aaf-4cae-aeef-e75b94b8b46d","3b5c2580-e73e-4222-8b98-b6dc14690e73","Rhamondre","Stevenson","91.0","153.8","63","RB29","RB","New England Patriots",,
"25b7bd65-934d-42ed-a1c4-4529bad1c3a9","a98ff9f4-f919-47e4-9f24-40c36ca9d537","Chuba","Hubbard","91.4","150.4","62","RB30","RB","Carolina Panthers",,
"650117eb-6a66-407b-970d-74839397e70b","d3bfa7f1-2be2-4bbb-8d13-c1a8010eeb9a","Tua","Tagovailoa","91.9","137.9","62","QB31","QB","Atlanta Falcons",,
"16ac952f-b772-4db8-98ba-3d04bc1112a8","33b215dc-3bf9-450d-8e9b-58281339235a","Carnell","Tate","93.3","154.8","62","WR28","WR","Tennessee Titans",,
"af95aa85-b17d-45d4-a247-6df66d6b7787","6d1e2e6b-00ea-4889-9db1-f6ff25eeb3f1","D.J.","Moore","93.4","149.5","62","WR29","WR","Buffalo Bills",,
"46dc507f-145b-49f8-9a7c-85b17f7f276c","567edce8-cab2-43fc-b082-ed4a653f760d","Rome","Odunze","93.9","173.9","61","WR30","WR","Chicago Bears",,
"93189a40-f7df-49d4-9396-50690c146986","67d430bc-67a8-49e6-8111-27bbab20ecb9","Brian","Thomas","95.7","164.4","61","WR31","WR","Jacksonville Jaguars",,
"dd8ac8ea-460f-4105-9949-e022a51e1aba","92f5879c-865a-45f6-80ad-fb96ff005a28","Rico","Dowdle","97.3","144.1","60","RB31","RB","Pittsburgh Steelers",,
"d4cf8a27-c27e-4544-80ce-688d4cceda7a","1fa16276-37d0-4017-b356-dff85b4bc053","Tucker","Kraft","97.6","140.9","60","TE5","TE","Green Bay Packers",,
"5967b386-f29e-4ecc-850f-7d79002b2ef9","e2cd6f1b-7ee3-4cb8-b12c-f0242452b71c","RJ","Harvey","99.8","127.6","59","RB32","RB","Denver Broncos",,
"2f9b0d0f-1266-4843-b895-6def571a248a","3aa36041-d450-48d1-9a1b-0b5e0381760f","Jordyn","Tyson","100.0","145.6","59","WR32","WR","New Orleans Saints",,
"358e9810-a1d7-4897-b5d1-92834b684190","db0f4c66-62fe-4316-9b9b-a0d5a7d9962a","Marvin","Harrison","101.4","155.2","58","WR33","WR","Arizona Cardinals",,
"131bd882-8592-4fba-b655-1150198018be","7a4958a8-b5af-4294-80c2-ab6131d8c29f","Blake","Corum","101.5","129.8","58","RB33","RB","Los Angeles Rams",,
"f47da747-5ea0-48d1-9ab8-fe9624b16a10","673b7bbe-a111-4948-96ba-bb8e069df441","Kyle","Monangai","104.6","145.1","57","RB34","RB","Chicago Bears",,
"2d5eed2a-fed9-4fac-9ba5-6bece553833f","5c1011d7-af2e-452b-9a72-693329dbcc24","J.K.","Dobbins","105.2","147.2","57","RB35","RB","Denver Broncos",,
"f17ce251-3c4e-40e0-84f1-f7530a94ddd2","d51c264a-047a-4186-8242-bf22173d7880","Michael","Penix","105.8","110.4","56","QB32","QB","Atlanta Falcons",,
"a821785b-3460-4c7f-92bb-55e2de76eec5","df987034-7ce1-4afa-a28b-0bf557793758","Parker","Washington","106.4","174.4","56","WR34","WR","Jacksonville Jaguars",,
"bfbc3161-6d85-4b8a-a295-4957c2e61f0f","9fce5a42-43cc-4cf2-8732-b37153519ea6","DK","Metcalf","106.6","152.3","56","WR35","WR","Pittsburgh Steelers",,
"3b3b820f-f656-4bd0-b086-0166f49a8d00","5f066072-1fb5-4ff2-9ff7-8a187d37204b","Jonathon","Brooks","107.3","110.5","56","RB36","RB","Carolina Panthers",,
"4cce19ba-2c7d-458b-869c-bedd19ef4f92","92fba03a-0598-40a5-90f3-533d03a7bc8e","Harold","Fannin","110.0","143.4","55","TE6","TE","Cleveland Browns",,
"d4be09aa-4eb0-4c83-a4d0-f5142ccaccac","df2846af-31b4-4939-b773-8b58def0fc58","Sam","LaPorta","110.8","158.5","54","TE7","TE","Detroit Lions",,
"13898c54-572c-415f-baa5-bf3f92c7fa3f","01ef3113-2cb7-4121-b98a-0f72e8d4d4e1","Makai","Lemon","110.9","138.5","54","WR36","WR","Philadelphia Eagles",,
"1193583b-ceb3-41de-acbe-d6fa13c6ddca","229b2cf7-ca6c-4394-b7f8-27883fb8abb7","Kenny","Gainwell","112.2","130.8","54","RB37","RB","Tampa Bay Buccaneers",,
"288644cb-32f1-47df-8254-b414135b5820","9d84935b-84bc-465d-9e87-ae8f7af53963","Rachaad","White","112.7","113.1","54","RB38","RB","Washington Commanders",,
"f070c58c-62bf-445a-89ba-7b92eb096a8e","2e423f4b-b5a8-4564-bd49-8e4295a94364","Kyle","Pitts","113.3","138.6","53","TE8","TE","Atlanta Falcons",,
"32228bd1-28aa-48e5-9a36-55efd26c4a4a","a8772039-c773-4703-81b5-ea71e53c56f5","Alec","Pierce","114.4","150.9","53","WR37","WR","Indianapolis Colts",,
"e07552ab-e440-41dd-8aee-22d5163edb97","7131fd51-e10c-4fc8-840c-274f82210d19","Quentin","Johnston","115.1","134.9","53","WR38","WR","Los Angeles Chargers",,
"91300c44-2a19-4e8c-879c-650308b890fe","daefbcd5-dfac-49ac-83d7-2a9e6ec03545","Aaron","Jones","116.2","122.1","52","RB39","RB","Minnesota Vikings",,
"bf39d65b-4fe3-41e2-a5e6-78960a0ba174","6dd797af-0abf-4bb5-82ca-9447147d3e61","Jayden","Reed","119.4","164.6","51","WR39","WR","Green Bay Packers",,
"431b8cb0-7a87-467e-ab96-0ed2cd55b4e7","4520ab4c-d93f-4417-a936-b15379db288b","Deshaun","Watson","120.8","106.1","50","QB33","QB","Cleveland Browns",,
"cdba7bc1-1597-4041-a16d-83b3a9c44d65","b51ef827-ba15-4a30-87f5-1a74d1bd84bf","Courtland","Sutton","120.9","144.8","50","WR40","WR","Denver Broncos",,
"4ce985b2-cd99-4a78-aedf-d861b75caadc","54fa09dc-30db-4625-9a36-95f59589e4a9","Jordan","Mason","121.0","145.7","50","RB40","RB","Minnesota Vikings",,
"baf7c4e7-10be-461c-961d-46e43c5ad62c","8827456d-da1d-4708-92c9-135d3d426795","George","Kittle","122.0","138.3","50","TE9","TE","San Francisco 49ers",,
"215b6138-8f5e-4a91-9af1-a6a3c511f46c","87d1b639-a279-401e-95b0-098ea9d9db28","Chris","Godwin","122.6","139.6","49","WR41","WR","Tampa Bay Buccaneers",,
"35b1671c-4e01-45bd-b7f2-61f221ea2c6d","32029f87-893b-4c4b-b664-80ab8fcea2fd","Jordan","Addison","123.0","141.7","49","WR42","WR","Minnesota Vikings",,
"88183a62-6576-4819-8837-5f51c8d5a861","1edbae01-fd1f-408a-8b46-7365d293ee71","Josh","Downs","124.2","143.4","49","WR43","WR","Indianapolis Colts",,
"a491aa2c-b98c-49dd-9b7e-541cb2f440ea","9ba8d5db-3aa3-4600-98f0-406a1e67bb22","Travis","Kelce","126.8","136.4","48","TE10","TE","Kansas City Chiefs",,
"af936496-43d0-457f-94ec-572a46b88084","7fb56078-28d6-4b57-bd5a-866abdaed3dc","Jacory","Croskey-Merritt","127.0","120.4","48","RB41","RB","Washington Commanders",,
"7b825f98-8e9f-464b-87ae-847ddd2a92d9","ed71a3ff-5dc7-4be6-8ab7-c1a537f0154a","Xavier","Worthy","129.2","136.0","47","WR44","WR","Kansas City Chiefs",,
"0f338326-1df3-4446-a102-accaa9894641","6d848109-6d69-4474-9ab3-76c7f64bafa0","Michael","Pittman Jr.","130.8","136.4","46","WR45","WR","Pittsburgh Steelers",,
"5b3a8fcb-7b6e-4977-95e6-e4399f0a4c2a","0169a966-cf5f-4e6e-8b03-1583650fd6ae","Michael","Wilson","131.4","136.5","46","WR46","WR","Arizona Cardinals",,
"5a7efa18-2086-4bce-bfc2-cd06f3ee1958","43faacd4-c803-448e-a435-acb80a41e65c","Jake","Ferguson","132.0","126.8","45","TE11","TE","Dallas Cowboys",,
"4a56d391-aa70-41ec-a955-23000f5f9fa9","2475b4f9-d810-400a-b463-41b80c7cbd23","Shedeur","Sanders","132.3","101.1","45","QB34","QB","Cleveland Browns",,
"d52ba31d-7b69-4f35-a440-6adec5fda919","a22743b2-363b-43a2-b182-94cff9998b16","Chris","Rodriguez","133.5","127.0","45","RB42","RB","Jacksonville Jaguars",,
"db0b1c65-4bd1-4866-8e3c-37262c67fdee","d69c19b0-4c6f-448a-9690-27f4a4ed54f9","Jakobi","Meyers","134.7","137.3","44","WR47","WR","Jacksonville Jaguars",,
"513ed93b-10ef-4318-b9f6-1fc21d1a5466","38a6f520-27a2-47ae-874d-9a987a118244","Dalton","Kincaid","135.7","130.6","44","TE12","TE","Buffalo Bills",,
"5e13d92c-d93a-4c53-b9e9-ad9bee869ec4","65f31977-db08-47a5-818f-ae5c9365bcfa","Mark","Andrews","135.9","132.5","44","TE13","TE","Baltimore Ravens",,
"76672502-b7e8-4d2f-855a-ded64f712cb5","4365f6e3-bcc9-483e-99ff-33911dca26bb","Tyrone","Tracy","136.4","102.8","44","RB43","RB","New York Giants",,
"f58055c2-d6ab-4e9d-87c1-738baafb35e0","0c0803d6-711a-4685-9ac9-bf339950760c","Dallas","Goedert","139.6","109.5","42","TE14","TE","Philadelphia Eagles",,
"936cbda4-c003-4996-b91a-3460410c725a","24f08af9-cb88-4d00-a1c6-97e4f70f4900","Matthew","Golden","139.9","141.1","42","WR48","WR","Green Bay Packers",,
"9e985e1b-94b8-4b96-9802-42831f4b6ad7","38cb1ed6-2217-4572-bf8c-d19ac47d0c84","Wan'Dale","Robinson","139.9","130.1","42","WR49","WR","Tennessee Titans",,
"1caea0e1-3c7d-401c-a1d4-81c419d11df0","74718924-044a-4783-b786-4ed943de66cb","KC","Concepcion","141.6","129.4","41","WR50","WR","Cleveland Browns",,
"5db55608-34dc-4798-be78-e399f3fb55bc","59c11870-cdb6-4c4f-be1b-92d2fcb98c32","Isaiah","Likely","141.9","126.3","41","TE15","TE","New York Giants",,
"f859ee0a-2a3e-46ae-ab45-b2eb904fa530","5a6752f4-7751-4513-92bd-01a949d07495","Keaton","Mitchell","143.1","89.9","41","RB44","RB","Los Angeles Chargers",,
"73de75e5-47a2-4af5-8748-55d99afa8cd4","8787ffdd-7fc0-4f90-9f40-c1ab2e7692fe","Romeo","Doubs","145.6","132.7","40","WR51","WR","New England Patriots",,
"28d014b8-ef62-4413-9839-dfbc3d52b2b9","228a3bf6-f9f3-412c-afe0-5768c4d03c49","Khalil","Shakir","145.8","132.0","40","WR52","WR","Buffalo Bills",,
"afb68df3-ca2e-4ad4-8ba4-19f60f55f510","2deeea66-db9c-437b-b599-b02ef161300a","Woody","Marks","147.3","76.3","39","RB45","RB","Houston Texans",,
"58fe2a42-f733-4909-aea0-774ac5f67e61","db99b2e0-ad8a-48a4-96cb-a7d5f4f57661","Kirk","Cousins","149.9","43.2","38","QB35","QB","Las Vegas Raiders",,
"1b98f36b-fafe-4ca6-b79c-6d3ae231ea64","05b708b9-ec27-4b6c-a485-5b2994b1a5f3","Chig","Okonkwo","150.2","113.6","38","TE16","TE","Washington Commanders",,
"36b62f95-3065-4c93-b02d-93c1aee13c17","973016cb-4a6c-4d97-af8d-4290ab80808b","Jayden","Higgins","150.5","136.9","38","WR53","WR","Houston Texans",,
"9bc43c28-5b2a-438c-b712-fc40f1f6b8e4","131ac51c-0a71-4843-980c-1772cc069a3c","Isiah","Pacheco","152.2","50.6","37","RB46","RB","Detroit Lions",,
"12d3a2d0-fd14-42f8-97d8-6796e72bd538","5a3633f7-36fb-425a-aaed-15fd24ecc5b0","Jalen","Coker","152.8","135.9","37","WR54","WR","Carolina Panthers",,
"e0565d1a-4a65-4b95-b426-bafa4c3ff7bf","25ea41e7-0529-48c6-ba65-7648bb7f9ed2","Stefon","Diggs","154.3","132.0","36","WR55","WR","Washington Commanders",,
"8f427bbc-f721-4f0e-a712-143cc0e4885b","0cfbf2b0-dfb3-4a9b-a0be-cf397faecd4e","Oronde","Gadsden","154.5","113.8","36","TE17","TE","Los Angeles Chargers",,
"54b68190-229a-41ac-a60f-f1b12d47ea9f","46128737-06bc-495b-8126-938ec626bec7","Rashid","Shaheed","154.6","117.6","36","WR56","WR","Seattle Seahawks",,
"6f3cc914-4c7b-4ba5-b14b-f9ba415b6c52","c45eb3b7-6eee-4d80-82d6-4aaec07940fc","Tyler","Allgeier","156.2","67.4","35","RB47","RB","Arizona Cardinals",,
"f15ccb8b-03f2-4ddc-9d6f-fbb39c8725e6","e5aeabde-d364-4374-a15d-10016ac5740d","Tyjae","Spears","157.5","99.1","35","RB48","RB","Tennessee Titans",,
"b9de151d-afb7-4843-a1d4-bbe3d4ae7c8a","eb53171b-5140-4f97-b2d2-d93220a4235d","Carson","Beck","158.3","56.9","35","QB36","QB","Arizona Cardinals",,
"317f7b08-2c38-4608-a4c8-9331d0d40145","e016929c-04f5-4b22-955d-71008f06894e","Hunter","Henry","158.5","124.5","34","TE18","TE","New England Patriots",,
"9baad046-dc08-48ee-9eb1-c903ad0fbb89","127d73f9-7548-4399-8b5d-7ed7ac9770f7","Brenton","Strange","159.5","129.5","34","TE19","TE","Jacksonville Jaguars",,
"40ba285b-44c4-4497-aa86-3b3e5c25179e","2f7ab04c-3b04-4874-be0e-2a7ea0c59788","Juwan","Johnson","161.5","109.6","33","TE20","TE","New Orleans Saints",,
"728d8fe7-e1f6-4b43-8275-25ce9d79dbf2","a611865a-cebc-4504-9477-6b69484480b1","Travis","Hunter","164.5","79.1","32","WR57","WR","Jacksonville Jaguars",,
"06eb281d-cd1f-4504-9018-ba78e96a71c6","2362da81-1c77-4e2d-8931-0817d6e7ab96","Omar","Cooper","164.7","104.6","32","WR58","WR","New York Jets",,
"09a779e8-b74f-448e-a142-13e393564866","099bec12-b139-461d-864a-fb167ed7302b","Zach","Charbonnet","165.9","63.7","31","RB49","RB","Seattle Seahawks",,
"55339e46-2096-40f6-87aa-23251e653496","03826128-13cd-4ea6-8b5f-911aa427db82","Kenyon","Sadiq","166.0","105.1","31","TE21","TE","New York Jets",,
"87d9e2f1-3dec-49ae-9150-c061afc34ca8","818c7c7e-8c31-4b4b-b204-6dac4097ddde","Dylan","Sampson","166.7","79.2","31","RB50","RB","Cleveland Browns",,
"286be135-aaa9-48d3-bdb7-0ab30007e9c6","f2bbb3ca-c4ef-4da4-9075-49459af27f17","Jonah","Coleman","166.9","60.9","31","RB51","RB","Denver Broncos",,
"25f15a80-7642-4712-8ea8-5e6084cf2b16","3c4ff83e-69d7-45f8-bee0-710b536c97bb","Jalen","Nailor","167.1","107.6","31","WR59","WR","Las Vegas Raiders",,
"c919ab8c-bd99-43b8-b9aa-b6e2c457aa68","63374c3e-26cc-4d22-a77a-e29b8f5b2f4a","Brian","Robinson","169.2","63.4","30","RB52","RB","Atlanta Falcons",,
"5c295beb-6ba1-4ef0-aa36-5617d2c37a01","11ad3ad9-0bc5-44a1-9da5-0bebd7b3f841","Tank","Bigsby","169.9","63.2","30","RB53","RB","Philadelphia Eagles",,
"73b7a7a4-7502-4454-9060-1ea871e04477","e861f743-837a-47dd-a2a9-de23d4e7e363","Dalton","Schultz","171.2","106.0","29","TE22","TE","Houston Texans",,
"55062e54-249e-4ef1-b034-45631cb93587","cc542526-a1a8-4945-9780-3b7228a62322","Alvin","Kamara","171.7","55.0","29","RB54","RB","New Orleans Saints",,
"bdbdffc9-077c-4c13-8eb1-4d20d0083726","5b2de9a5-923a-4dc8-9685-024e784b7856","Jalen","McMillan","173.4","105.4","28","WR60","WR","Tampa Bay Buccaneers",,
"978eb3f7-4b1d-4ffe-af40-0c87a98d053c","660a9e72-4fc7-442d-ba62-257dbab39568","T.J.","Hockenson","173.5","122.0","28","TE23","TE","Minnesota Vikings",,
"83d72f52-f7ff-4f2c-93be-285a6b437178","6d43b896-92a0-4ffd-8fe2-4a2ec2346e39","Tre","Tucker","174.6","91.8","28","WR61","WR","Las Vegas Raiders",,
"2bff704d-27a3-4fe4-b222-3cd11a92c518","0e487aba-7a3e-4c33-a217-7b8214164f68","Denzel","Boston","174.8","99.9","28","WR62","WR","Cleveland Browns",,
"6e38c7d4-b357-44af-8fe8-03b5bf197218","dd273516-3785-4d4f-a957-150461f787a0","AJ","Barner","177.4","113.4","27","TE24","TE","Seattle Seahawks",,
"f74d360d-06c6-47de-8d95-e354570baa4f","189fd1e2-d3d5-49d1-a63b-4f8fcfbd3e77","Jauan","Jennings","179.4","86.2","26","WR63","WR","Minnesota Vikings",,
"05da00c2-9df4-43a9-ae0b-ee1741fc926b","b7049f98-05b2-4dfe-8360-1fc8ec54e7ab","De'Zhaun","Stribling","179.8","105.4","26","WR64","WR","San Francisco 49ers",,
"ebbc460a-7daf-44eb-9f96-ea32c9637b44","a1f12aed-71f4-48b3-b719-30631f9972b8","Gunnar","Helm","180.2","101.8","25","TE25","TE","Tennessee Titans",,
"d0abd113-e4b1-4638-8f87-99a502582451","620f78f4-a38c-491d-9088-2a7b9e5dbbae","Sean","Tucker","180.9","50.5","25","RB55","RB","Tampa Bay Buccaneers",,
"541ac457-067f-4736-9df6-e310917241a9","87a920c7-894f-465b-b39c-fe9d3cb6a9a2","Deebo","Samuel","181.2","129.7","25","WR65","WR","San Francisco 49ers",,
"8a5c9a20-fdd5-4388-abf5-3ff6d514763e","5e0c67b2-cb4c-4383-a84b-bd80f174e9fe","Ryan","Flournoy","182.9","97.7","24","WR66","WR","Dallas Cowboys",,
"ff17edea-e9a3-4526-89a8-ecbe37f3ead8","fd3dce46-3c38-4ad4-bfc1-b72fad7ef755","Cade","Otton","185.2","100.0","23","TE26","TE","Tampa Bay Buccaneers",,
"56652781-16c8-416b-8714-fb53ac350ad5","6e4e0254-03c3-4541-9481-356b99453e96","Greg","Dulcich","185.6","87.4","23","TE27","TE","Miami Dolphins",,
"6c26fc75-1d4c-4e7b-b18c-c0402ca2429c","37bb3be4-4043-42ed-aad7-caf2a81cce4d","Tre'","Harris","187.2","93.4","22","WR67","WR","Los Angeles Chargers",,
"7c8ae4da-2275-4f94-9427-e6200ba0b9ea","c81a2399-eea5-4090-b0e8-c964eb7d5f13","Terrance","Ferguson","187.6","71.5","22","TE28","TE","Los Angeles Rams",,
"1c5c872f-4b11-462c-9ad3-93d9d62cc728","dfa3872f-0520-4e6e-bdb2-f5aa262ae1e8","Ray","Davis","187.8","60.6","22","RB56","RB","Buffalo Bills",,
"7d6efd0c-3b9b-42c2-a923-ef4d125bf548","73b6a0c7-2d10-4db6-920e-f0789a215f3c","MarShawn","Lloyd","187.9","48.3","22","RB57","RB","Green Bay Packers",,
"77009c4f-692e-47bf-9781-e02789e88e3a","2977afd9-0a50-4190-bcb4-d26f0df7dc55","Pat","Freiermuth","189.9","102.9","21","TE29","TE","Pittsburgh Steelers",,
"301adc17-417c-4998-beac-e6430997fcae","2aa9b28a-eb13-43b2-a933-582d438d5d79","Isaac","TeSlaa","191.3","88.9","21","WR68","WR","Detroit Lions",,
"56ebd6a2-c66e-4b9b-9b98-4037e3d6f63b","ed20073d-5c60-415b-92b7-e50da2942e8e","Emmett","Johnson","191.4","61.2","21","RB58","RB","Kansas City Chiefs",,
"157bb056-e046-4683-bc36-ee21b63306ed","89dc23ee-f751-477d-84a7-f330711ee432","Adonai","Mitchell","192.7","80.8","20","WR69","WR","New York Jets",,
"952642e3-ee4a-4502-a29b-efc8a4fe333c","4f83f1e4-dec6-4a48-8f7f-645cd3aead25","Jaydon","Blue","194.2","41.4","20","RB59","RB","Dallas Cowboys",,
"7e204100-a2b6-401a-995e-3b58acf5b703","6081005f-45de-474b-87a3-2b74cd21f9b9","Jerry","Jeudy","195.0","98.1","19","WR70","WR","Cleveland Browns",,
"fe1c966f-69e3-48b4-a098-2d749601b49b","d016873c-23d2-4635-b85e-0c23dd393745","Kaytron","Allen","196.3","43.9","19","RB60","RB","Washington Commanders",,
"05fb9e50-1c4b-4b1a-8816-5f05482ddcd5","f2740eb1-6ae5-4bbb-bb60-24d2fa0526ed","Antonio","Williams","197.7","61.2","18","WR71","WR","Washington Commanders",,
"075ee210-102d-4df6-b42f-5f7d5337a6e3","73389d1d-6289-4051-8380-4cf939e41562","Germie","Bernard","202.0","80.9","16","WR72","WR","Pittsburgh Steelers",,
"cc624137-de68-42fd-b688-8bb8aac4e199","76bcf23d-03fe-4a55-891a-7bdef70922bc","Calvin","Ridley","202.3","63.8","16","WR73","WR","Tennessee Titans",,
"46c4f2bd-1790-45cf-88c1-47f92bd16dd9","c90b38e6-7442-4df2-9144-b01f0b127690","Zachariah","Branch","203.4","82.1","16","WR74","WR","Atlanta Falcons",,
"244fddf8-7c89-4543-9b74-dde793aaba16","5abb3ca4-4a11-4f1c-8428-0b48b1b251fd","Braelon","Allen","203.7","47.2","16","RB61","RB","New York Jets",,
"bd1d4440-e6eb-41e8-884a-9ac0c1825932","da1f257c-ac6f-4146-988a-e0d417ac1cda","Mike","Gesicki","205.7","83.9","15","TE30","TE","Cincinnati Bengals",,
"b4fe3a4d-b0b7-4021-8d8f-62920dc965cf","7401f3d7-db5f-493d-8bcb-1624b703fa9c","Dontayvion","Wicks","206.7","57.4","14","WR75","WR","Philadelphia Eagles",,
"17e3bbe0-224c-4dfc-afb6-f56be3e9a823","fad2e7fb-57b1-41e7-9706-79f12bc3079a","Mike","Washington","207.7","57.5","14","RB62","RB","Las Vegas Raiders",,
"622e92a6-34b4-4dbd-839e-08117537cc16","65a3b00f-0be9-4652-b7ce-d1d29816945d","Tank","Dell","208.6","57.4","14","WR76","WR","Houston Texans",,
"852abd54-604b-4a79-97a3-ccad96f4d744","cc2d5397-aa26-4ca6-956c-7f5816a1671d","J.J.","McCarthy","209.2","19.6","13","QB37","QB","Minnesota Vikings",,
"59c4677f-4393-4b0c-99bf-06bc898503da","b7cf7500-bfc8-4946-acfe-ee405028d729","Malik","Washington","209.8","82.2","13","WR77","WR","Miami Dolphins",,
"1a311ace-d3e8-4833-bc3c-29d14ba6ff45","70d65d13-9358-4c4b-ac00-117ce130ec9b","George","Holani","210.4","23.2","13","RB63","RB","Seattle Seahawks",,
"6a313b10-fbe7-4e6c-8483-7dc435264944","c7d94033-423f-480f-99ca-c1565a50986e","Colby","Parkinson","210.5","63.8","13","TE31","TE","Los Angeles Rams",,
"be8705a7-fc99-470d-b865-c8c6f3b9721d","5d7ad076-721d-457c-9ca8-fc7d101e8929","Kaelon","Black","211.7","39.3","12","RB64","RB","San Francisco 49ers",,
"1abf386a-cbcf-472e-969d-dd74f320ebac","2794fcda-9cdf-4410-b9fc-35ec27259244","Nicholas","Singleton","212.2","59.7","12","RB65","RB","Tennessee Titans",,
"3addafec-45d0-4129-8e91-a6dcf6d5b8c1","c4c49dad-3c20-410f-8c09-b21d391f8cee","Jordan","James","217.0","54.2","10","RB66","RB","San Francisco 49ers",,
"d6fc24dc-d643-40a9-92a1-86ca862c565f","98f32b6f-5f4a-45d6-bc4e-88b81edc0850","Pat","Bryant","217.3","78.9","10","WR78","WR","Denver Broncos",,
"cc05fa3a-8576-4179-a189-b025e4c5fcf1","3c2cc03f-efb2-4906-83dc-29730d41a049","Kayshon","Boutte","219.2","79.1","9","WR79","WR","New England Patriots",,
"fe1e9888-e37d-4013-b2e6-36147cf59dbb","04bce5b2-4670-430c-a46c-e8341cf4b773","Ted","Hurst","219.4","79.9","9","WR80","WR","Tampa Bay Buccaneers",,
"9e0a10f9-6397-4eac-804b-1b76d07d784f","aff41efa-823a-4bf3-b4bc-4d197adf9e50","Evan","Engram","219.5","55.2","9","TE32","TE","Denver Broncos",,
"ce8d3a10-5aad-4abc-ac77-d05a613b9644","c30a3a40-ba8b-4a16-b425-a5665aa3c8d9","Justice","Hill","220.4","55.7","9","RB67","RB","Baltimore Ravens",,
"955b0806-6a73-430d-88d5-be60ce6fd399","c6267b47-17a5-442b-8a98-f537bab7ebec","Kimani","Vidal","220.6","53.0","9","RB68","RB","Los Angeles Chargers",,
"a39834c0-d374-4f24-b5ba-970bcdb97713","d74acd73-504a-4c9b-8aa6-fe602de560a8","Keenan","Allen","220.8","0.0","9","WR81","WR",,,
"5d7901f7-a28f-4b07-8af1-9df4dc664522","483cd6ba-5233-4bf9-b586-51b4a9524d49","Eli","Stowers","222.4","65.9","8","TE33","TE","Philadelphia Eagles",,
"d9a55de3-284d-40f2-a6bc-b8221cd27b8a","dd91cacf-e0a3-4032-9efc-7bc59b150c96","Mac","Jones","222.9","28.7","8","QB38","QB","San Francisco 49ers",,
"905a553d-28f2-4df6-8969-755949dec483","c5719ef0-3dcc-4740-84af-ef600d160bd9","Cooper","Kupp","223.5","70.4","7","WR82","WR","Seattle Seahawks",,
"d2072af3-3dc2-4698-bd73-18a8f78ead13","274d03dc-35b3-4163-b7a7-1088b19b84cf","Darnell","Mooney","224.4","49.1","7","WR83","WR","New York Giants",,
"f652879f-875b-49b4-933b-295645d6e8f1","61237872-a193-4bb5-971e-495b5cf7147d","Cyrus","Allen","224.6","30.2","7","WR84","WR","Kansas City Chiefs",,
"26d7ba3c-9b5c-4847-9706-a0cd98ef4372","7212c057-c051-453d-a287-2c16dcd6781d","Rashod","Bateman","225.2","70.1","7","WR85","WR","Baltimore Ravens",,
"a4a61d0f-7f65-4b3d-bfab-07ac55514063","cb8bec1b-404b-4f9b-9838-4034dbc9f106","Demond","Claiborne","225.5","31.0","7","RB69","RB","Minnesota Vikings",,
"3b114642-644c-43aa-b71b-a12dc5b81cf7","cee10b9d-7ede-4a61-abf6-cfff4b4e180e","Darnell","Washington","227.1","71.4","6","TE34","TE","Pittsburgh Steelers",,
"a93548c6-8e51-42b2-ab0e-ce1044f14068","fe9a52e1-671b-41d1-b2ce-0a515dc65796","Michael","Mayer","227.1","63.8","6","TE35","TE","Las Vegas Raiders",,
"a19d329f-181d-4dca-b3ac-f929643166fd","9d7702cf-633a-4956-a171-67db1e9d74a1","Charlie","Kolar","227.9","30.4","6","TE36","TE","Los Angeles Chargers",,
"a36ff6a4-fb11-4bb7-95c3-54d8bef7d899","51fa7a91-93c6-4aa5-bf9c-1347f419b995","Tyquan","Thornton","228.7","52.6","5","WR86","WR","Kansas City Chiefs",,
"be9e67a6-1c7f-4b89-913d-706f9aebb7e5","e266143f-5690-45c2-b860-b70553d2f014","Elijah","Sarratt","230.7","73.1","4","WR87","WR","Baltimore Ravens",,
"9bce1d8b-358b-4196-9499-a27bd3d71017","5156f6c4-c6f4-436b-8e99-c9a74919f4d0","James","Conner","231.4","53.7","4","RB70","RB","Arizona Cardinals",,
"426d3ecb-112d-4b30-b412-0b4000b1c975","eb8ed468-74f8-4713-aac4-7280c3e3dbcf","Ja'Kobi","Lane","232.6","74.1","4","WR88","WR","Baltimore Ravens",,
"51d95397-b595-49e5-a508-68bd79a73de3","2af626f5-ea50-41c5-a7ce-5aabdbb97d60","DJ","Giddens","233.2","27.0","3","RB71","RB","Indianapolis Colts",,
"c9024ebc-51c6-4653-bddb-4be0f62ca34f","b051fda9-3b0a-4535-8831-555fd2e0172a","Ty","Johnson","234.0","47.3","3","RB72","RB","Buffalo Bills",,
"32f6baa2-5011-46b7-b133-9388ae6fab21","54854ab0-6688-41b5-9f5b-4c7bb6ea5b62","Samaje","Perine","234.2","51.6","3","RB73","RB","Cincinnati Bengals",,
"d4b41f22-9258-4ea0-8f97-81e842d2f7bb","556a7c29-a17d-4660-a21a-8d9406502fe1","Emanuel","Wilson","234.2","51.0","3","RB74","RB","Seattle Seahawks",,
"c235ecc4-9d71-4697-884e-6ddd000d921f","ad13bb4d-2b58-4eb2-b914-c38cebcc21ec","Jameis","Winston","234.3","12.9","3","QB39","QB","New York Giants",,
"baffaf52-a964-40ed-ab73-f745ef2e2d46","53abb812-7fc9-49d8-b26d-c46d9254e7e0","Isaiah","Davis","234.8","54.0","3","RB75","RB","New York Jets",,
"144b0156-25b0-4f90-94a9-b3ac8af06047","d91fab35-c660-4340-be36-6300bce92d69","Justin","Fields","234.9","36.7","3","QB40","QB","Kansas City Chiefs",,
"a11fed25-3093-4c4d-a8bf-b72eabf44be2","17f8f4db-0b38-48ff-b9e3-a42af0fc3aa2","Christian","Kirk","235.3","36.9","2","WR89","WR","San Francisco 49ers",,
"c45c6764-76d7-4699-89be-1ea1223e385c","40fd7bdd-746a-4a5d-a68c-12981e24b28e","David","Njoku","235.4","64.2","2","TE37","TE","Los Angeles Chargers",,
"4d4a06da-7a9c-4176-9ea0-222228254a37","12955b39-c44d-41b4-8a6b-2c4990413acf","Caleb","Douglas","236.1","26.5","2","WR90","WR","Miami Dolphins",,
"c31386b0-c7c5-4c2d-bf3c-4fd19e78585b","b426553f-ac96-43b5-a608-8f9ae93fe3ae","Malachi","Fields","236.4","67.6","2","WR91","WR","New York Giants",,
"da564094-2053-4e34-8321-e09894337043","b18ac210-a3e4-4785-8dd8-c712ac1d9819","Keon","Coleman","236.5","31.8","2","WR92","WR","Buffalo Bills",,
"cdf326b5-82d4-42fb-8d7c-3d695722efa3","06b8ec36-1e24-493d-8a1b-f8c9d0b68b28","Jake","Tonges","236.6","55.8","2","TE38","TE","San Francisco 49ers",,
"36e5937f-7843-470d-bce7-03a84be9a105","210f4a16-ccbe-44eb-a85e-a36c74493f76","Jaylen","Wright","236.6","41.1","2","RB76","RB","Miami Dolphins",,
"3e2eca0c-c29e-4176-b185-2f1a64d5b000","74e3f97f-566e-4a21-ac82-f176da0b77df","Erick","All","237.2","0.0","2","TE39","TE","Cincinnati Bengals",,
"171a8d59-1fb1-404a-9af7-22a41d6cf179","251167b7-c979-4c25-8634-e0850e90409c","Cade","Klubnik","237.5","24.0","2","QB41","QB","New York Jets",,
"ae7074cb-0218-4528-b81c-9ac8cb95227f","da6fd68c-1e09-44b8-b4a9-43eefef7769a","Xavier","Legette","237.5","54.0","2","WR93","WR","Carolina Panthers",,
"ccebea76-9870-4327-9c8b-bb29fc6984be","eb73db58-a2c6-4493-8ebc-d32ef72f00cd","Devaughn","Vele","237.5","74.5","2","WR94","WR","New Orleans Saints",,
"1f9ecd22-5454-4d06-b948-010cf5daf807","6ad9ab0b-85ec-4e78-8a6d-b04322d04a84","Tory","Horton","237.6","76.5","2","WR95","WR","Seattle Seahawks",,
"26655b2e-b5e6-494a-801f-327fdb06c510","eaba77da-92c7-465f-93b1-be92b595a02b","Ollie","Gordon","237.8","21.7","1","RB77","RB","Miami Dolphins",,
"083b54ab-d310-4773-8057-96656dfdec0a","5c996508-9376-4649-a340-dca1b4325dac","Andrei","Iosivas","237.9","75.3","1","WR96","WR","Cincinnati Bengals",,
"e4a2f014-0923-43c6-8ef3-37ef031a5397","f03c4ce7-ce1d-4ebe-aa83-333226706eca","Trey","Benson","237.9","27.7","1","RB78","RB","Arizona Cardinals",,
"4073928a-0979-42fb-bbdd-7a06b0dc6fca","b2355d99-f555-4e51-b303-911afe6de613","Troy","Franklin","237.9","70.6","1","WR97","WR","Denver Broncos",,
"9339e859-fa31-4dec-8dca-2fcfaa23a387","5b561cfb-843a-442a-8cb8-1953c3f7aaef","Jahan","Dotson","238.0","52.4","1","WR98","WR","Atlanta Falcons",,
"63ce79c5-9618-48a8-aa45-601f2cf40094","360552c2-774e-4ebe-8f1c-a33d5bdb3365","Joe","Flacco","238.1","28.7","1","QB42","QB","Cincinnati Bengals",,
"7b32974f-0590-493a-855b-82684c67170b","64aa98a7-b359-4597-84f7-affa2d6dc720","Jalen","Tolbert","238.1","27.7","1","WR99","WR","Miami Dolphins",,
"cebbac23-20fc-44bf-9ff6-7ce248b1ed24","8420d79d-57f3-4296-90df-0edd9d78ab7b","Jaylin","Noel","238.2","67.4","1","WR100","WR","Houston Texans",,
"15efeb9b-b3a3-45c9-bdf7-4122050f93d7","24cb1ed2-c224-4bc8-9514-d9e809ffb803","LeQuint","Allen","238.2","47.2","1","RB79","RB","Jacksonville Jaguars",,
"9d1e185f-55ec-4afe-b9ae-ec1c5a557e12","79320ee3-7596-461c-8080-118ecf7cba77","Ja'Tavion","Sanders","238.2","29.3","1","TE40","TE","Carolina Panthers",,
"50632a89-62dc-466f-9fc1-edb53746a61f","2d216fff-284d-4e8b-be0d-466e8dac63ca","Eli","Raridon","238.2","26.0","1","TE40","TE","New England Patriots",,
"97d42d24-4429-4553-9340-0ab50c28d50a","93c47d61-ed85-444e-82ce-ae7e28dbea3e","Dawson","Knox","238.4","62.4","1","TE42","TE","Buffalo Bills",,
"b5cbd0ac-ce01-4e0b-b9e6-1ffe4b5cff55","cae68b99-a9fb-4c87-afb5-7040a6e4ff9b","Taylen","Green","238.5","32.3","1","QB43","QB","Cleveland Browns",,
"c5560c11-a5bb-436c-9a79-09d890b8d528","1cdc8a84-3a59-46aa-b43f-c7e84768099b","Theo","Johnson","238.6","61.5","1","TE43","TE","New York Giants",,
"966032c8-9dde-4ca6-8554-4e16261ef0ba","9ac7f561-3d24-45aa-9773-36387ae241e0","Chris","Bell","238.9","74.7","1","WR101","WR","Miami Dolphins",,
"d2520d8b-01dd-459b-b22a-adfeca42cdcf","22b7ee23-cb3a-4d47-af90-a369c693e934","Anthony","Richardson","238.9","21.3","1","QB44","QB","Indianapolis Colts",,
"d3143b6d-6ca6-4b10-925a-6ca16cc29ea1","dfb6a448-33eb-4fb4-aaf8-8e9f29e36039","Tutu","Atwell","238.9","28.2","1","WR102","WR","Miami Dolphins",,
"36729e05-5e53-4100-a313-7dce974da18b","ce5777ea-37e2-4dda-8cb7-1ea87881540d","Jack","Bech","239.2","71.7","1","WR103","WR","Las Vegas Raiders",,
"2f75519e-abbe-4577-9f7f-175114949493","d4876b19-e62c-4847-91e9-005b43213ee5","Mason","Taylor","239.2","60.8","1","TE44","TE","New York Jets",,
"a08e86e3-ef0e-4a4e-8212-a7a790354e24","3268cb32-1bbf-46ec-9f83-516a7bb8d88d","Zavion","Thomas","239.2","47.2","1","WR103","WR","Chicago Bears",,
"744eab34-a25f-478e-966a-feb83d8f8bed","db3719e9-05e4-4794-bbb9-21536c06cd9f","Justin","Joly","239.2","46.5","1","TE44","TE","Denver Broncos",,
"f5cf21c2-1b81-4ae8-ac56-2581b70a7fc1","175b1ba2-1909-4dd9-be0f-5bd84b210a60","Skyler","Bell","239.2","76.2","1","WR105","WR","Buffalo Bills",,
"0ec1c2b9-bbea-48ce-9ca5-1981188da2d0","7a6f8d16-b8c1-49bd-a548-424086c62564","Seth","McGowan","239.2","32.8","1","RB80","RB","Indianapolis Colts",,
"8101bee3-4ec7-43c8-8e1e-8da51638d6a5","a843724e-65ce-429f-8ca8-0c3107a64c47","Darren","Waller","239.2","0.0","1","TE46","TE",,,
"11208dd2-de80-421b-aa10-5648f07985e9","06c716c4-808a-4e8a-9630-a379315ef34d","Kendrick","Bourne","239.4","57.3","1","WR106","WR","Arizona Cardinals",,
"ed0994a8-3538-4c95-9144-6aa3cf2ba644","6cd5bf09-3b66-4640-87e4-e532c0c7b175","Malik","Davis","239.4","30.7","1","RB81","RB","Dallas Cowboys",,
"2ec23593-ecbb-4e31-b8b2-9ab79ac1116b","5fb5d84e-ab97-4048-8347-cb2dbf062e61","Gardner","Minshew II","239.4","28.0","1","QB45","QB","Arizona Cardinals",,
"647c487a-398d-49d4-ae85-495331768118","1ba2693b-2bf7-4192-a4d6-493485dccf19","Elijah","Arroyo","239.5","57.7","1","TE47","TE","Seattle Seahawks",,
"6077447d-1a59-4123-a07e-4be0f1f04717","0869b87c-9a45-4bc7-a236-0e3598c32e73","Emari","Demercado","239.5","32.3","1","RB82","RB","Kansas City Chiefs",,
"c0d11c8a-e7ea-454e-b370-61eabbbb677f","ea548612-2932-44bb-b77f-f340cf23c896","Brenen","Thompson","239.5","32.0","1","WR107","WR","Los Angeles Chargers",,
"4cc1d239-a720-4b0d-8055-55d92b1cccb0","a3901a5e-309b-4dc1-b62f-a9e7887ba7a7","Tim","Patrick","239.5","10.7","1","WR107","WR","New York Jets",,
"b7b4879c-2735-48f6-a9b7-110381a0c882","9a5008b9-2fe9-4477-8590-2205f82a337c","KaVontae","Turpin","239.5","63.0","1","WR109","WR","Dallas Cowboys",,
"03724486-5376-4bdd-a2c4-b0fd5e125f46","47af340c-9b41-460c-b622-578bd23fe354","Bryce","Lance","239.5","31.2","1","WR109","WR","New Orleans Saints",,
"b8311a11-b0d2-48d7-9a39-7215825d1fb2","97ee986e-2744-43fe-8fb2-7e787b0ad1a9","Treylon","Burks","239.5","28.8","1","WR109","WR","Washington Commanders",,
"ef497ba5-0637-433a-b2de-5f754ded3903","031e196b-ce1a-4890-93ad-2a7cefedfe5d","Marvin","Mims Jr.","239.6","58.4","1","WR112","WR","Denver Broncos",,
"bbf831f5-4ede-4ae9-bc4b-32b9f577bb11","7202445c-cbea-4c42-a6c0-a5f498e2ff06","Cole","Kmet","239.6","62.7","1","TE48","TE","Chicago Bears",,
"965b1a25-e016-4a9b-9829-3bf1d3a8d5c1","824a3936-fc27-4f96-8c56-7adc402a5509","Hollywood","Brown","239.6","55.0","1","WR113","WR","Philadelphia Eagles",,
"0864e0ea-5710-4c5e-8eff-2094d4ff6a75","df8225e2-d641-4d0b-823f-f9090ea21292","Tyson","Bagent","239.7","12.5","1","QB46","QB","Chicago Bears",,
"603c4f0f-2aff-4b86-85ce-d66177fdf37a","a1ea32e0-20dd-4aa7-9c09-71bc74924a91","Darius","Slayton","239.7","72.6","1","WR114","WR","New York Giants",,
"601fb698-6f29-4ec1-95b8-0ddc4666c8aa","ad3eff63-980d-4fb9-9260-311480d0d8d0","Joe","Milton","239.7","12.4","1","QB47","QB","Dallas Cowboys",,
"25c5567d-bc48-4d82-9f4b-114ef4e4eeff","5b68c1ef-bfea-48c8-8f0e-907edf157946","Malik","Benson","239.7","0.0","1","WR114","WR","Las Vegas Raiders",,
"aee43d4d-5003-47b7-8a11-24ad92557c8a","047d564e-8993-4473-b72c-ab8ecbb1fdbd","Najee","Harris","239.7","0.0","1","RB83","RB",,,
"bf37efaf-d1ee-400d-922d-b9bcf56f798b","6e7a3b66-27e6-4eb1-87c4-731522d32ef6","Brandon","Aiyuk","239.8","41.6","1","WR116","WR","San Francisco 49ers",,
"b38c3ac4-b980-40c8-b9fb-eb36b65b31b4","a47dd560-6054-4631-a6f0-fee5ae1d3903","Elic","Ayomanor","239.9","46.7","1","WR117","WR","Tennessee Titans",,
"90b6e398-1d8e-4cf1-9895-e5101b7a4241","146258da-2441-4e3b-a1fe-6ef9c566806e","Joshua","Palmer","239.9","26.6","1","WR117","WR","Buffalo Bills",,
"1cc0c04a-a5d8-4cbc-b4eb-41b7089d9116","a6a4c9bd-0043-48c6-9237-0987eb2a8b47","Greg","Dortch","239.9","22.7","1","WR117","WR","Detroit Lions",,
"6ead6cb8-6c94-4c7a-b675-0b604fd83a47","97d5e177-0771-41e4-abb7-efcf71b568aa","Phil","Mafah","239.9","5.7","1","RB84","RB","Dallas Cowboys",,
"08ffafb9-571d-4ee9-9a1e-c934b6c84742","18d5e027-fefe-4ed9-bcfc-da8cb61c01b1","Chimere","Dike","239.9","72.4","1","WR120","WR","Tennessee Titans",,
"41f1ddeb-96ea-40ea-94ac-e6bf39ec0365","c424b9c7-775f-4f2c-92e9-99af1b8093b0","Mitchell","Evans","239.9","25.4","1","TE49","TE","Carolina Panthers",,
"1419e9e1-4673-447c-8f95-5ed098e58cb4","83e72a8e-fb32-4450-bf5a-04070626c19e","Tai","Felton","239.9","24.2","1","WR120","WR","Minnesota Vikings",,
"453bc0e9-02d8-4bf8-ba84-b23762f4850e","74f06d39-483d-42ba-b7df-d1612602ac66","Ty","Simpson","239.9","13.6","1","QB48","QB","Los Angeles Rams",,
"96263c39-b265-40df-a944-e2d202b1ae17","153696a9-1fbb-4205-b382-2813daac42df","Nick","Westbrook-Ikhine","240.0","22.2","1","WR122","WR","Indianapolis Colts",,
"e8b901e6-6bdf-4c1c-96b1-9e540696e243","e869931d-488d-4a8d-908c-b89e8d83a4e9","Isaiah","Bond","240.0","58.8","1","WR123","WR","Cleveland Browns",,
"de1d8f35-cde2-4419-a5e1-dc2bf344f675","35d179b2-7591-4942-b63c-fbeeb80bd415","Adam","Randall","240.0","26.1","1","RB85","RB","Baltimore Ravens",,
"29cde144-5951-4d12-b45d-eb1425e17ccf","99915e61-05a3-420b-9414-4b7cc5dec39a","Olamide","Zaccheaus","-","60.8","1",,"WR","Atlanta Falcons",,
"bda07cc6-a5b9-47ba-8546-08444e951bf7","b181f433-8f54-47cb-9bfd-d0ccbd906704","Theo","Wease","-","55.1","1",,"WR","Miami Dolphins",,
"19b2bf3e-dc0e-4108-a7c0-ba45adfdfdf7","63e60cc6-a2c2-40dd-93ab-72e0faac9083","Mack","Hollins","-","49.4","1",,"WR","New England Patriots",,
"8faab8af-c1b1-4ef2-bf45-1a2fb98e04f9","03b5560b-9a42-40c5-99db-d697c5ec7fa9","DeMario","Douglas","-","49.3","1",,"WR","New England Patriots",,
"53f60feb-47b5-48bf-bd71-d6ab2305496e","3b52bb3e-e968-4cee-a97d-940152a485c6","Chris","Brooks","-","49.3","1",,"RB","Green Bay Packers",,
"22a11347-bd15-4342-b694-a75a6045a306","18eda942-efb4-4a9a-916a-ca718e01e315","Will","Kacmarek","-","49.1","1",,"TE","Miami Dolphins",,
"5409e266-360e-4e77-a3c5-8e3702347d69","3d2e5fa4-acf2-4036-89c8-077f0f2fbaa6","Josh","Cameron","-","49.1","1",,"WR","Jacksonville Jaguars",,
"fa491f8a-fffc-47a2-94bf-e3bc6b72e882","60875711-004e-44b6-b5e6-b8e023b2ed63","Noah","Gray","-","47.1","1",,"TE","Kansas City Chiefs",,
"97a5693f-e656-413e-95c1-f39da34804be","67094292-2832-4cd4-93b9-541c58b343bc","Joe","Royer","-","46.3","1",,"TE","Cleveland Browns",,
"086adcd2-3b91-4ad3-a9ca-b83f4891f045","90afc2b7-44f3-4865-ae3f-2995a09e923d","Max","Klare","-","45.1","1",,"TE","Los Angeles Rams",,
"7435ee87-1b23-4284-9d26-af4044e631d4","5a177f4c-a65e-418d-83ff-d1ad01527116","Jack","Endries","-","42.8","1",,"TE","Cincinnati Bengals",,
"0eef8f5b-7dff-45e7-b9c5-3654225a9ecc","e6ea81a9-a676-4a48-bcbc-2b97cde9e29a","John","Metchie III","-","38.8","1",,"WR","Carolina Panthers",,
"7ae4f509-fb27-4c25-a3a6-7ebde245d5cd","50c1e9a5-e212-4cba-ac23-d8c8084a6b2b","Calvin","Austin III","-","35.4","1",,"WR","New York Giants",,
"21245649-67c7-49d8-9279-16de3ad2a1dc","fc34d072-b799-4255-bc77-c0ad61ba773d","Konata","Mumpfield","-","33.7","1",,"WR","Los Angeles Rams",,
"95880919-7379-42cb-bad0-81df9f1bf852","55d0e0e1-01a7-477d-9771-335ae7614dab","Elijah","Higgins","-","32.9","1",,"TE","Arizona Cardinals",,
"7c442e9e-fe98-44e5-94a0-d26e4507c7f7","c35b6964-a0c4-48c2-9d0d-24bcc1faf218","Rasheen","Ali","-","32.7","1",,"RB","Baltimore Ravens",,
"e85de2a5-52e4-4cd2-bcad-2de25e656fce","310f6ab2-d104-47b0-aeec-4cfb8660c5fb","Jalen","Royals","-","32.7","1",,"WR","Kansas City Chiefs",,
"eb858518-9a97-42cb-b02f-f1b91eb6b21f","128e2e2f-63f1-4629-a74c-1379076d1ff0","Luke","Musgrave","-","32.1","1",,"TE","Green Bay Packers",,
"25faf931-b270-4a83-abfc-9db2a84a0b5d","338badf3-8cae-450f-8b29-1f5592890e1f","CJ","Daniels","-","31.8","1",,"WR","Los Angeles Rams",,
"dcad8c3d-8dc9-47aa-a3a0-cb03b9a97d07","dc551b03-9c78-4796-b578-776208fbebb8","Daniel","Bellinger","-","31.6","1",,"TE","Tennessee Titans",,
"c34c7679-dd9c-493a-a970-259c89395887","c19265ce-22ad-442a-9fa1-57e77f739cc5","Tez","Johnson","-","31.4","1",,"WR","Tampa Bay Buccaneers",,
"7c788ad7-e7f1-400d-9540-7f3086ad1e86","35d8246e-40f3-4465-a67d-f09b6d29f466","Demarcus","Robinson","-","31.1","1",,"WR","San Francisco 49ers",,
"c493b5bc-9f6e-4922-b3f7-90adaea0a783","5f62b3b1-6f8b-4f71-8a23-e4c9df9ddec1","Oscar","Delp","-","30.9","1",,"TE","New Orleans Saints",,
"75540430-a85b-482f-855b-b260a7bb9dba","841390bd-c51e-4068-9ca8-483af19d22cf","Jaylin","Lane","-","30.7","1",,"WR","Washington Commanders",,
"c5892438-95d4-4e9a-b8e8-f7ed8d59a8ca","3dbfc6a5-897d-40fd-abfb-f36db25da8e6","Devin","Neal","-","30.4","1",,"RB","New Orleans Saints",,
"fefd82b3-d2c3-4858-8a65-2902e314be96","9488ee95-2552-4114-9b74-adf434dc6b7b","Kaleb","Johnson","-","29.5","1",,"RB","Pittsburgh Steelers",,
"3b4b388d-f984-45d1-91cc-bf6dc59e9fc8","16b23189-7d4a-48e6-96c3-cf57ccfd2e6f","Derek","Carr","-","29.2","1",,"QB",,,
"795cd1bf-4696-4911-9ff8-ca4fa337c9e3","80be2bb3-d0f1-414c-bedb-9f17befcae71","Noah","Fant","-","29.1","1",,"TE","New Orleans Saints",,
"83c5fb36-a918-4af1-baf3-f77796b3717e","1a5c43e1-6534-43f5-9c5f-29915ccb236c","KeAndre","Lambert-Smith","-","29.0","1",,"WR","Los Angeles Chargers",,
"82ca88c2-0e4c-475f-8092-9a95ffb6e056","467d16c8-fe6f-4e5b-b87a-5aa7f1ad4ff0","Will","Shipley","-","28.8","1",,"RB","Philadelphia Eagles",,
"c48b8e34-016c-4e8a-a383-36b08d0ebe9a","d2efdcd7-bb41-41c7-bcb6-416029b646bc","Trevor","Etienne","-","28.6","1",,"RB","Carolina Panthers",,
"99f4869c-6f65-44b2-a338-bff1ede7c6ec","1619382f-6558-436e-8085-45e38c4ba308","J'Mari","Taylor","-","28.2","1",,"RB","Jacksonville Jaguars",,
"acd3fbca-ec35-4e03-96f6-0c4a84fd44a2","7fe3c9fd-a76a-4f68-9bc2-97f539b92e0a","Isaiah","Williams","-","27.3","1",,"WR","New York Jets",,
"ca8f1adc-dfa9-45c4-aa40-a0a9d923665c","ca7ee3ec-0a3e-431d-8adb-3ed3889433eb","Savion","Williams","-","27.0","1",,"WR","Green Bay Packers",,
"64146efc-8444-42af-815d-b8b0802ffac4","eb371b30-ce64-4ac5-a210-c3ad540b2c6f","Michael","Trigg","-","26.8","1",,"TE","Dallas Cowboys",,
"73507419-4fdb-4684-a4ad-a45a734c2e99","9bac385a-16a2-469d-adf8-1b1192547421","Xavier","Hutchinson","-","26.5","1",,"WR","Houston Texans",,
"fbb516e4-ac71-4cf9-8855-ebc0cbfa49c3","b88b6f62-94c2-4dc8-b170-7c8ed09f979d","Sam","Roush","-","26.5","1",,"TE","Chicago Bears",,
"8226667c-5c1e-4774-a94a-515f27c6922e","94372654-e75a-492b-bdbe-90253823a7fe","Kevin","Coleman","-","26.4","1",,"WR","Miami Dolphins",,
"6c139d58-6f68-42d7-b3b6-e55ed13552d8","fd498b49-4486-47b1-abfc-55cb48b3e6e7","Austin","Hooper","-","26.2","1",,"TE","Atlanta Falcons",,
"752d5253-9046-4412-badd-9fbcfb4445c2","92735296-f7e4-413f-9672-6b05d5e8175c","Cade","Stover","-","26.2","1",,"TE","Houston Texans",,
"a48b4fee-4127-41bb-a2f1-ff5b29120c8c","1f64ef3a-a455-4fd5-8978-c1d15e34b133","Kyle","Williams","-","26.2","1",,"WR","New England Patriots",,
"ae29cf46-a2b2-4c4f-83cc-31486e0672e4","56f7a603-f900-4d03-b066-da707e738d6d","Tyler","Higbee","-","25.9","1",,"TE","Los Angeles Rams",,
"642ee461-7b9d-4032-8fa1-de10f96963f0","e618420d-cd19-4717-9e36-d8154d3d8525","Tanner","Koziol","-","25.8","1",,"TE","Jacksonville Jaguars",,
"5ec3e5e6-17d0-451a-96b4-ff32bb534064","ac9f0cd0-ddc3-40a2-bf05-bd919e0630d3","JuJu","Smith-Schuster","-","25.6","1",,"WR","New York Giants",,
"37159381-5382-4e51-a3c3-fb008d530757","aacacd01-0896-4871-bc82-ca629e458735","Colbie","Young","-","25.5","1",,"WR","Cincinnati Bengals",,
"bef0bfdd-1d4b-496a-99dc-c4949c5c2433","15346155-dba2-4ccd-ac28-d5bde0a39715","Kevin","Austin","-","25.4","1",,"WR","New Orleans Saints",,
"aeb75315-4864-4503-91a8-b50e5ba93f15","38f13e26-e56d-4a89-86d6-d30408130000","Jackson","Hawes","-","25.4","1",,"TE","Buffalo Bills",,
"4ca9d812-76d4-4a0a-bea3-0ab8f7cfc0e8","b26d253f-6295-44a3-97e6-09e84c71bb48","Tommy","Tremble","-","25.3","1",,"TE","Carolina Panthers",,
"0bd994ae-bcd3-43fe-97a5-3fa4812f3666","e10364c6-ebf2-41a2-a2b0-cbc100ab15f4","Matt","Hibner","-","25.3","1",,"TE","Baltimore Ravens",,
"0ec5da86-2144-4455-97ab-97c5b28acab0","fc2abfb9-cf17-40e7-a5a0-3cd636ecca49","John","Bates","-","25.3","1",,"TE","Washington Commanders",,
"81c36184-997f-48ab-80af-a8c82878aaeb","a4fe75c1-eb67-4ab2-a8f0-4912075e55d1","Efton","Chism","-","25.2","1",,"WR","New England Patriots",,
"4c728967-dac4-4222-85eb-0bd19a63f4bb","fc901d7a-b7d6-45cb-9b1a-82af2a920719","Jimmy","Horn","-","25.2","1",,"WR","Carolina Panthers",,
"8233a5f2-19a7-4f31-81d0-bc16fa511db8","b7aaf613-cb5b-4a33-bb97-1e0c672e0346","Jaren","Kanak","-","25.1","1",,"TE","Tennessee Titans",,
"48dbc97c-b969-4dd6-a8b9-47f8b4775c27","e3483a58-8c47-4cb3-aa36-449ba8258c8e","Miles","Kitselman","-","25.1","1",,"TE","Detroit Lions",,
"ddc38864-f578-44a9-8abd-73a9430a8e06","c4395b6e-4cfa-4303-9e8a-c9333d134f22","Drew","Sample","-","25.1","1",,"TE","Cincinnati Bengals",,
"bea18b43-18ab-4946-97aa-15a5cf36e729","0b52547e-7c90-4ce4-8a65-9d1dd47782d5","Lance","Mason","-","25.1","1",,"TE","Pittsburgh Steelers",,
"6c0cb6be-65bb-48da-b89a-ed2e4857c5d6","41fef058-6c30-47d1-8aea-93ba62a28714","Josh","Oliver","-","24.9","1",,"TE","Minnesota Vikings",,
"3e29cfd1-5f74-45a1-91e7-51dddba78b33","b2383320-4cbb-4309-9bbb-ddc546953c9e","Luke","Schoonmaker","-","24.9","1",,"TE","Dallas Cowboys",,
"596916b3-b058-4756-8483-1ea31f1ebe51","5c195f8f-d952-4f10-bc55-86c994380b1f","Aaron","Anderson","-","24.7","1",,"WR","Cleveland Browns",,
"8fd0670d-5bf9-4971-b596-4a50082b1781","72f7bc71-cd75-46b7-a250-ae75e1323862","Barion","Brown","-","24.6","1",,"WR","New Orleans Saints",,
"fedb8529-2963-4eb9-8436-741eae67cb38","908e1c00-304c-4942-8afb-a850d4179f0c","Will","Howard","-","24.5","1",,"QB","Pittsburgh Steelers",,
"4b9c77a4-095f-49ef-8f57-f28c2bcfe18f","3673fc23-4825-46a3-85e6-f427be061bfd","Jawhar","Jordan","-","24.5","1",,"RB","Houston Texans",,
"da55c768-aa12-4b77-a49b-30a36eaf819a","7c78abee-11ad-4ed0-a8b8-c17b0cd69330","Dont'e","Thornton","-","24.4","1",,"WR","Las Vegas Raiders",,
"f4caca1c-4da2-4896-8c58-16faf018c84c","856e4913-47c1-4aca-b38b-11f6fcc2b45e","Tyrell","Shavers","-","24.2","1",,"WR","Buffalo Bills",,
"7ad316c6-1e9c-49eb-b591-cb3cf2fe26a6","44372baf-afb3-40ea-821c-278a73211585","Drew","Allar","-","24.0","1",,"QB","Pittsburgh Steelers",,
"6bf4fe6d-d086-461e-a672-8dac843308f2","45528d76-3b4b-4a37-8b39-0f312f64d260","Eric","Rivers","-","23.9","1",,"WR","Tampa Bay Buccaneers",,
"1fc660e9-98ad-427a-8491-3cfb84f4fc84","1fc78600-62ae-4e73-bd4d-5888d5471eab","Marlin","Klein","-","23.5","1",,"TE","Houston Texans",,
"df25c56e-c40c-4066-a3c8-c564f36c2ed2","38917e20-0ef1-401e-89ee-c42ca307cc3a","Brevyn","Spann-Ford","-","23.4","1",,"TE","Dallas Cowboys",,
"5dc55f0f-a4ba-4f45-9418-e3128c3176c7","f5106453-fc94-4ffb-b843-cb5b15cdb4dd","Jerome","Ford","-","23.3","1",,"RB","Washington Commanders",,
"a23a70c7-c52a-4038-84aa-8fcdb7ad28ad","af156259-1bbb-4d40-97f1-5dbd14fa7006","Kalif","Raymond","-","23.2","1",,"WR","Chicago Bears",,
"9da4ad6d-b792-4b71-b5ed-18dcc4d26d79","a26b9a09-612b-4ca2-8fe3-70a1c56c4131","Odell","Beckham Jr.","-","23.0","1",,"WR","New York Giants",,
"174339ac-7771-46f0-8ed6-b7c7446a2ea5","6f5bdbd6-640a-4f62-b8f2-3797b340e2d6","Marquez","Valdes-Scantling","-","22.9","1",,"WR","Dallas Cowboys",,
"e26ac0dc-952b-47db-ae1e-af8ee488fa7e","97d06b85-f888-4e2b-8c56-ef35e7a58b1c","Tahj","Brooks","-","22.9","1",,"RB","Cincinnati Bengals",,
"4aa10914-bd07-4ffe-b2e8-620380585da4","5b20564e-707a-4d94-b213-5f216c70b815","John Michael","Gyllenborg","-","22.9","1",,"TE","Kansas City Chiefs",,
"552fa5a9-559b-4688-ae14-5f86eaf74fb9","8a870822-ea81-4066-957e-8964f37d1452","Deion","Burks","-","22.6","1",,"WR","Indianapolis Colts",,
"0295a4c7-777a-4b3e-bd8b-85d7f5a95a82","1bd7b256-4a5c-4568-b75f-bdf53a24cdf1","David","Sills","-","22.4","1",,"WR","Tampa Bay Buccaneers",,
"f799c946-bd6b-410b-991e-5b3acdf34745","4df49d8f-f0b9-4b5e-9637-351c25cb296d","Roman","Wilson","-","22.3","1",,"WR","Pittsburgh Steelers",,
"3c49c3f1-14a1-497e-b373-faf5e8381947","a8f308d5-bade-4b9c-bd91-129f605897e7","Adam","Trautman","-","22.3","1",,"TE","Denver Broncos",,
"76ea75ed-1a56-47f9-8660-7c5661298754","221181bd-e4ef-4380-899e-7b2a6aae962b","Josh","Cuevas","-","22.3","1",,"TE","Baltimore Ravens",,
"96430ae2-3393-4b32-aa2a-1ceb397cf312","97457ab9-3881-4a1d-8874-a3bac4b9f1aa","Ben","Sinnott","-","22.0","1",,"TE","Washington Commanders",,
"8be635dd-3c64-41f5-9059-e2ab95511204","be6b435d-8b58-4b1c-bf4b-4c33c87bfb49","Nate","Boerkircher","-","21.9","1",,"TE","Jacksonville Jaguars",,
"f67dc589-0505-42d8-8bb5-f51a1f31ad0b","568b03d7-5389-42d3-8f16-1ac14ba5da0f","Brock","Wright","-","21.8","1",,"TE","Detroit Lions",,
"7a915b72-66c4-4d85-8d95-fe173731c1d6","6583b5d9-cc0f-4393-9801-4dd6e747b4c0","Jahdae","Walker","-","21.4","1",,"WR","Chicago Bears",,
"d031f6d8-e370-488c-af03-e46444b3721d","a19ea407-bcfb-42a4-bf8d-29742ea85241","Audric","Estime","-","21.1","1",,"RB","New Orleans Saints",,
"491cb9c1-00d2-47ea-a2e0-af01893d000c","5ffeb14e-0840-4016-b782-bd17b04cc1e0","Xavier","Smith","-","20.6","1",,"WR","Los Angeles Rams",,
"7e2886f9-1d60-40b5-8757-fbe55833975b","95c6a77b-e53f-46ec-adfe-ffba1ed6c4cf","Grant","Calcaterra","-","20.6","1",,"TE","Philadelphia Eagles",,
"76986d62-475a-442a-83ea-fb81b5560bc7","bf40e425-b01f-43bf-a833-b021427efd7e","Dameon","Pierce","-","20.3","1",,"RB","Philadelphia Eagles",,
"286bf4a5-d2da-44f7-b8e8-22d08b5b7182","f1bbb892-67d2-4881-9032-7d1438511a4a","Isaac","Guerendo","-","20.2","1",,"RB","San Francisco 49ers",,
"848338fb-8eda-44d8-bd5e-3b4886f9c113","b37b6f6c-4d40-4b28-96eb-8032f1852452","Lil'Jordan","Humphrey","-","20.0","1",,"WR","Denver Broncos",,
"81fb91b5-18d4-4842-bb86-0c139e786377","e9c2c7c2-1571-4540-af04-68952b3cee6d","Jordan","Whittington","-","19.3","1",,"WR","Los Angeles Rams",,
"038152c8-952e-4026-8459-2a80c48b65be","afca530f-1f10-4448-85dc-7272cdb6a470","Jam","Miller","-","18.9","1",,"RB","New England Patriots",,
"b95626ef-8165-4340-b83c-0967995927ab","dc5c1cb0-debb-4aed-93ca-97a348af5a88","Brashard","Smith","-","17.9","1",,"RB","Kansas City Chiefs",,
"c9c54e03-0a70-4278-b8d7-fb530e4793f6","90472944-f8fb-4ac5-9876-60713fc2fd22","Trey","Lance","-","14.6","1",,"QB","Los Angeles Chargers",,
"e25a5208-b4b9-4da0-9f50-2888366e5178","f9ab7c50-5ada-4c0f-bb41-2452e8ccec80","Kyle","Juszczyk","-","14.4","1",,"RB","San Francisco 49ers",,
"73a54cf7-fe13-4687-a944-00d06b507d41","d08ae502-5d51-4e6e-973a-141b41628e46","Jalen","Milroe","-","13.9","1",,"QB","Seattle Seahawks",,
"c5c88de6-fe51-4f95-9c8b-2e71fedf6d43","87ab74dc-271d-47a1-9bce-6a0b05cb07be","Marcus","Mariota","-","13.1","1",,"QB","Washington Commanders",,
"c4601409-78ae-42e0-8c08-9b45431c941b","74ef2f95-0fc1-4347-b8ee-3c3e59d61a54","Tyrod","Taylor","-","12.9","1",,"QB","Green Bay Packers",,
"86aa7723-0969-4a6c-9c24-12b3e26a9f94","679c6b4c-7792-4375-ad85-4f7490556d0e","Connor","Heyward","-","12.7","1",,"TE","Las Vegas Raiders",,
"2218a686-c2dd-4bfd-88de-21b84c347cac","6d3577ae-3df6-4361-ac5f-8ef3609a2a03","Will","Levis","-","12.7","1",,"QB","Tennessee Titans",,
"df66c8e3-4582-4e2a-b78a-11dd97e91e74","9d89b8c7-f404-415e-b7b6-77f1390184f2","Spencer","Rattler","-","12.7","1",,"QB","New Orleans Saints",,
"64321a82-1b8d-4660-8040-b51057deb577","37910853-6548-4e29-84ed-c90534a5081b","Tyler","Huntley","-","12.7","1",,"QB","Baltimore Ravens",,
"66b1ea81-0474-46fe-84e5-e30bdf6e33e2","2f7d2fc9-4748-44e4-836c-034a731998fe","Riley","Leonard","-","12.4","1",,"QB","Indianapolis Colts",,
"a2d876e0-d2db-48e7-ad70-70c6eee48256","831137ad-faf8-4eb4-b010-c54cc7554d71","Carson","Wentz","-","12.4","1",,"QB","Minnesota Vikings",,
"d64495ad-ed66-4c22-a213-e1a6d1ee0da8","366a4240-0e93-4773-975f-d9db4fe583f1","Tanner","McKee","-","12.4","1",,"QB","Philadelphia Eagles",,
"24aab9ef-289f-4f7a-acb3-9b146e8d8a20","7f3319ac-32b9-45c4-ac5e-896fb477efcf","Quinn","Ewers","-","12.4","1",,"QB","Miami Dolphins",,
"bf1b612f-05b1-4ed9-b5d3-1873d472dace","2f27a722-1b5e-4d58-9b04-c677869dc81c","Tommy","DeVito","-","12.4","1",,"QB","New England Patriots",,
"7d91df4f-14c8-4774-a2a5-9ea77ea62a80","708cfb6f-53e4-4d32-ab05-0abe667586b2","Jarrett","Stidham","-","12.2","1",,"QB","Denver Broncos",,
"5f0ab6e0-90ad-40e8-b56c-bfd549e19332","233408d7-f785-401a-a86e-9b1961e1b2f0","Davis","Mills","-","12.0","1",,"QB","Houston Texans",,
"0d9f9a82-4484-4f31-b5bb-b79e3886007e","7e979d70-ba81-4b1f-a558-99da47b4afba","Nick","Mullens","-","12.0","1",,"QB","Jacksonville Jaguars",,
"0942d55c-d3ab-4788-9a2b-ee37779e0beb","92906449-36b7-4a8a-984e-b371c96739b1","Kyle","Allen","-","12.0","1",,"QB","Buffalo Bills",,
"93b5d403-e74d-46d5-b620-2c230097d67a","3dcd99af-d7ff-445c-b088-c61faedb6538","Mitchell","Trubisky","-","11.9","1",,"QB","Tennessee Titans",,
"164b9c96-0575-4b93-8484-39ca333ca823","76c23746-1006-498f-8195-8fb62e5e6404","Dillon","Gabriel","-","11.9","1",,"QB","Cleveland Browns",,
"ea04313d-7094-4a7e-9b24-f1323e2077f6","40e4454b-82c2-429c-890f-379ff69e48c5","Andy","Dalton","-","11.8","1",,"QB","Philadelphia Eagles",,
"f9221b1d-b4fb-4e00-84f8-e36c59d66305","edc3553b-421d-4ae7-83f0-747bcbe68ea0","Mason","Rudolph","-","11.7","1",,"QB","Pittsburgh Steelers",,
"8cf61f44-47f9-48a4-93b6-a11c156dcaff","d21ffffb-a8ff-4ecf-b2fb-86bc5571e7c4","Teddy","Bridgewater","-","11.6","1",,"QB","Detroit Lions",,
"a665ca8c-5189-421f-8a4f-e33a4bd84cf0","60454cb5-6295-42e9-b0bb-1058245c62df","Mo","Alie-Cox","-","11.4","1",,"TE","Indianapolis Colts",,
"a4bb3896-8b04-43bb-b315-7171f1e99515","1b1dae18-5051-40d8-8bdd-0e992a9ec001","Tip","Reiman","-","11.4","1",,"TE","Arizona Cardinals",,
"68fd0cad-267d-4145-a4dc-10d05d0123ed","bda0e797-b247-43f5-807b-88a38ca7924c","Josh","Johnson","-","11.3","1",,"QB","Cincinnati Bengals",,
"ca746cbe-aee6-4156-b9d7-9ed4b6b28518","a9cb4689-5707-40ca-9200-c8c4238c8636","Devin","Singletary","-","9.8","1",,"RB","New York Giants",,
"37b43bb6-579e-401d-b349-60a71d44c341","73e7723b-4093-4d52-b4c6-d075e33207c9","Devontez","Walker","-","9.7","1",,"WR","Baltimore Ravens",,
"a671c689-dd2b-4181-9cf5-ccb32cf5ab70","dea916f0-9a66-4430-a84d-85c792f45aa7","Jaydn","Ott","-","9.7","1",,"RB","Kansas City Chiefs",,
"c7272ddf-e248-49a2-bcf1-d087623157db","96e509ee-5018-4208-9e36-aba17a349f10","Zavier","Scott","-","9.1","1",,"RB","Minnesota Vikings",,
"a8941c8d-6d40-44cd-8ce9-f86752fa9c26","71bb8c53-1536-4a76-823a-b397b2b0fd08","Ty","Chandler","-","9.0","1",,"RB","New Orleans Saints",,
"ae5f8742-7fb1-4aff-9f71-66c84a72cfa8","3343b3c3-1410-4f12-badb-d0bfa201aab6","Jarquez","Hunter","-","8.6","1",,"RB","Los Angeles Rams",,
"07686ff8-0d09-4e23-b0a4-5398ca4a4044","dde5b955-a773-4c77-82cd-e70fc383455f","Elijah","Mitchell","-","8.3","1",,"RB","Philadelphia Eagles",,
"cd0bcc8d-02ad-4d21-8724-b7e91a7278bd","d5697918-d882-4cc2-9bf7-934b98b9329d","Jeremy","McNichols","-","7.9","1",,"RB","Washington Commanders",,
"f28c0504-6f0d-4828-9bfb-2c2ae847192b","860c13be-50ed-432b-80fb-a335aa2a79c8","Luke","Farrell","-","7.6","1",,"TE","San Francisco 49ers",,
"3b73c010-e28c-40f9-b233-2bfe8cf43be9","913471a9-a8fb-4462-947c-9f4dba7f3bd1","Dean","Connors","-","7.4","1",,"RB","Los Angeles Rams",,
"95ed193b-269d-4095-9adf-899857c9adfd","5e48750d-552e-4c64-a107-e8d781f8b2da","Durham","Smythe","-","7.4","1",,"TE","Baltimore Ravens",,
"161f4e88-fb29-4b8c-b1c6-82f6fdd92710","bf2a9c10-259a-4966-9dcf-b99a61128cf8","Foster","Moreau","-","7.3","1",,"TE","Houston Texans",,
"696b0cb0-0840-4a80-b34a-923a2269f93c","93254131-3f06-4154-b209-c6aaac760355","Luke","McCaffrey","-","7.3","1",,"WR","Washington Commanders",,
"b68be512-5e38-40ef-a1e8-28f4c83a6606","1a783937-492f-47a2-9058-574dc3396d8d","Isaiah","Hodgins","-","7.2","1",,"WR","New York Giants",,
"723e74f6-d3b9-4f92-a635-4c3553158533","d2e8f3df-8731-4d07-9e3f-08e25626dc37","Riley","Nowakowski","-","7.1","1",,"TE","Pittsburgh Steelers",,
"f1c061db-32fe-4b3e-860c-e30685893f5c","46086bdf-1eb0-40ac-b719-35f52292bc12","Jeremy","Ruckert","-","6.8","1",,"TE","New York Jets",,
"e052f4c6-3748-4dca-8291-bd7a1b3dafdd","82682a2a-6ca8-411c-b723-2aeaaed8787e","Michael","Carter","-","6.6","1",,"RB","Tennessee Titans",,
"695c777f-baab-41b2-a206-ecb5de367cdd","e3ef1ad8-55f6-4917-b176-3bb475d1b473","Hunter","Luepke","-","6.5","1",,"RB","Dallas Cowboys",,
"f8d9cff5-d07b-4f63-b2bd-61e540605de5","e9d6f9da-9f11-433e-b041-f49493e79515","Pierre","Strong Jr.","-","6.5","1",,"RB","Green Bay Packers",,
"e4a4a330-de84-466c-9b47-3fac2cb8dafa","87d6d591-514f-446a-8cce-63b8befc4ae0","Cody","White","-","6.5","1",,"WR","Seattle Seahawks",,
"c92e6223-cccf-4115-82e4-67e420957c63","5d5502b7-8a0e-46b6-866f-0cea1051de27","Jaleel","McLaughlin","-","6.5","1",,"RB","Denver Broncos",,
"750730b8-dd22-4252-bb5a-995491022349","f710594c-160e-4036-b59a-42051086c3d8","Damien","Martinez","-","6.5","1",,"RB","Green Bay Packers",,
"b8dacc33-d10b-4a97-a48f-07662b8d250e","76270f2d-4939-47d5-882e-981a5d07f2a7","Tyler","Badie","-","6.4","1",,"RB","Denver Broncos",,
"553de4ac-4339-4794-8dc8-1c8c094a697a","e1542cab-794d-40a0-b024-924f458fd1a3","Lucas","Krull","-","6.1","1",,"TE","Denver Broncos",,
"3c5ce046-3f41-43a2-9e7e-0ab6fa28031d","d09fb0f8-e30b-4d7a-8a17-fb9a224f9476","Payne","Durham","-","6.1","1",,"TE","Tampa Bay Buccaneers",,
"947b557b-6c21-4c16-b57b-59e9298f7e9f","c4df0f2e-cb53-4c4c-a992-addf71733b47","Quintin","Morris","-","6.0","1",,"TE","Jacksonville Jaguars",,
"edfab75e-07ad-48bb-b8f1-ad072e28dfbc","325e2a23-0198-4f55-bcba-44d63cdaf314","Seydou","Traore","-","6.0","1",,"TE","Miami Dolphins",,
"a82b57c7-97fb-47ed-b107-160c73cdeef5","fd5802df-0621-42f5-98f1-a006f32815ae","Charlie","Woerner","-","6.0","1",,"TE","Atlanta Falcons",,
"edea3b17-59e4-4af8-adad-720569d42706","0b8759c2-8448-4908-a035-0abfe777ce3a","Dante","Pettis","-","5.8","1",,"WR","Buffalo Bills",,
"ed703c09-18e4-4e38-a4df-b666076c170a","abb9bd51-c3f3-4802-9259-ddcb7f0b6bd6","Malachi","Corley","-","5.8","1",,"WR","Cleveland Browns",,
"692a21b3-396f-4474-b6a0-e25d3a301226","e0cee736-2dcd-457c-8c87-00dc56bb6856","Ronnie","Rivers","-","5.6","1",,"RB","Los Angeles Rams",,
"2381aa80-a789-44fe-b0ba-a5f323b266aa","c80a3f74-0d57-4f1d-b6e8-9167bcafc9bc","Arian","Smith","-","5.6","1",,"WR","New York Jets",,
"8e36dc25-d71e-4eff-b019-1463397ab253","69cade60-9e48-48f9-874f-5937cf6d8168","Xavier","Weaver","-","5.6","1",,"WR","Arizona Cardinals",,
"3d12204a-cbef-436d-b531-a1f8eda10999","4e1c316a-c2ba-4cc7-a21b-ee00821ad5ae","Jack","Stoll","-","5.5","1",,"TE","Cleveland Browns",,
"8dabf12e-f649-4042-8490-ab2bf8b8dac2","d21e7aec-d294-4fb3-a494-12e1361e8cf0","Dare","Ogunbowale","-","5.5","1",,"RB","Las Vegas Raiders",,
"81a89cb8-2511-411f-9755-7d4973ee0d7b","fb27137d-0cfd-4c24-aa8c-205efae02f9b","Devin","Culp","-","5.3","1",,"TE","Tampa Bay Buccaneers",,
"6824f914-fb58-4a00-a595-d5781965ddd0","03f7b16f-fcc5-49a5-bc39-e4e96b0bfd73","Jack","Velling","-","5.3","1",,"TE","Atlanta Falcons",,
"98f1e5cc-0f8e-4983-af74-4884a21e280c","1e22a254-5c0a-46a1-90d0-f74e5b61078a","Van","Jefferson","-","5.3","1",,"WR","Washington Commanders",,
"d38a8448-2806-43c8-bef4-2aeb3b2f2810","016d0649-5857-4d34-813f-2dc48d75699a","Darius","Cooper","-","5.2","1",,"WR","Philadelphia Eagles",,
"e09afa7b-5b72-4b93-abc2-05ffc5b56884","1e6b6a13-9183-4bf5-bf61-3f4746a98ef9","Dane","Key","-","5.1","1",,"WR","Denver Broncos",,
"b6dddb0a-a21d-4d0a-a304-91cac01c3dca","3fee7798-cae7-4bf8-b6ca-87b0a594d6f9","Noah","Thomas","-","5.1","1",,"WR","Cincinnati Bengals",,
"5e4fce87-a12a-4dc1-a2e0-34fec4bcc6cc","2929fb17-9acc-4bca-a4f2-dd118c2a72d9","Reggie","Virgil","-","5.1","1",,"WR","Arizona Cardinals",,
"e9a2e9e0-b5c7-4d74-a819-6f8bad0805c7","102fb9ff-b260-42da-9d75-ecf67a6a60b0","Chase","Roberts","-","5.1","1",,"WR","Las Vegas Raiders",,
"142a9bb6-3910-49e2-8441-91b890212756","f5952b47-bac7-4f32-87bc-9ae1455aaef3","Trebor","Pena","-","5.1","1",,"WR","Jacksonville Jaguars",,
"ca6bef9b-3467-46db-992b-1c2989b71e5c","252b01c1-2bde-4112-bbfb-6440ade9258d","Cedric","Tillman","-","5.1","1",,"WR","Cleveland Browns",,
"f9b778d1-bb87-4b7f-8cdc-5399724977b6","1e0b5146-5d52-4162-b34d-984121c59d92","Tyler","Johnson","-","5.0","1",,"WR","Dallas Cowboys",,
"d5518636-fbb9-480b-b3f2-6e00e70e82b8","0539dc1b-a6cc-42d1-af41-3ece95e7c4f3","Jalen","Brooks","-","5.0","1",,"WR","Arizona Cardinals",,
"b4d62b39-f983-4e0d-b0ce-95f9e5f9f048","95e93b15-79f1-42cd-993f-6881cc28141b","Josh","Whyle","-","4.7","1",,"TE","Green Bay Packers",,
"fbf604c0-3f47-4292-955a-a0795b61bcf1","7f7dd60f-ec71-4dae-bde2-377262d38caf","Kalel","Mullings","-","4.6","1",,"RB","Tennessee Titans",,
"f5886b59-9f5c-4125-b148-db1fc3d0a58d","81f2797f-b692-432d-b2e3-a0f897179e54","Julius","Chestnut","-","4.6","1",,"RB","Tennessee Titans",,
"588511db-19b3-492d-8074-6759e2262906","8af14b29-44c9-4df5-a6b3-2ecfbfbc5fdc","Kendre","Miller","-","4.6","1",,"RB","New Orleans Saints",,
"577390f4-dba8-44c8-979f-a6c0287efc28","0bc2e7fa-b5e5-4570-9709-0fdeb1ab5884","Davis","Allen","-","4.4","1",,"TE","Los Angeles Rams",,
"52873723-ccbc-4884-b0d4-ff7f518c3c0c","4069bb46-5cdb-4cdb-a670-38912d166f2d","Tanner","Hudson","-","4.3","1",,"TE","Cincinnati Bengals",,
"b4e6cdfa-fd87-419c-980f-9269227291a9","d0cfdb44-d558-44e4-8a37-07b904daae50","Nate","Adkins","-","4.2","1",,"TE","Denver Broncos",,
"734b5a37-1240-4ec2-9267-c827fae8fbb3","91b36e3b-3cff-4ff9-849a-9771591a62a0","Eric","Saubert","-","4.2","1",,"TE","Seattle Seahawks",,
"4ab1a976-76e2-4ff0-bd0b-87789ccb1c58","28f21713-1487-4c17-baf4-ba9b806d3788","Stone","Smartt","-","4.2","1",,"TE","Philadelphia Eagles",,
"0e08aebc-cde1-4406-8158-33f8bdf48166","b90e3184-7bb0-495a-a598-116eff63f7d9","Brevin","Jordan","-","4.1","1",,"TE","Houston Texans",,
"3bfff517-627e-4479-a012-38740e0bd8d4","2e06a4b3-9802-4ebf-b433-68deed5baaac","Dylan","Laube","-","4.1","1",,"RB","Las Vegas Raiders",,
"8f0a064c-9407-4fff-88e6-f63ef1691eba","18f25211-aa49-4ca3-901f-089b30701c29","Julian","Hill","-","4.1","1",,"TE","New England Patriots",,
"0654987d-fcc0-4b09-84d3-d21a6757c7e6","5a90c629-0eac-42fd-bfce-1cb7e8021c72","Drew","Ogletree","-","3.9","1",,"TE","Indianapolis Colts",,
"a5d28b91-ce42-4830-a0ec-b50c37714cc6","f972b7ae-d069-4104-83ea-5c5654a1daf5","Dyami","Brown","-","3.9","1",,"WR","Washington Commanders",,
"1c9c1d53-f68b-4c61-b5b5-df527c740c84","92cde727-0995-4804-911c-ecea076fd7c1","Xavier","Restrepo","-","3.8","1",,"WR","Tennessee Titans",,
"074494c3-4e1e-4627-8056-9cb63db76769","b1107a91-61f9-493f-9b2b-443aaaa69f9a","Tyler","Goodson","-","3.8","1",,"RB","Atlanta Falcons",,
"5248ddd1-43ee-428a-b88a-2cb98b27bbc3","06571d93-622a-491f-b241-be361cb2e5ff","Ameer","Abdullah","-","3.8","1",,"RB","Jacksonville Jaguars",,
"bf4c2769-e57d-4397-b42b-3df7f26d6ce4","a9501bde-b214-42c6-9ee2-29a57b510953","Raheim","Sanders","-","3.7","1",,"RB","Cleveland Browns",,
"5db3fe18-adb8-4dc7-ab03-4e791b4953c5","5e5cc4d2-5112-4125-b79f-0808dc8d39b7","Dareke","Young","-","3.6","1",,"WR","Las Vegas Raiders",,
"1afec20c-081c-4f38-bde3-aceda4436814","63b71b9c-c38c-4abe-982e-09707004d8e1","Blake","Whiteheart","-","3.4","1",,"TE","Cleveland Browns",,
"8f182f1a-82a2-49a7-96b5-cf56634522dd","6b33c2f8-f926-4f1c-bf1f-bf0786e93764","David","Moore","-","3.3","1",,"WR","Carolina Panthers",,
"0df0a875-e425-48fc-b239-d628fc7d32b4","449325dc-11c8-4792-9da3-bea5d9df0b57","Kaden","Wetjen","-","3.2","1",,"WR","Pittsburgh Steelers",,
"82540e55-28f1-49a1-a0ae-fe12f533d2c3","52aa4523-7aa1-4310-9fd3-7cea1cbd5931","Tylan","Wallace","-","3.2","1",,"WR","Cleveland Browns",,
"a547e2ce-4947-4e62-b417-a51afdc0bf9e","0c99e47c-9d97-4290-9021-3671087503e0","Jake","Bobo","-","3.2","1",,"WR","Seattle Seahawks",,
"ecef0666-89df-449b-bba5-e8bd4bf94dad","041deb2b-7cc8-49e2-ad4c-911399b0c5ee","Ricky","White","-","3.2","1",,"WR","Seattle Seahawks",,
"12e44d07-99b0-4854-9233-21eff7b278a8","38534ff5-ba96-4cd7-9122-31902e18ec83","Chris","Moore","-","3.1","1",,"WR","Baltimore Ravens",,
"704f68ba-8456-4d19-872e-3a49bcd041d6","700f1b63-bddb-41f1-abde-3d7d0c116a59","Cameron","Latu","-","3.0","1",,"TE","Philadelphia Eagles",,
"a3cf647a-3fec-4ecd-b44e-a420568bbadd","d2a8d44d-4200-41c3-8df3-6459a0a25c7f","Ben","Yurosek","-","3.0","1",,"TE","Minnesota Vikings",,
"68950c1e-c5aa-454f-b9aa-d4e13ce838b9","d151802e-d9d3-4a79-ba11-e50f25fcf6f8","Sione","Vaki","-","3.0","1",,"RB","Detroit Lions",,
"bf00a206-334c-4481-9358-a5e7410d2f88","b32c9f52-1f85-4de6-84d6-a11183ad8829","Ian","Thomas","-","3.0","1",,"TE","Las Vegas Raiders",,
"54909cc5-8ee1-457e-94ec-0aa86729e032","9ae8da68-89c9-41d7-a927-7fc84e878148","Kylen","Granson","-","3.0","1",,"TE","Tennessee Titans",,
"715d0664-35a0-4277-ac0d-d0c66fb0d5b6","7cbb0d09-0c7d-46b2-98c7-c585c8054116","Trent","Sherfield","-","2.9","1",,"WR","Buffalo Bills",,
"6cf6e0fd-0397-429a-9c53-69d227929e86","1f7c7f56-b309-498f-8da4-e36a6385fa0c","Anthony","Gould","-","2.7","1",,"WR","Indianapolis Colts",,
"d49311e3-7da3-40c0-a78a-9044fec8baf1","dc1ddf1f-55ef-41d8-a6bb-9b0e6f09831b","Skyy","Moore","-","2.5","1",,"WR","Green Bay Packers",,
"68abb936-bf0e-414f-8492-a5c17c1ded36","9f7e64dc-3676-41e4-9e53-76ab33f87f2a","LaJohntay","Wester","-","2.5","1",,"WR","Baltimore Ravens",,
"5a83111e-7939-4595-bbe2-cd572e3899b4","10a4ea60-c8e3-4e3f-b407-3636348067a1","Ashton","Dulin","-","2.5","1",,"WR","Indianapolis Colts",,
"eb2e8483-599f-4075-b7dc-44f09893b874","9f1b82e8-74e3-4376-8930-81e907113ec1","Donovan","Edwards","-","2.1","1",,"RB","Miami Dolphins",,
"7352ad0e-51c5-4980-92ac-f018a5d1df7e","eec7c936-d768-4635-9c46-d3c68d0e0616","Jordan","Watkins","-","1.9","1",,"WR","San Francisco 49ers",,
"e0f9c44d-5672-48cf-9c24-e43b6d5f5ff6","cac85860-ef0c-4e34-a7cb-65a8f4d4b799","Shane","Zylstra","-","1.8","1",,"TE","Buffalo Bills",,
"6be146ce-1e02-4057-b38a-4a99dd8c3f3f","ecab8e2a-03a0-45b2-a77f-d7fe75c88047","Ko","Kieft","-","1.8","1",,"TE","Tampa Bay Buccaneers",,
"19d6edff-c670-47af-8dac-a55208ba7563","059cf5f1-9107-4c53-a592-b377cd95242f","Chris","Manhertz","-","1.8","1",,"TE","New York Giants",,
"d39309a2-f6c6-44f4-a817-d93cfdb90220","de0a9863-2185-4a9b-a8f8-857ee9af0d8c","Robert","Tonyan","-","1.4","1",,"TE","Pittsburgh Steelers",,
"6502ec35-438e-4278-baa4-20ff16f02750","ad8ac510-e3de-4892-9572-171165ae82b9","Feleipe","Franks","-","1.4","1",,"TE","Carolina Panthers",,
"4184ec14-5bb6-407e-8754-8a9daaf470d0","843ffb53-0feb-4432-981b-f3b483d08106","Jacob","Cowing","-","1.2","1",,"WR","San Francisco 49ers",,
"b3d69c61-dee7-4e5a-b803-2e7ea640c089","d518b022-5088-480c-b4b0-cfbe8a77f042","Tyler","Conklin","-","1.2","1",,"TE","Detroit Lions",,
"9847fbd1-2bf8-4a3a-b590-f524af2b235b","76bb86af-c68f-486a-bbcd-6e1143294b8f","Derius","Davis","-","1.1","1",,"WR","Los Angeles Chargers",,
"893d8bc3-c34d-42a2-9afe-c668ce3e9706","3fc4c4b5-de6b-4fe6-8d17-0895c89fed97","Nikko","Remigio","-","0.6","1",,"WR","Kansas City Chiefs",,
"f3bca017-f6c6-4321-9645-bf29538433da","4c5173c1-c942-41ef-8eff-b4ba9d819402","Devin","Duvernay","-","0.6","1",,"WR","Arizona Cardinals",,
"4f2d55ea-169b-494b-a6f0-e272e8531ce6","ea161fea-4582-4c50-bd01-76cc9050fd41","Ben","Skowronek","-","0.6","1",,"WR","Pittsburgh Steelers",,
"9170a54f-ec05-42a6-9f3b-cd644a6bcf46","80c77685-769d-49a1-880b-41a4ec568c57","Andrew","Armstrong","-","0.0","1",,"WR","Kansas City Chiefs",,
"917e2bdf-e157-4f41-8b72-56aa82a8e6af","b3bb8637-2341-4f4b-af01-22c8e6cb9e87","Richard","Rodgers","-","0.0","1",,"TE",,,
"91a90a6d-1f57-4a6b-9944-dc53ef5cb9b0","c279c8d0-18b9-415d-8c6f-36d15878eed6","Parker","Hesse","-","0.0","1",,"TE",,,
"91cf92f3-3c73-4de7-842e-d0c3d6707a82","db7b048c-ba3a-40be-9187-a81de14d0123","Deuce","Vaughn","-","0.0","1",,"RB",,,
"91d2bba7-d828-4104-b7be-e4fc6187be73","b3b3b1d2-7095-4e4d-8b7d-b6f90e689f77","Joel","Wilson","-","0.0","1",,"TE","Tennessee Titans",,
"92f11af3-2956-4c2b-8607-e646aaa2304e","ac8d73bb-7129-4ebe-865d-851a3ccc90ad","Salvon","Ahmed","-","0.0","1",,"RB","Chicago Bears",,
"934d9f8b-e8a6-42b6-9b89-a8f61aa81af1","c35897ed-2889-46f3-9aec-64e524a3c694","Dwayne","Washington","-","0.0","1",,"RB",,,
"93714614-7e43-407a-ade5-0d4dbff8f784","73cbe66a-097b-4cce-9f88-ab17ffeb6b46","Trayveon","Williams","-","0.0","1",,"RB",,,
"93def15f-8299-41f4-a02c-dd251119a791","4f0afbcf-ad42-4fb9-8661-0458d8a11859","Cordarrelle","Patterson","-","0.0","1",,"RB",,,
"93ed2389-bd6b-4632-8ca5-03bdab844b9d","ed87b2a5-c17b-4d24-9c6c-a6118a01a4fa","Donovan","Peoples-Jones","-","0.0","1",,"WR",,,
"93f320d0-f95c-472a-b2af-5f06536d8dcc","db835b29-995e-421d-83dc-70c7af2642a2","Dresser","Winn","-","0.0","1",,"QB",,,
"9411a652-2f68-4745-a79d-b5dc0c4733de","086e6ffa-de72-4937-9046-9d89c7830ed3","Nathan","Carter","-","0.0","1",,"RB","Atlanta Falcons",,
"94121fe7-79a2-42df-8803-6e4ee9c6ab51","16a2ee63-f303-4a88-9bb3-1249f2049e89","Tommy","Hudson","-","0.0","1",,"TE",,,
"943468fc-3e85-430d-a8ba-1636b609798a","817e9f50-180a-44ea-b422-26bcf62580b0","Jackson","Meeks","-","0.0","1",,"WR","Detroit Lions",,
"9437c475-3eac-4b20-ac8d-3705a9b1da59","b53dc7ad-17d6-4d1f-8c39-a8b5c1feff7f","Ramel","Keyton","-","0.0","1",,"WR",,,
"944d4667-ad74-4d2f-8ca8-ee39ae98971b","835c4d4e-8d95-4625-b5d7-1c6e3a6384cd","Antonio","Gibson","-","0.0","1",,"RB",,,
"95217c63-0c0e-4a87-a3f2-1dae8d02b842","b584facf-ccfd-4cc7-a36a-6acbd3dc8a31","C.J.","Saunders","-","0.0","1",,"WR",,,
"952be8f3-2162-4a17-93ed-e6aa53752824","4af471ed-cae0-42e8-b4fc-42b7256a675c","Chris","Collier","-","0.0","1",,"RB","Las Vegas Raiders",,
"952c809f-4579-4013-acc6-591bb0547b2d","da2aceee-c577-461f-a27a-25b746addcc2","Allen","Robinson II","-","0.0","1",,"WR",,,
"95549a45-6995-447c-95c3-59d0905a6235","0bbc3a68-3fb3-4de0-aed3-d70a92c656d3","Julio","Jones","-","0.0","1",,"WR",,,
"95a075b7-c537-4387-b69c-9a73834ed818","1cae7ba6-6dd9-405d-9dd8-d40a6be294a5","Jacob","Harris","-","0.0","1",,"WR",,,
"960e92d0-92fa-491e-b30e-d193c36bce9b","473028d3-4ab3-4cd4-8b71-a58f80ea8e4e","Dezmon","Patmon","-","0.0","1",,"WR",,,
"96145c0d-5ecc-4002-8439-4271f5b57c76","ba4690de-3c08-46eb-a1f4-cc203f71f841","Donavon","Greene","-","0.0","1",,"WR",,,
"962478d8-ac39-4124-82e3-4b4caadbc25a","50d708c8-637c-4c2d-9e06-e864a660207c","Jonnu","Smith","-","0.0","1",,"TE",,,
"96a196ca-96e9-40ee-9741-e918f54d9b54","f1ed70fe-3773-4400-b9ee-5b668ff679ea","Zamir","White","-","0.0","1",,"RB",,,
"970b57ba-e1ce-456c-b214-2d5e2c92b8d7","4085310e-7820-4ba9-a537-009d26ce6377","Tyler","Boyd","-","0.0","1",,"WR",,,
"972e62c0-ef7c-4e47-a1ae-0b41b98aebc4","9631c9a5-2534-4ba6-a10b-fc62d955644a","Treyvhon","Saunders","-","0.0","1",,"WR","Houston Texans",,
"977610d5-6dbf-4866-9fe0-30e414b07f7e","133a4844-b2a4-466a-959d-eeeec03eb5dd","Isaiah","McKenzie","-","0.0","1",,"WR",,,
"9872f00f-9a4e-4cd8-ae4c-f66699dba4d4","fcf02ad2-d121-4ad4-a4f3-11286442cebd","Bailey","Gaither","-","0.0","1",,"WR",,,
"993e81b2-306c-4e47-9aaa-5b7c5540a914","84de2e30-7a1e-4c22-891a-2a11d8cd29db","Jha'Quan","Jackson","-","0.0","1",,"WR","Houston Texans",,
"99875dae-8c4d-4110-9842-bef60a83441d","8d5fca39-4681-4baf-9149-39eb2cd82bea","Randall","Cobb","-","0.0","1",,"WR",,,
"9a098156-5151-46b2-a593-ff1c3096fa01","36ace6b0-eb4c-496e-9b80-1077e548ba36","Sam","Brown","-","0.0","1",,"WR",,,
"9a3d8938-762b-417c-ba7f-edf09e6cce68","4e095da6-5de5-4123-8d01-1cbffb761394","Kirk","Merritt","-","0.0","1",,"WR",,,
"9a85e043-38da-4fb0-9d14-cdf92f24924e","a1a5134e-4147-4e1e-bc4e-fa09bda99277","Xavier","Grimble","-","0.0","1",,"TE",,,
"9a8fd4d2-e453-4f6b-9aaf-ccc05f53a112","fc905ffc-8404-42bf-b541-15113774e0bd","Emory","Jones","-","0.0","1",,"QB",,,
"9ad67412-307e-4035-a088-de13bec69cfa","bd7b96b3-4fce-42aa-bd2b-b6c350f761ac","Daijun","Edwards","-","0.0","1",,"RB",,,
"9b4250a6-278c-4752-a691-f1d6222df3ef","0657d568-8a08-4c0b-8112-61bddce5edd0","Jerick","McKinnon","-","0.0","1",,"RB",,,
"9bcd6533-ae95-4839-b284-337381b9a4e8","e2403548-a524-4f15-a76b-fe6078af80e4","Kadarius","Toney","-","0.0","1",,"WR",,,
"9be167f1-6e99-4c23-b88b-442101564ed8","af308c2d-9dec-434b-8b0a-35e55697f585","Elijah","Collins","-","0.0","1",,"RB",,,
"9c1d6a2e-d6a0-451f-b82e-69f4b18c77bf","2b137246-eb40-4e14-adf0-7f0287d59ba4","Allen","Lazard","-","0.0","1",,"WR",,,
"9c21d07d-1a0b-4ed8-8ee7-17656be924fd","ba7b2314-4960-4da1-a791-9b3fe86ad646","Ricky","Pearsall","-","0.0","1",,"WR","San Francisco 49ers","OUT",
"9c493f1d-31c9-4560-976d-2c121da6ee80","1efead28-a46f-4525-bb80-71f0d05aa7a5","Nate","Sudfeld","-","0.0","1",,"QB",,,
"9c84f743-daa3-45c8-8a1a-4e02e47a57ef","e0ff4ee7-493b-41b8-8c05-1039d00efed8","De'Anthony","Thomas","-","0.0","1",,"WR",,,
"9cce23de-42aa-4d37-abb6-2dc9c3c4958e","3a961f79-146f-49b9-8be5-0d25f2fa68c7","Beaux","Collins","-","0.0","1",,"WR","New York Giants",,
"9cf7a6c8-9b77-4475-95f3-2ed05173a117","96040d05-8b75-4b42-8bc5-a6623f0da639","Kendric","Pryor","-","0.0","1",,"WR","Cincinnati Bengals",,
"9d006413-2add-41b2-a22b-6572a1ed501f","96b00db2-4d7b-4c8c-93bb-a5ab7ea6db6a","Malik","Taylor","-","0.0","1",,"WR",,,
"9d0a7427-ab81-48db-8e75-72dddf604780","4e74e219-b3ad-45f5-8db8-68d751a4ad96","E.J.","Williams","-","0.0","1",,"WR","Las Vegas Raiders",,
"9d0f6402-b10d-4258-91df-8733e9894a2c","2e193d3d-e4e0-4147-bcb9-df418cb749dc","Michael","Ezeike","-","0.0","1",,"TE",,,
"9d1e73c7-3896-4d83-9877-0f760b491bf1","831ec2b5-84b8-45c7-8da5-1cc8f4ee1500","Mitchell","Wilcox","-","0.0","1",,"TE",,,
"9e021439-e994-449d-805b-56d68d8a02a6","9e2b4ca7-0859-45fd-8a14-a9f7505bed72","Jaylon","Moore","-","0.0","1",,"WR",,,
"9eb2b2c0-c445-427f-b4d6-cdbe92c5c73d","b2c597cb-afce-4dfd-ba31-275b86dcf795","Damien","Williams","-","0.0","1",,"RB",,,
"a01cf9e4-88a2-45f8-959b-8d19e62770c0","adbdef6a-5c34-4563-9878-6473f5490518","Jeff","Smith","-","0.0","1",,"WR",,,
"a02dc017-57d8-4db4-934d-8781639b2bee","1bc99426-b709-4eeb-bd36-cab96b6717e7","Justin","Johnson","-","0.0","1",,"TE",,,
"a09fc100-9953-4848-9881-b94748999f2a","e8ab7ee8-c216-4365-84d1-97071f48a673","Austin","Jones","-","0.0","1",,"RB",,,
"a186a503-b990-4560-8a70-57030d5f7c3b","1d827b60-fd88-4709-b1a2-7abf44a08163","Nsimba","Webster","-","0.0","1",,"WR",,,
"a1aa15d5-9e63-4b84-9dd4-8c1b1908766e","91532c07-05ef-440c-a5a6-c99bd98053d8","Brian","Hill","-","0.0","1",,"RB",,,
"a24ca4aa-770a-423d-892d-c198d280c1d9","ebe7223e-f43b-43cb-b90b-083a1a575206","Marvin","Hall","-","0.0","1",,"WR",,,
"a25458a0-83fe-4cfd-b87e-e2065dc83f2b","e2e77921-b81c-4c70-90ec-e9df8f505c6e","Latavius","Murray","-","0.0","1",,"RB",,,
"a282bb22-77d2-476c-8d46-62949c31fa96","1abd6fd0-650c-4189-99c7-4c044529693a","Luke","Grimm","-","0.0","1",,"WR","Los Angeles Chargers",,
"a343e240-10d0-4097-a18a-9a3cc9c0d16b","fa43b405-701c-465f-af8d-76723fe36781","Matthew","Caldwell","-","0.0","1",,"QB","Los Angeles Rams",,
"a3d8b511-a3be-4dfb-8478-934fe7d5b75b","3078e236-afe8-4dd2-89eb-df7cd300437d","Kristian","Wilkerson","-","0.0","1",,"WR","Atlanta Falcons",,
"a434b62d-1583-4cf9-b970-29a778569352","8bcda6ee-e0e3-47ec-b1cd-4b4799c9ba27","Juice","Wells","-","0.0","1",,"WR","Atlanta Falcons",,
"a45753db-d8dd-4fe4-aac3-2aa8e1c9206a","d0686cf5-e910-4d32-9ac7-0437fa011f6e","Raleigh","Webb","-","0.0","1",,"WR",,,
"a4949c57-db7e-4a7c-8a07-bddd777ac77a","86748a83-7a51-4edb-aada-ad1e6d317590","Kayron","Lynch-Adams","-","0.0","1",,"RB",,,
"a4e2675d-00de-463a-a051-a8aa52f45b1b","5d5a1f81-59a3-4adb-8144-c19c89214c0c","Snoop","Conner","-","0.0","1",,"RB",,,
"a5021662-35f8-4a25-a11e-5f3e138ba552","cb2b83bb-370c-43b0-88a5-82b516100865","Trenton","Irwin","-","0.0","1",,"WR","San Francisco 49ers",,
"a51ae69b-4bd5-41eb-b78b-b168211d7d5b","3d05f6c2-c1ab-47a0-bc34-39da72eb3e0e","Bam","Knight","-","0.0","1",,"RB","Arizona Cardinals",,
"a5932a7d-2f63-422a-8e7a-aae365a6ef9a","b1672075-e4a6-4e66-9b8d-639a1eaccf99","Johnny","Wilson","-","0.0","1",,"WR","Philadelphia Eagles",,
"a5c34007-3d5d-4052-817d-e7e5d1e360e2","4bfac15c-0149-42cb-b8f5-cbf1226f3832","Cash","Jones","-","0.0","1",,"RB","Atlanta Falcons",,
"a5d25f2c-8bc4-469f-86f6-4ac8f0e8b9d2","142d12f8-251b-414e-98cc-96f59742594c","Jared","Wiley","-","0.0","1",,"TE","Kansas City Chiefs",,
"a605e278-0923-444a-98e8-3e8a20d7f938","3a9d06ff-e491-4beb-ad79-a0b8af7526a2","Gavin","Hardison","-","0.0","1",,"QB",,,
"a614d174-5fc8-44c6-8db9-b0eac9a6ef05","15ba742d-7d7b-44d1-a5d5-b2a1dd9dd833","Gavin","Bartholomew","-","0.0","1",,"TE","Minnesota Vikings",,
"a664f1cb-5950-4d3f-b145-3372fecebef3","bfce6c9e-0e30-4b15-91a8-29e86d072988","Russell","Wilson","-","0.0","1",,"QB",,,
"a67e30a5-616a-406c-8e75-a9490c0d6792","c90bf5e7-3660-4ea1-80a6-e99a81246b89","Justin","Shorter","-","0.0","1",,"WR","Las Vegas Raiders",,
"a67ed5cd-a6bb-4a6d-9e09-7d0be08af3b2","62da3dbc-8e78-4d5c-91cd-8ac5931e72f9","Cody","Hardy","-","0.0","1",,"TE","New Orleans Saints",,
"a690781b-17ab-4b3b-961b-01de292bc59c","e781361a-209b-4394-b62a-6e4aab5e2a81","Cam","Grandy","-","0.0","1",,"TE","Cincinnati Bengals",,
"a6bb08d6-03f7-4b7e-80bd-8d27a34fa4e3","71dea281-8e94-4554-a60c-40af3e8f1a20","Izaiah","Gathings","-","0.0","1",,"WR",,,
"a71984d7-7be1-43f6-9658-5a35abf79358","faa44148-2ed2-4263-bbcd-c594eaf31adb","Ethan","Fernea","-","0.0","1",,"WR",,,
"a767afa1-5b4e-4eb6-a196-e1b54014a6d6","cde08d20-420e-417e-a11d-45fc2a764f2a","Jermaine","Burton","-","0.0","1",,"WR",,,
"a7a09eee-c120-4efd-bbc4-ccadcbc15bc5","1bd82f57-58d7-4b57-8b72-6cf4574b7358","Carson","Steele","-","0.0","1",,"RB","Philadelphia Eagles",,
"a7aa4a48-335f-42c4-9cf9-157c50ba3cdb","342b601b-3c4e-4479-90f8-b2048c338e40","Aidan","Robbins","-","0.0","1",,"RB",,,
"a7afb31d-09ea-4152-9ea1-c71b0f87530a","5a06a364-0c19-4cc5-be0d-f6ed33db9b30","Mike","Boone","-","0.0","1",,"RB",,,
"a7c41c44-35ce-4c00-818b-7a80799edc7e","ccc6bb24-a809-4722-ad5f-9946dad7d06d","Kyle","McCord","-","0.0","1",,"QB","Green Bay Packers",,
"a7ce109d-c095-4610-8681-3a886e38266a","53257145-4148-4069-9d49-37a0a018bcf2","Tru","Edwards","-","0.0","1",,"WR","Los Angeles Rams",,
"a812cd1d-55a3-472b-9fdb-5d030ce38855","74328466-c317-42a2-82fb-fcd6f0794859","Grant","DuBose","-","0.0","1",,"WR",,,
"a8261135-bd88-49b0-aeee-52251efd4890","06e79d6b-ad86-4a69-97d8-40470d70fdf9","Tyler","Scott","-","0.0","1",,"WR","Los Angeles Rams",,
"a8b955be-35d4-444e-af0d-828601e498bf","bfefc920-6a2f-414f-bf8f-b82f6eca72ce","Tony","Brown","-","0.0","1",,"WR",,,
"a8d0679c-4897-4b30-a51c-4a008224ae0f","24d76979-5f99-4af8-994d-8dddd42a1a02","Robert","Woods","-","0.0","1",,"WR",,,
"a8d4cbca-39a6-447d-bda6-2e7232cbffff","51535789-972d-4438-bf5e-8617e71d83ea","Malik","Knowles","-","0.0","1",,"WR",,,
"a8e58f18-c068-45ff-9c3d-0ea5b8280e52","f24db425-614d-493d-a7ba-fe40acd1cfa4","Marquise","Goodwin","-","0.0","1",,"WR",,,
"a99f9a52-1fa6-4ed0-addb-e943e5d2eaae","8b1d5278-cc11-4326-a8ec-135422593ece","Brevin","Easton","-","0.0","1",,"WR",,,
"a9f575d4-408a-46f0-bd52-416764cb27cd","d53dfdd0-6941-4ef4-aa5d-6042bf2c30e9","Malik","Turner","-","0.0","1",,"WR","San Francisco 49ers",,
"aa3377c5-34f4-4dae-bd4c-a1d6a23e410f","dd7fdcf0-133b-4900-81c4-867fa31fd834","Eli","Pancol","-","0.0","1",,"WR","Indianapolis Colts",,
"aa423246-6198-481d-8acc-7ab077b7cf2a","0b86feb7-78bb-42fe-b616-c15c6286ec20","Tim","Jones","-","0.0","1",,"WR","Jacksonville Jaguars",,
"aa619978-13dc-4ff9-9d74-ef66538f9a35","3f75318e-7db6-4889-8c47-87e0ef05217b","Kyric","McGowan","-","0.0","1",,"WR",,,
"ab6d6615-94e8-4932-8904-c2999d0e152c","26617bf5-9399-4bb4-a121-98eeb1ee3142","Cole","Beasley","-","0.0","1",,"WR",,,
"ab6dcbac-9d0d-481a-82dd-e451bb735174","85a29e8f-c292-4656-9edb-9dad4a302759","Bryan","Thompson","-","0.0","1",,"WR",,,
"aba751eb-15ee-4f8e-9ac0-8d1bc4360586","1917cbed-4f00-41b1-843c-b77effbf4fa7","Dan","Chisena","-","0.0","1",,"WR","Carolina Panthers",,
"abdf60e6-d557-4bbb-b690-65c13d245162","7ba348a3-0a0a-4134-abd6-bf86cea35828","Chester","Rogers","-","0.0","1",,"WR",,,
"abf48837-6eb0-4eea-bd98-e8bdd4e4636c","66d8ba9a-d0ad-449d-b27a-bdd782a4cc04","Zakhari","Franklin","-","0.0","1",,"WR",,,
"ac61174f-e556-430b-873d-d27774bb3359","7a6976b5-4477-4173-bae0-bd6b1f0e0b94","Irv","Smith Jr.","-","0.0","1",,"TE",,,
"acebba9d-ce06-46e1-95fd-5a5785952a25","416ddce8-f30d-42d9-9318-c80dc4a03082","Cade","Johnson","-","0.0","1",,"WR",,,
"ad06e573-e052-4500-b5d1-3d68d0119666","44608555-7be1-421d-8892-edd66c0abcb6","Jalen","Richard","-","0.0","1",,"RB",,,
"ad17a56d-a47b-4d82-9433-11215c75b622","2a0222c4-43ec-406f-a9a0-a86dd04984bf","Da'Quan","Felton","-","0.0","1",,"WR","New York Jets",,
"ad8819c4-552c-4a11-8e85-9340c2a68799","88982239-ce37-4c5f-8c28-c347112d670f","Zach","Wilson","-","0.0","1",,"QB","New Orleans Saints",,
"ae0b3333-0977-4f54-b110-e6f9dd41600d","1341c6b5-366f-4a8d-8929-9c2b43060095","Thomas","Fidone","-","0.0","1",,"TE","New York Giants",,
"ae3ef5f0-6de3-42b5-a3d0-bed3da8bd518","f47cdbe0-d64c-43e9-a75d-83aceb96372c","Matt","LaCosse","-","0.0","1",,"TE",,,
"ae5ced2b-3046-4b86-ae1b-01175caa21f8","e04f8dc6-aca9-4104-8a2b-f2f876f70bb5","Elijah","Dotson","-","0.0","1",,"RB",,,
"ae85d763-c17b-4d6e-9a79-b1fae1fb53d1","c519cd54-d77e-4938-b276-724d545f2646","Thyrick","Pitts","-","0.0","1",,"WR",,,
"aebe4a54-6de2-4028-b052-22f0c5907460","f7ef84ca-e233-4d95-8f94-79cc6977857f","Jalen","Wydermyer","-","0.0","1",,"TE",,,
"af2c5fe7-bb27-4e19-88d9-9ce0f0aa8a37","04550c94-f446-4180-8c4b-2146f0cad3cf","Kenyan","Drake","-","0.0","1",,"RB",,,
"af68fd05-618d-4722-afff-2f1db53d65ef","61f68938-7282-490c-80ad-bab4b95128e2","Jack","Westover","-","0.0","1",,"RB","New England Patriots",,
"af803430-844f-42a2-bf83-0f9c47ebf5a0","e0cbccf5-eb42-480e-a7f9-58a6d8a416cb","Micah","Bernard","-","0.0","1",,"RB",,,
"afb8bd14-54af-4a1f-bd9e-69ddccb4e590","80db90d0-8057-446c-b2bb-e4d67f357a25","Elijah","Moore","-","0.0","1",,"WR","Philadelphia Eagles",,
"afc71de2-6743-4854-8d42-107d45253828","b5c061b5-0fe2-4b24-9196-dcd20e9a868f","Eric","Ebron","-","0.0","1",,"TE",,,
"afcd7512-4995-4be9-b8c2-f6c4c3f11f01","bdf443a9-60ac-4baf-a41f-6896c733cba2","DeMeer","Blankumsee","-","0.0","1",,"WR",,,
"afd75aeb-845c-4546-82b1-a52b320453e0","a21fdcf8-d3d0-4e1f-802e-e540e78308ca","Rocky","Lombardi","-","0.0","1",,"QB",,,
"afff7bc0-36e4-4e45-ab7d-ee04b3756158","fc483913-ce8e-44ac-a202-97bef687dc1a","Troy","Fumagalli","-","0.0","1",,"TE",,,
"b0e5b689-14ab-4908-a1f8-1f71c057529d","692947d1-8ae4-486c-a454-8b794eccda28","Zach","Evans","-","0.0","1",,"RB",,,
"b0eb08d2-6030-4926-ada8-d445c7a593d0","c2b51764-8afa-4739-8719-6f74b7c7e6b5","Jalen","Moreno-Cropper","-","0.0","1",,"WR","New Orleans Saints",,
"b10b217a-51ac-43a5-af1b-a070340e4a57","080237bb-9677-46f3-b415-81715ef9ca3b","Bryant","Koback","-","0.0","1",,"RB",,,
"b13befa5-5d75-4f58-b3d9-b710db3f7a31","8bfd53b9-f4b9-4b7d-a420-bf8df4edb148","Ihmir","Smith-Marsette","-","0.0","1",,"WR","Arizona Cardinals",,
"b1411584-a31a-4f24-8939-7779106d8318","c1dcc723-496d-472b-a5e9-657d510fe389","Ty'Son","Williams","-","0.0","1",,"RB",,,
"b1ce9b3a-4327-4e09-ae94-0593a542b92b","3763793e-a9ef-4af2-b711-a3e597c68fee","Zander","Horvath","-","0.0","1",,"RB",,,
"b1dfa138-ecbe-4bfd-9e02-130c3a814769","348b5dc8-e106-4ffb-b058-ee609e9e0a6e","Charleston","Rambo","-","0.0","1",,"WR",,,
"b2147611-614b-4110-99d8-5874c467fa1b","c9aed2e9-f389-4dec-b7c1-8eb42b44862a","Sage","Surratt","-","0.0","1",,"TE",,,
"b260b1ba-3056-4d29-9261-c4155f0b1f2c","bd041d7c-18e7-4c7c-825f-fe66fe1f5c57","Trestan","Ebner","-","0.0","1",,"RB",,,
"b33d4664-05fb-40ad-a1ba-915cbbc37409","bcedd3bb-a8a1-43ef-b90a-194fd9d2ef86","Braxton","Berrios","-","0.0","1",,"WR","New York Giants",,
"b3a2efdc-2bc3-4dd9-a535-000c56c0b3f6","b9970e2a-c8c4-49e5-9881-69445b1bdf68","Jahmal","Banks","-","0.0","1",,"WR",,,
"b3b6523e-2726-481d-bceb-0abde6892fd3","0d07de49-9bdc-455c-9dbe-b942e057b5d0","T.J.","Luther","-","0.0","1",,"WR",,,
"b40d4185-36dc-41e1-8d2b-0099526f637f","7135f1c4-50a6-40ac-a3d2-5f4657388ccf","Bub","Means","-","0.0","1",,"WR","New Orleans Saints",,
"b457335e-fe9e-4b12-bcd3-19e8f3060275","e6bb4b6d-b2b6-446b-8c2f-f9a27dd2783b","Cole","Turner","-","0.0","1",,"TE","Miami Dolphins",,
"b52bdc88-4fe7-4c06-8db9-ad54fd1648cb","ee408b18-26d1-45e8-bad0-2e7811adb3e5","Brian","Hoyer","-","0.0","1",,"QB",,,
"b569c7e3-7928-4c96-a92a-fbae5c9c82d1","fb644b02-dc54-472c-b99b-8216516c35bf","Jelani","Woods","-","0.0","1",,"TE","New York Jets",,
"b6764ee7-f060-44ef-9ea5-85ed6ae789ac","bd6ca3b5-46e3-496c-812b-bb04e61515cf","Parris","Campbell","-","0.0","1",,"WR",,,
"b67922cb-f9b7-478d-8a7c-1f4178b1567f","703faa63-9cfe-4bf5-95a7-f92019fbb26a","Marvin","Jones Jr.","-","0.0","1",,"WR",,,
"b6aa3b61-d2b7-4a17-bf1f-64752ab7cdee","dfa3e21d-95fc-4c0e-8c78-88c3d78c2123","Caden","Prieskorn","-","0.0","1",,"TE","Carolina Panthers",,
"b77f7106-cb8f-47bc-86a6-e1954cc83406","90da1841-01ba-44db-a1b4-4b0ae398f1b1","Cody","Thompson","-","0.0","1",,"WR",,,
"b789acfd-2596-48af-a65b-b7d784d17ec6","cc9b1c50-4b72-4129-ae9a-2efa6bd79fdf","Jeff","Driskel","-","0.0","1",,"QB",,,
"b79dedcc-317f-4264-9981-50136ea5b238","d49b53e0-66b4-466e-88d0-c88c35409192","Jaray","Jenkins","-","0.0","1",,"WR",,,
"b85ee74a-2a82-4fa8-8cf7-40c51c9bf182","81db294a-396b-4450-af6f-0349ba219817","Rakim","Jarrett","-","0.0","1",,"WR",,,
"b878fed1-f4b0-47cb-9a0f-430f04d39974","ce86296c-ef28-4b01-8363-c3d4cb5470f7","Michael","Strachan","-","0.0","1",,"WR",,,
"b8c4ed35-badf-4d10-a5cc-de15f44cbbff","6ed19ef3-f920-4d89-8d49-390486ded3ec","Quentin","Skinner","-","0.0","1",,"WR","Buffalo Bills",,
"b922921b-2bf2-4e36-bb29-b398b31ecfa6","8bd196f0-a416-4857-a73f-90786072b710","Miller","Forristall","-","0.0","1",,"TE",,,
"b98daf19-798a-4258-9329-f0e3e3b044e8","36cf3d9c-96fa-4d67-91b0-5567796434f2","Austin","Stogner","-","0.0","1",,"TE",,,
"b9cdcb50-976e-4672-9495-5c9131af1730","146c4232-80de-4728-9ffe-dfe4118cd20a","Chris","Conley","-","0.0","1",,"WR",,,
"b9f4a879-f284-4b8f-a631-16bb5bc0a093","72e51cb9-7908-4a47-a8f8-792efcd064c2","Bailey","Zappe","-","0.0","1",,"QB","New York Jets",,
"ba6e5c83-f99c-4c18-8785-6cc5e33ebdf3","0a971044-f280-4894-96c8-df7481fc53a5","Jake","Fromm","-","0.0","1",,"QB",,,
"bad8a39d-b8aa-4d70-abf2-11cc83e761af","15c150c0-eeb8-4228-b98b-391a20464ef7","Eric","Tomlinson","-","0.0","1",,"TE",,,
"baf7f1eb-0aa8-4ece-a8ca-fdff1840bd9e","51acbf2f-966d-4213-8c23-b482a4f2e263","Ronnie","Bell","-","0.0","1",,"WR","New Orleans Saints",,
"bb7dc06c-a8d5-4c69-941d-fbc87586a619","d96d2e10-79d6-4ca8-bfb8-383a5a5d4510","Pete","Guerriero","-","0.0","1",,"RB",,,
"bb959d5c-628f-4997-a1b1-9404d4241452","7cc3f8d2-2766-459f-9498-ae7ddbaa372c","River","Cracraft","-","0.0","1",,"WR","Washington Commanders",,
"bbae9fc0-988f-40f1-9f53-536f07333121","bd1db5e8-6e7e-480a-aad2-48c888d127bf","Will","Dissly","-","0.0","1",,"TE",,,
"bc01bec5-6924-48a2-bf27-d052d3d2787b","972ad53a-6288-46d4-a4b2-8bab13de4d32","Brandon","Johnson","-","0.0","1",,"WR","Las Vegas Raiders",,
"bc0232f7-a519-436f-9adf-3bdbc644e8c3","3e5b4a8f-5c87-46ee-bbe4-c3df642ee23b","Nick","Muse","-","0.0","1",,"TE","Detroit Lions",,
"bc2e244e-181c-411d-af53-e98759a65dfd","8ecaee15-f29d-4703-80f6-97ba400ddf26","Josh","Ali","-","0.0","1",,"WR",,,
"bc5a344a-300c-4514-9ed6-b2e392e11850","b2382f0f-6499-4c1c-b630-539964c59546","Jalen","Guyton","-","0.0","1",,"WR",,,
"bca97b91-62cd-4b6e-b689-40a0dfa4e06f","691aee8d-62bc-4143-8e79-cd435ea6da94","Jerjuan","Newton","-","0.0","1",,"WR",,,
"bcc4f05e-5635-4ec0-a9e7-f8a8bd5c8df2","9644a956-7ed3-4c3b-bc77-1d14b9412a8b","Luke","Wysong","-","0.0","1",,"WR",,,
"bccfbfb7-dd43-4446-89ab-62695e6609a4","5f93f43a-be12-4088-ab0f-a77e6483f0e8","Stevo","Klotz","-","0.0","1",,"TE",,,
"bd06e7cf-b038-4460-8b5f-cdc6a9804bf8","d09c7110-5c4e-4eb4-8b2b-5c9383bbc0de","Juwann","Winfree","-","0.0","1",,"WR",,,
"bd21aef6-2c72-4f34-921f-6de853e1a58c","875c08ba-6676-453a-98d4-27dc7d74e827","Logan","Woodside","-","0.0","1",,"QB",,,
"bd86209d-53f1-44a1-9ff8-b34c9ecc00c9","9be599a1-d7a9-4d85-89b8-cb9b65597fdb","Mason","Kinsey","-","0.0","1",,"WR","Tennessee Titans",,
"bda66258-5cf3-4821-8600-e07c538cfd3f","cc26c0b6-0745-456d-9927-882a10f9b7bd","Makai","Polk","-","0.0","1",,"WR",,,
"be03f652-21ce-4184-a482-bc8186b41872","03880d40-6efb-4aab-afec-8c9566f9b29e","Josh","Reynolds","-","0.0","1",,"WR",,,
"be474829-1027-405f-a8fc-f61ba344048a","89ddb0fb-14a4-4570-88d9-a525b372ab24","Patrick","Herbert","-","0.0","1",,"TE","Jacksonville Jaguars",,
"beaf4df9-79ac-44b1-89c2-7c49d4023b5d","2542ceae-defb-46af-90cb-5edafffccab6","Ben","Mason","-","0.0","1",,"RB",,,
"bec0d95f-03da-4fd7-8cbc-37d57ed2f161","3739608a-97c0-4eef-aa3f-c39b049bd703","Payton","Thorne","-","0.0","1",,"QB",,,
"bee13d85-1cbf-4d43-8430-c6ba244f9ede","03ab24d3-6ea1-4858-b22e-640d69fe9648","Abram","Smith","-","0.0","1",,"RB",,,
"bf08edb1-ae07-4c7b-9055-d8156f4f48ad","b3356e24-e1e2-4648-bc33-5ba1074bd638","Nick","Boyle","-","0.0","1",,"TE",,,
"bf7a3c54-6b49-4a8d-aeed-e48c4b276ebc","e68bc769-aa01-475b-b738-7c390020ab37","Sean","Clifford","-","0.0","1",,"QB","Cincinnati Bengals",,
"bfb01ae3-22c3-4778-8fce-42c53990f3ed","82fd7b00-df93-4d7a-938c-c1a9094c49d0","Jordan","Hudson","-","0.0","1",,"WR","Dallas Cowboys",,
"bfeb43a8-8af9-41a3-af04-bca521d14a55","5b340de6-8258-4cdd-80d9-a8fc401c3db9","Royce","Freeman","-","0.0","1",,"RB",,,
"bff272a0-8a1f-4534-8767-57abd8754273","b988649b-4657-407f-8880-359cb629c720","Luke","Stocker","-","0.0","1",,"TE",,,
"c073b692-acb3-4152-8130-722daccebd61","5166aed6-f9f1-4163-9fb4-6dacf4406e29","Michael","Pratt","-","0.0","1",,"QB",,,
"c127d220-ab50-402e-89e2-6518a49a5af7","078c2be9-969a-442a-b799-f5b5377d4811","Jason","Cabinda","-","0.0","1",,"RB",,,
"c1363976-59c1-4928-b92b-b66e9df7705e","53ffaf45-c3aa-4a6c-a459-0a5259b4f104","Trey","Palmer","-","0.0","1",,"WR","New Orleans Saints",,
"c1990295-d8cf-434d-b5d1-adb0c24cb637","e17ac4d4-2111-47bd-87c4-e6920d3775bc","Devin","Leary","-","0.0","1",,"QB",,,
"c22b5614-6cbd-4fcc-8d55-2dbbf71ec47e","9465be58-d5fb-4581-a275-1654dcb2f9c3","E.J.","Perry","-","0.0","1",,"QB",,,
"c25101ee-da64-450a-afca-87979ec51c0e","82ad0764-47cd-4497-b192-6d43fb8af08f","Dontay","Demus","-","0.0","1",,"WR",,,
"c27aa109-36f2-498a-a167-548de8159425","0337e1e5-e3b9-4dd6-9e84-b9d6237aef6f","Zach","Davidson","-","0.0","1",,"TE",,,
"c2dff89d-9c9b-4882-84c6-35cb67cb5f61","741d30fa-0b5d-46b1-a095-5f5fe3547266","Kelvin","Harmon","-","0.0","1",,"WR",,,
"c3a8d92f-5eb3-4409-92c1-4065c931bbf0","ac966563-1e1b-40c0-81fb-2d57f58329f0","AJ","Dillon","-","0.0","1",,"RB","Carolina Panthers",,
"c3cd677b-2e0f-44f3-9006-e478f380e744","34a5ecb4-ad9e-4caa-8091-4dc9c2e11e3f","Austin","Watkins","-","0.0","1",,"WR",,,
"c50fa9d4-7282-41d2-9dc9-f64f5bb9304f","6117e527-4190-469e-bab6-ef53a136deda","Frank","Darby","-","0.0","1",,"WR",,,
"c51495f3-5a88-479c-850b-7542a2370c33","3ab3fa22-4176-4926-8743-7169f912e774","Rodney","Smith","-","0.0","1",,"RB",,,
"c54dadc6-092f-4794-98cd-02fc9d54dcba","81517b3e-52c1-41fe-a780-fbe8750afe5e","Troy","Hairston","-","0.0","1",,"RB",,,
"c56781a1-b615-49f1-b43c-939f75fd4a0d","f67a65a6-e2f2-4b9e-86cf-4955407f366b","Hendon","Hooker","-","0.0","1",,"QB","Tennessee Titans",,
"c5b85ef8-88ef-4c70-9cf1-5e3531894a76","b6f08355-a9df-460c-9c55-4a451bbdabe4","Cole","Payton","-","0.0","1",,"QB","Philadelphia Eagles",,
"c60acfd0-4fc3-43a4-9d11-4ef31d1c3379","5665f588-ed9b-427c-b4a7-ed347aa59707","Drew","Plitt","-","0.0","1",,"QB",,,
"c667aa04-0b36-4b74-b522-3c3c3ae12fcd","efc26b9a-4d41-4dc0-8425-7806c1f284d0","Adam","Shaheen","-","0.0","1",,"TE",,,
"c673269d-ddd4-440b-9d7c-759904295424","caaf511f-e1bf-43d2-8136-feed56e7df8d","La'Michael","Pettway","-","0.0","1",,"TE",,,
"c695e5a1-a92c-4a3e-b470-45531acea040","0bb824df-2dff-49f2-9dc2-be7d999946e9","Daewood","Davis","-","0.0","1",,"WR",,,
"c6bcac45-b6b3-455c-8031-fe6a9f46f7d3","6ec722bf-3f74-4875-8674-1a4bff765329","Britain","Covey","-","0.0","1",,"WR","Philadelphia Eagles",,
"c6fd5694-f11e-4ee6-bc9e-1b37c6452fb2","c6de24fe-ecdb-4bf0-bb71-3f0cf65c2f1e","Cam","Miller","-","0.0","1",,"QB","Miami Dolphins",,
"c70f1ea5-4d1e-47d0-9970-432a95f484b5","0bfaf498-3324-4f13-9117-acc85cf3cdb8","Brennan","Presley","-","0.0","1",,"WR","Los Angeles Rams",,
"c73792ef-1dee-407e-8f2b-faf92fc044be","6b69ccdf-9c3b-4352-8f24-b106f8ea4448","Rodney","Adams","-","0.0","1",,"WR",,,
"c773b30e-1ac0-4770-8116-d82565411da3","65a83e99-c7b9-41c0-8284-7426f8e312f2","Dae'Quan","Wright","-","0.0","1",,"TE","Philadelphia Eagles",,
"c7780b21-9f13-4e94-a125-172f1fe266f4","a9ff33be-2c41-480a-84e9-16d6f85c99a6","Dontae","McMillan","-","0.0","1",,"RB","Baltimore Ravens",,
"c7bcc3a9-c555-44c9-b4c3-1e1e6749c6f7","a11b657b-4893-4bd8-9b4e-bf951554fb1b","Deontay","Burnett","-","0.0","1",,"WR",,,
"c7f1fcd8-671d-4308-8f53-b21117f76b40","56af9ed4-c687-48f4-9768-3cf32c29b146","Samson","Nacua","-","0.0","1",,"WR",,,
"c8932d56-d1c0-461b-97b4-ab72975c2baf","a9649d33-6dc9-48f0-89e3-a6757fb3de8f","Mason","Fairchild","-","0.0","1",,"TE",,,
"c8e07494-1357-477b-a9a2-d911c00d5390","3bdbec18-8bad-4d9b-b172-2fbaa2e7a521","Bryce","Ford-Wheaton","-","0.0","1",,"WR",,,
"c91a2d0a-fde9-4d6c-aafe-68cde35a0273","48c8c802-0daf-4222-9b17-85d092c54b9c","Deon","Cain","-","0.0","1",,"WR",,,
"c94fa933-10c5-4028-901b-192415a61355","3cc9555c-7f9f-42bc-b703-a64b3a1709fc","Lynn","Bowden","-","0.0","1",,"WR",,,
"c98a795d-12a3-4492-9df0-3b88ada76499","24baafba-c81b-4242-a0bf-4ec198608324","Desmond","Ridder","-","0.0","1",,"QB",,,
"c9edd1eb-bc0b-40b3-a7b8-95d0cf299a65","cdded231-dbf3-415f-9374-8d35c089cf9f","Larry","Rountree","-","0.0","1",,"RB",,,
"ca3c6c61-45ca-4393-8fc1-db1a48d8ad13","a57b6962-7323-4619-a6e8-5d224ccc42f2","Dylan","Drummond","-","0.0","1",,"WR","Atlanta Falcons",,
"caa75470-405c-4e3d-8da7-f438b3cc4aaf","ed8cdde6-be75-48d4-ac1e-05a49035193c","Dorian","Thompson-Robinson","-","0.0","1",,"QB",,,
"cad17878-7fb5-46cd-9c10-4c9a6e1185dd","edc19ec1-1b0c-43cb-a773-82b8240b64e7","Jason","Bean","-","0.0","1",,"QB",,,
"caf24603-6eaa-4267-b9e6-65668a187395","a19b97ed-908f-42e3-9802-1f98e71b522a","Hayden","Large","-","0.0","1",,"TE","Chicago Bears",,
"cb059d97-a078-46c9-b8b8-b961b13de46b","df150a57-30c7-41d8-8f14-77c40cd38fd9","Andre","Baccellia","-","0.0","1",,"WR",,,
"cb1db5f5-e050-48c2-94bd-cbfc3f116f4a","1a03703d-3b3f-42e5-861a-98f5b1b050d0","Danny","Gray","-","0.0","1",,"WR","Philadelphia Eagles",,
"cb8feeb5-81d7-4c6e-932c-d8f651937d83","6717c6f0-91ec-41b3-8cd1-fa31438b6f71","Greg","Bell","-","0.0","1",,"RB",,,
"cbd2d20a-580e-4075-bd5c-3c7a703f3913","6ab0b134-baa8-4c22-8cea-a3c95d06f5a7","N'Keal","Harry","-","0.0","1",,"TE",,,
"cc163899-cfee-4f6f-9ccf-83358ebe8e48","cd2ba131-3706-4ce1-9e6d-7eb957f5a6c1","DeWayne","McBride","-","0.0","1",,"RB",,,
"cc2fb3ef-c1ea-4d27-a597-4c6d30fb60d3","97919afd-7439-44f9-9e2b-9f0f1478e5ef","Patrick","Taylor","-","0.0","1",,"RB","San Francisco 49ers",,
"cc8b8353-1fa8-4a15-8c26-9e0b1f7c50e1","d9e72afb-136d-4ddc-a451-57cb0476d5c7","Cooper","Rush","-","0.0","1",,"QB","Atlanta Falcons",,
"cca4fff5-902e-4d06-85c3-01a8d130d170","1b821175-4851-4629-8fc5-b8036ad14a61","Diontae","Johnson","-","0.0","1",,"WR",,,
"cd3d28d4-fd45-4db7-a0d2-deb61f23c0e3","2f9cdd9f-c36f-4564-8efb-ead9372f804c","Aaron","Shampklin","-","0.0","1",,"RB",,,
"cd58f672-40ae-4bcc-bafe-ae9d4a63b688","5d65d34d-ac31-470e-b257-884cd1988656","Amari","Rodgers","-","0.0","1",,"WR",,,
"cdbf3b9b-26df-4674-be20-40cf2d4dfe6d","0cdd27f7-ea44-4a1e-afee-2e7a32f66f01","Jabari","Small","-","0.0","1",,"RB","Detroit Lions",,
"cdd61dd6-0d56-4ada-8589-a1c67f51650e","46138876-0318-4746-a61f-9b33cbcdc91f","Phillip","Brooks","-","0.0","1",,"WR",,,
"ce3856fb-2543-475b-ab4d-0fadb80c4d1d","2ea5b21c-573f-4502-b23e-8ce2a97f1b47","Will","Grier","-","0.0","1",,"QB",,,
"cf387755-b442-46d8-aa49-c0b5b193af01","34563ed6-4c32-415d-8dd7-d7204e553e83","Alex","Bachman","-","0.0","1",,"WR",,,
"cf3f26b6-5d8a-41b9-b01d-2bbff7863f03","5786c31c-c097-4b2f-aaf9-f7278a0c03ed","Alex","Erickson","-","0.0","1",,"WR",,,
"cfcf147d-1b0d-4345-90e7-82f992e0bad4","2101a7d6-977e-4d62-b3f0-85486648d6aa","Will","Mallory","-","0.0","1",,"TE","Indianapolis Colts",,
"d09dd755-6db6-420f-8981-0bc3196783a4","067592f0-6509-4c49-a013-d08e5d512b6a","Jacob","Eason","-","0.0","1",,"QB",,,
"d130768b-dbba-455d-a59b-874fe4aeb3d7","1d1e6cef-086b-4878-86e2-df303b613276","Hayden","Rucci","-","0.0","1",,"TE","San Francisco 49ers",,
"d14a2751-57cf-4422-b094-6afb882dd4a3","d89cc456-7055-4f34-992c-f1a0b086b7a3","Duece","Watts","-","0.0","1",,"WR",,,
"d1d9f470-3419-41ed-8372-0957ba2cd12d","fa35326e-2e59-405f-8913-f7711f5aa054","JaMycal","Hasty","-","0.0","1",,"RB",,,
"d2511e8f-40fb-4d7e-8aaa-1253ea841932","dd91a19e-ddfe-40a9-b790-97880ec2587f","DeAngelo","Hardy","-","0.0","1",,"WR",,,
"d2561d2f-c04c-4bf5-bd0b-56db6df9b2d6","0a4c2dcf-798f-46b1-9710-cfa683ec39bb","Anthony","Brown","-","0.0","1",,"QB",,,
"d32f3774-00cb-4a4d-9626-cc390560bdff","352963b7-4096-4f1c-95ae-5818e1060bcd","Eric","McAlister","-","0.0","1",,"WR",,,
"d4098cc7-3aec-442b-b46f-35dd5517c609","f7eaf5c5-e83b-481e-871d-7049d8f815f8","D.J.","Williams","-","0.0","1",,"RB",,,
"d40d9c85-3ba9-4c9e-b450-e42a27b8f8cb","66089393-f3d1-4720-8763-87e0ddb206d0","Shane","Buechele","-","0.0","1",,"QB","Buffalo Bills",,
"d424ae47-c6b3-460f-8186-c35aa2abc043","d4f7fc9d-37eb-4957-924c-50e45c74e94e","Kahale","Warring","-","0.0","1",,"TE",,,
"d44154e1-9139-43db-b0fd-6ce19ecc72e5","837fa8b8-2333-489a-9fa8-64f8825c730d","Tulu","Griffin","-","0.0","1",,"WR",,,
"d4ca147e-8265-45e2-b21a-19d60a04839a","bcb347c7-ee26-4f3d-9937-758f3ac1733e","Israel","Abanikanda","-","0.0","1",,"RB","Dallas Cowboys",,
"d4d4a456-b90a-4f6f-8aa2-f039a5f7730e","a8ac601f-1b6c-493e-a8c0-a980a43547f0","Alex","Armah","-","0.0","1",,"RB",,,
"d657cc92-c527-4e41-8a31-ed353605ba12","45e4720c-7037-4edc-8ae1-d4ddff5a2fa0","John","Copenhaver","-","0.0","1",,"TE",,,
"d6738257-d918-4a0c-af28-a67376a4e618","61e751b2-ed75-46b6-9cc1-8cd44c830194","Teagan","Quitoriano","-","0.0","1",,"TE","Arizona Cardinals",,
"d72c5226-88a2-4480-b8e6-1c21042a1334","55c47e3a-418f-4618-bcda-310b0952edba","Kobe","Prentice","-","0.0","1",,"WR","New England Patriots",,
"d734b07c-85cd-4205-8faa-3ac7f41200e5","91378d4b-35bc-4249-a0e1-65e8719e7eed","Pharaoh","Brown","-","0.0","1",,"TE","Indianapolis Colts",,
"d73ccd29-9030-4c8f-a460-9c52ac996a10","3af0387e-ef50-4742-ac55-e44e90eaf93f","A.T.","Perry","-","0.0","1",,"WR",,,
"d775db14-7440-4890-85e4-295506d8cee5","94ac9789-6936-4291-bad4-b39735197545","Caullin","Lacy","-","0.0","1",,"WR","New York Jets",,
"d77a7526-db04-4bec-a24d-043bfcfec4af","185b1786-74d4-4c06-9af4-c9ec699722e8","Coleman","Bennett","-","0.0","1",,"RB","Chicago Bears",,
"d7c89eae-30a1-4989-b181-b43898c68c34","68174c3a-e18e-4623-b8e0-29c831b5cc65","Travis","Homer","-","0.0","1",,"RB","Pittsburgh Steelers",,
"d868d338-0589-4bd1-a9b2-d77e234ae36a","388ddf77-e2af-4540-b4af-a718f0124e6e","Breshad","Perriman","-","0.0","1",,"WR",,,
"d89ad081-f49f-4450-ae16-a33c39e60aae","15ddd915-a867-49de-96b0-359005734878","Nick","Nash","-","0.0","1",,"WR","Washington Commanders",,
"d8ad7212-c846-40f9-977e-4d91f8d25274","979eb0cc-91d9-4848-9fea-87ebfeb4b141","D.J.","Montgomery","-","0.0","1",,"WR",,,
"d8cb6ce7-ad8f-4300-ba29-6fb6857a3a23","55560224-26d6-4919-a5fd-cbf63e1de421","Jalen","Walthall","-","0.0","1",,"WR",,,
"d8dd1c48-0869-4391-8d81-7a3502405458","b0e51840-b6ab-483b-ac11-8bd6a3e57bd6","Kenny","Golladay","-","0.0","1",,"WR",,,
"d8f9a1aa-f13a-4eb2-856a-8d4a291f5937","3b36bbea-8f94-4aaa-ac28-c3210e5c48a8","Haynes","King","-","0.0","1",,"QB","Carolina Panthers",,
"d92154fc-6f49-4952-b537-5601bd76fca2","98e7c9a5-fb95-4ece-882d-886254c70e8b","Robbie","Ouzts","-","0.0","1",,"RB","Seattle Seahawks",,
"d97d4dd0-60eb-4724-98f4-d715a358d98f","a1c3cba7-1916-4271-8c51-2d197eee11ad","Princeton","Fant","-","0.0","1",,"TE","Dallas Cowboys",,
"d9a08a22-1236-439d-b56d-a76eaad100cb","87bffdee-49fc-4ffd-bd20-43522dc8e23a","Nathaniel","Peat","-","0.0","1",,"RB",,,
"d9bde456-dc34-490d-b3fc-c998ee2f45ef","5c6a3b7b-3c9d-412f-974a-224d100b9316","Noah","Short","-","0.0","1",,"WR",,,
"da8dc08d-9e09-4313-a514-06931685e8a3","64008c21-878e-4bf9-8780-1031be9d89fb","Taysom","Hill","-","0.0","1",,"TE",,,
"dacb587c-a1c3-49fd-af95-00d64140ec94","3bd4fbc0-94f6-4ee3-a169-9990d0779baf","Daniel","Sobkowicz","-","0.0","1",,"WR","Houston Texans",,
"db0bd4e8-b953-4113-bef6-42fdbe49600e","baeeadc9-a86a-4f7c-8bb8-ea119b473c59","Rashod","Owens","-","0.0","1",,"WR",,,
"db10bcb4-c0ca-4539-8391-8264d45dd421","317e2df2-1cea-48a9-b587-d194a53d37f7","Jacolby","George","-","0.0","1",,"WR",,,
"db1ba030-fa15-45f5-a2c5-fdfd2addaeb3","3bd9f2fd-b8a7-4447-bef7-91d22e5ceb6e","Marlon","Mack","-","0.0","1",,"RB",,,
"db8b2b95-78ff-4c09-8cbf-06893118f5e5","34dfefb4-d8ef-43ca-b944-aeca1452a7d0","James","Mitchell","-","0.0","1",,"TE","Carolina Panthers",,
"dc4594c1-635c-4551-b15d-b5703a797974","237cf3d6-f890-4c40-810e-24ed46343fd1","Dalton","Keene","-","0.0","1",,"TE",,,
"dc5e5c4e-abb5-4906-8ea4-d9ddbbd9518b","f22ba772-f56b-49de-be40-6a351581408e","Tre","Stewart","-","0.0","1",,"RB",,,
"dcb5874d-ea44-41cb-8187-3a34309872b3","b7653257-f52c-49af-865d-f5bd16f4783d","Tyree","Jackson","-","0.0","1",,"TE",,,
"dcbce266-e62d-429e-ba9d-822af2cbdec9","038298fe-1fd7-4c88-9e8a-1030c48b0786","Clive","Walford","-","0.0","1",,"TE",,,
"dccb9d69-30ce-4f50-ae22-5b41b6d1438e","bea6c553-38bf-40c1-ab80-b48c5a23a78d","Mecole","Hardman Jr.","-","0.0","1",,"WR","Buffalo Bills",,
"dd964dbd-2051-49ef-b355-f40465af6bdf","1dd8ef88-930d-461a-b2fe-33b31cb82ef4","Willie","Snead","-","0.0","1",,"WR",,,
"dda46e85-f06c-487a-94ff-59e831ce7230","b09279b5-72ba-439d-b384-4aedddc23b0a","Chris","Carson","-","0.0","1",,"RB",,,
"ddc59020-493c-41fd-a060-95cdf9e13b0d","1551d6c8-e6ed-4a68-a3ab-c02179829a90","Kwamie","Lassiter","-","0.0","1",,"WR",,,
"de32d5e4-0025-4dee-9cf3-2337f0ca9299","11fb5bbf-df4e-4748-b35e-5fc10f73b0c4","JP","Richardson","-","0.0","1",,"WR","Chicago Bears",,
"de39b768-cad0-4356-b0c8-fa6d19ed9de6","bdb7cfdf-6e38-4473-a169-c71b24bc8bf9","Darrell","Daniels","-","0.0","1",,"TE",,,
"de455b70-b6a5-4a24-84d8-c79ac90d3854","6b836f4b-35a8-4e1a-b7e6-1324111684ff","Kenny","McIntosh","-","0.0","1",,"RB",,,
"de48625e-727c-4ef5-8e2d-bfd2b4244894","5cf3b6f7-0ae1-4aea-a7e7-5693e41b20ef","Sam","Ehlinger","-","0.0","1",,"QB","Denver Broncos",,
"de650538-7592-4f34-89ed-70a2788f0686","60ecd2ea-8cb6-4de3-b1a2-bea8f2e7e5ce","Michael","Woods","-","0.0","1",,"WR","Denver Broncos",,
"de692116-42e0-4189-b37f-04010af82d27","70e187cf-9b30-4033-8793-badc5f24cdb2","Ayir","Asante","-","0.0","1",,"WR",,,
"de87d83b-c868-4c1e-884a-9fe746f4423c","7f1cf8a9-3ce8-4909-97f1-ca6a599cef35","Malcolm","Brown","-","0.0","1",,"RB",,,
"dea0dfcd-f006-42e2-8b5c-9c8f9ceb5c75","ae5f5999-10aa-4735-81c6-dbeda5400ad8","Xavier","Gipson","-","0.0","1",,"WR","New York Giants",,
"deb44351-edcb-4b04-bb67-9435ccf0f4cf","8e6bee21-668f-49b7-9977-d33642677c76","Jacob","Copeland","-","0.0","1",,"WR",,,
"df174842-c5ea-4820-95e6-3f3d4d4ff9e2","6a9e2f12-0083-4ac3-abf0-3b5a6b4857ae","Freddie","Swain","-","0.0","1",,"WR",,,
"df44a44b-4bbf-472a-b537-7dec9854c90a","714b9e10-4ada-455e-a8ad-e869a265cde1","Matt","Sokol","-","0.0","1",,"TE",,,
"df99965d-c692-44e3-a2db-7b573109d96d","322a0525-829e-4b37-a8f8-f5a046f1da2f","Corey","Kiner","-","0.0","1",,"RB","Arizona Cardinals",,
"dff4c8cd-c6ff-4cb3-97a5-3a474fe06d65","4c06ce0c-9c66-4a9f-9e99-82748ad21cf7","Charlie","Jones","-","0.0","1",,"WR","Cincinnati Bengals",,
"e0292884-b7b9-47e7-8b5a-471fd08a0eff","31fed9a1-b332-4a30-8751-aef602ab14f8","Nate","Noel","-","0.0","1",,"RB",,,
"e0ee2deb-3fca-42b5-bc22-6c5a5d8a957f","47b54337-699a-4a29-bc6c-7010673d3773","Tom","Kennedy","-","0.0","1",,"WR","Detroit Lions",,
"e0fb3a2a-b9d4-4720-b1c2-913a1a53801e","f875617a-a6f6-4e73-a1bd-1cbec6a368da","Jalen","Camp","-","0.0","1",,"WR",,,
"e1b8f7b2-5711-46d4-8c13-5783e7de7ee8","ef66818f-76fa-457c-b5e1-24fb361be3d3","Giovanni","Ricci","-","0.0","1",,"TE",,,
"e23d06a5-8856-4ea8-9c8d-b7d867fabb3a","a42c4bd3-ba9e-4f80-bed4-87bbe09a7680","Khalan","Laborn","-","0.0","1",,"RB",,,
"e26133bb-88bb-477b-9731-589152302470","b245e35a-861b-4de5-8c65-ac63b3ab3444","Devon","Allen","-","0.0","1",,"WR",,,
"e2c506ce-3344-41c5-a9be-216b2ae2c9f0","b2d338bf-b8f0-4594-855b-1092a6ffb834","Tayvion","Robinson","-","0.0","1",,"WR",,,
"e2d1582e-c6ec-4786-977d-318a9e19cc26","606cd7d5-8f56-4453-b45e-cf1fe96d4451","Alexander","Mattison","-","0.0","1",,"RB",,,
"e3240c31-97af-420e-a560-e016adbad450","ed83398e-35b9-4db9-aef5-58e4131f4adc","Frank","Gore","-","0.0","1",,"RB","Buffalo Bills",,
"e3980bd2-1da2-4c86-a2b4-4659826a0dbb","b2fedf9b-ecf0-4f8b-af7b-bd0920ea45b7","Corey","Davis","-","0.0","1",,"WR",,,
"e3bd5b94-e23f-4a49-82ac-66813335d1c8","7e161a67-0d0f-452d-80ac-31d450eec488","Carsen","Ryan","-","0.0","1",,"TE","Cleveland Browns",,
"e4063f29-1d0d-4753-880c-c8f9bf5300a6","7ea783ed-bbef-483e-bd3a-7b34eef06d5f","Phillip","Lindsay","-","0.0","1",,"RB",,,
"e498f90b-9f90-4876-aa44-44758c2674d5","6f385718-3d76-4853-9843-d2324108d70f","Marcedes","Lewis","-","0.0","1",,"TE",,,
"e4e06fa4-366e-41fe-a67a-7a9b3c27b213","7c35e934-a10c-42d0-8444-f7df484fa658","Dai'Jean","Dixon","-","0.0","1",,"WR",,,
"e55a70ca-f996-4393-9ead-db4fd3fe70a6","8e2a76ca-66b4-4b3b-86ca-39d6c16960fa","Kenny","Pickett","-","0.0","1",,"QB","Carolina Panthers",,
"e57dafce-a41d-409d-a789-e8ef4fe640ce","f823d5ba-3451-4fa6-bc4d-b4d661858906","Giles","Jackson","-","0.0","1",,"WR",,,
"e5c5f701-e7cb-4213-bdbf-b1cf04784a29","b4ce4862-3c92-4b80-8782-4ac3d309d2ff","Marcus","Rosemy-Jacksaint","-","0.0","1",,"WR",,,
"e5d0dfc5-9d99-453b-aab9-f61de1400d04","f011d837-1cab-403c-8bca-51bc77f686ec","Colton","Dowell","-","0.0","1",,"WR","Pittsburgh Steelers",,
"e5f0c604-a934-4dbf-8df0-bf396ad0b349","9d9fe379-f313-4c5e-8501-063f7f4d4907","Noah","Brown","-","0.0","1",,"WR","Washington Commanders",,
"e6075a9d-0413-43cc-849d-e2b8781883c4","32dba8f9-38cc-4aba-843c-6ca91d562a0e","C.J.","Beathard","-","0.0","1",,"QB",,,
"e6ec9357-09ed-4e6d-a53c-105c8552c4e5","2e9d9efc-241f-49b6-8d7a-b165e92ffe63","Michael","Burton","-","0.0","1",,"RB","Cleveland Browns",,
"e74af6e5-6ad6-46b9-a059-1b38a5e3bf56","8d2e7f39-0543-4c93-bc3b-fe9bd7267ce5","Patrick","Ricard","-","0.0","1",,"RB","New York Giants",,
"e76c9e3a-0955-4774-95b8-66a303b60f57","69c25af4-79b5-455c-9a83-9a7b1d7346d8","Tejhaun","Palmer","-","0.0","1",,"WR","New England Patriots",,
"e7bddde5-63bf-4831-93e1-142e941d0a9c","462115cd-2271-4331-87ba-908346e8dbac","Anthony","Schwartz","-","0.0","1",,"WR",,,
"e80249b8-53d5-4bed-8066-89239f967f13","fa9c8705-5def-4d7f-88a6-897ff9022d38","Cody","Schrader","-","0.0","1",,"RB","Denver Broncos",,
"e842c83b-4ff4-4f08-a9e1-56cbd74d8c4e","05876f8d-dbe4-4a4e-9e32-171aeec47789","Jadon","Janke","-","0.0","1",,"WR",,,
"e85d5c6f-1045-465a-be9b-e4e4b7f8eb21","606aebf2-f9f9-404b-b6b9-fc6d5dc62de5","Zack","Moss","-","0.0","1",,"RB",,,
"e8923ccb-73f5-4521-8a29-c0d2266205a8","27276d8b-19ee-4222-9312-9a83039f7427","Trishton","Jackson","-","0.0","1",,"WR",,,
"e895366e-b432-4543-b74c-3b86132a7598","767b4623-6f76-4cf4-b16d-51ff51e18205","Kurtis","Rourke","-","0.0","1",,"QB","San Francisco 49ers",,
"e8db90ca-8e98-4c34-8b0a-8bf49aa1a554","35490f3c-4283-47e7-b260-bc73e4b0139d","Cedrick","Wilson","-","0.0","1",,"WR","Detroit Lions",,
"e97ec32d-d650-467d-96b6-6ebf9ff0c6e6","c9e8fd75-195c-4759-b045-52f47fc1afda","Wayne","Gallman","-","0.0","1",,"RB",,,
"e985b6de-7b9f-4506-add6-02add2402d25","e8c1723e-3ec3-49f0-a83b-c7af9c62babc","Luis","Perez","-","0.0","1",,"QB",,,
"e9efeec3-0eb2-494c-8adb-c7acf391723b","475e192b-6c8c-4c89-bc74-fc1f94b2931d","Ahmani","Marshall","-","0.0","1",,"RB","Cleveland Browns",,
"e9f6149e-4068-4e5d-b1f1-65097f3346e0","1616ac66-d8ab-4c79-9598-e0d61242faa7","Rashaad","Penny","-","0.0","1",,"RB",,,
"ea8744ac-f1a7-4fd7-8b47-5c7be2b2b0a7","6852dd08-3887-4879-adc9-c2541373f43c","Marcus","Yarns","-","0.0","1",,"RB",,,
"eaf2de6a-ac47-45fe-9745-58ba3afbe89a","f5d0c6b9-7fc5-4d60-ac80-80ba390b7c07","Hank","Beatty","-","0.0","1",,"WR","Tennessee Titans",,
"eb7ef7a0-9eb5-457c-a95c-3952d9411571","a87e5777-3663-4c87-8c62-fbc4459def1e","Antoine","Green","-","0.0","1",,"WR",,,
"ebd9b05f-8045-42f0-8f4b-232ab5fa3a1d","671f9989-f469-43a6-a7df-5ffc3e3c1469","Justin","Hall","-","0.0","1",,"WR",,,
"ebfc6105-3d99-434e-a038-531ded971133","fac466c3-7c93-404d-9440-9de061befbbb","Jaden","Shirden","-","0.0","1",,"RB",,,
"ecc484ef-a9e9-4c98-b5a4-64e1323f2870","e84d47d6-9a7c-4106-8119-f22a3afd29e4","Hayden","Hatten","-","0.0","1",,"WR",,,
"ecc53718-d5be-41a0-8c66-4b5a23945095","a936dce9-c5ac-4849-b5b0-216ad77c674a","Caleb","Lohner","-","0.0","1",,"TE","Denver Broncos",,
"ecd9c810-6173-4f87-ada9-7f5cc5ebff11","985b2daf-5884-49c1-bc20-055e400a8b2f","Dominic","Lovett","-","0.0","1",,"WR","Detroit Lions",,
"ed169f45-26d2-4ca2-8b54-5b48bd7b46ac","48239222-45d6-4aaa-95b1-78b0d893d64e","Jamaal","Pritchett","-","0.0","1",,"WR","New York Jets",,
"ed24c3c7-0c18-4c1e-8408-a44a6c31eb95","76fce8a2-7843-4369-ad81-c2837868ddda","Kendall","Blanton","-","0.0","1",,"TE",,,
"ed3aa28c-5eaa-46d2-9198-7e25b272e939","9e7b9f41-6407-4fbb-aa71-30344efb750d","Andre","Roberts","-","0.0","1",,"WR",,,
"ed49d541-a079-485b-a24d-9de4ec56f542","8fe5fb02-b5f7-4b73-a89e-4b246cb3026b","Jesper","Horsted","-","0.0","1",,"TE",,,
"ed5a8dda-78c7-4c7d-ad87-5be6dd6fa5bf","226c2222-6b57-4b94-ad9f-0e359751f4c1","DeAndre","Hopkins","-","0.0","1",,"WR",,,
"ed609240-1815-4541-a18a-d1c0e0eeeddd","62dcf171-8d72-4f6f-948d-14db5aabb1e4","Dallin","Holker","-","0.0","1",,"TE",,,
"ed7a15ef-e4dd-4868-b1f8-44edd657c19a","99cf8cd8-945b-4740-8359-6b09dfd470b4","DeVante","Parker","-","0.0","1",,"WR",,,
"ed7f32ea-bcae-4ff1-b9a0-4713dd4f7402","adba1866-37df-42d9-aa3e-6d41941db4ec","Ryan","Miller","-","0.0","1",,"WR","New York Giants",,
"ee042bb7-1122-47ba-8e62-b7bb7ca8935f","e9bf5beb-1eb4-44c0-8017-ffd3abd1badf","DeAndre","Washington","-","0.0","1",,"RB",,,
"ee0c9404-d0db-41e0-9b7b-40b65af2438a","7d93ead3-93f0-4a9d-85c3-504328c42e72","Owen","Wright","-","0.0","1",,"RB",,,
"eed31c7e-ce37-468a-9ebb-059be056b7dd","afdb4f67-7c66-4d78-9771-0989ccbe7f3b","Trinity","Benson","-","0.0","1",,"WR",,,
"eeff1789-b505-4787-bbe9-e6bf8cd6032e","637591ae-e5ae-493e-8f5d-112268e83333","Garrett","Nussmeier","-","0.0","1",,"QB","Kansas City Chiefs",,
"ef04044c-2f18-4f7e-9e32-5619f63ef94c","f8fac9c8-38b8-4c2d-9d30-28d6227d32fc","Ulysses","Bentley","-","0.0","1",,"RB","Indianapolis Colts",,
"ef1931db-b43b-4737-abbf-e38ad17e502a","b8bfa2fd-c6b1-4611-8401-52c1854abfb9","Harrison","Wallace","-","0.0","1",,"WR","Arizona Cardinals",,
"ef7364e0-7cc4-409b-95fa-b6c4e842bf0e","b81c8cfe-41e9-4a9b-9fe0-614ee26eb47c","Miles","Sanders","-","0.0","1",,"RB",,,
"ef7d3734-88a0-410a-a30e-31bc52004d9b","c1ebebcc-f4b2-4bd8-93f8-cec963d9ce7f","Mason","Pline","-","0.0","1",,"TE","Kansas City Chiefs",,
"ef84c14d-bbb5-484f-8387-28aba62d0a77","385ee93a-94fc-448f-ad48-fef7effa6cbd","Keleki","Latu","-","0.0","1",,"TE","Buffalo Bills",,
"ef84c81b-1602-41de-bb39-27877d6d9d67","8b75445a-ed27-4e97-97a7-8dae86f1f722","Quez","Watkins","-","0.0","1",,"WR","Philadelphia Eagles",,
"efb14e9c-9516-48b5-ad00-190a2e35373d","5ea148f4-b488-4c0f-9f49-fd2c074138ef","Kene","Nwangwu","-","0.0","1",,"RB","New York Jets",,
"f009a760-863d-4c69-8b49-b408de1e7ca7","fa5d3daf-e9c9-4f1b-ad98-385d0672da5d","Joe","Reed","-","0.0","1",,"WR",,,
"f00c77e1-0d08-41aa-8ec9-2a1cb962d871","3647507f-2aa5-438f-9eea-2d0c5840fed9","Kellen","Mond","-","0.0","1",,"QB",,,
"f02df18b-f434-4c2c-91d2-8f234f160baa","027b04df-8187-4652-962c-50aebcb28936","Josiah","Deguara","-","0.0","1",,"TE","San Francisco 49ers",,
"f059f879-932b-49df-ac92-97c4ef3fd62b","2dbc753f-6d2c-407d-b1f3-436a4fcf9df4","Quali","Conley","-","0.0","1",,"RB",,,
"f0b96038-630a-4faf-867d-d98385f2d3df","5750c050-2514-489d-890d-5e8484e5a078","Roschon","Johnson","-","0.0","1",,"RB","Chicago Bears",,
"f0ed602f-2721-40f2-8051-00d519ee9175","6081a58b-7ae0-47e1-add6-c028d14c53e2","Albert","Okwuegbunam","-","0.0","1",,"TE","Las Vegas Raiders",,
"f0efefaa-87fd-4397-a3c3-5ced35d6a218","7d6efeaf-e52e-4a2a-8b6e-ccfe86c89d5e","Darrel","Williams","-","0.0","1",,"RB",,,
"f0f73596-03d2-47bb-b202-71d1979f4b71","506a28be-3709-494b-9614-7aeaa5d96b5f","Seth","Williams","-","0.0","1",,"WR",,,
"f10cdd8a-206a-49d5-8597-0da2e99f5211","d4d1c7b0-64ff-4ce1-b5b3-be8173f4e359","Jack","Doyle","-","0.0","1",,"TE",,,
"f155d66e-3e0f-4147-97cf-1b67cc55823c","3397ef52-9406-480b-91c2-8759a3f32d42","Jalon","Calhoun","-","0.0","1",,"WR",,,
"f16ef320-8b1a-41b3-b64d-eefd6dba31cd","e6f2b1a2-d911-46c3-82be-e7015ae506cc","Le'Veon","Moss","-","0.0","1",,"RB",,"OUT",
"f171ca6d-cdb1-497e-8162-49beaf7f16b6","fb67117b-3c07-4ae3-87d5-3d7a5f4f94f6","Casey","Washington","-","0.0","1",,"WR","Carolina Panthers",,
"f1a2338c-7289-4f32-a94a-968b824d0311","7a0ab36e-fb37-4ccb-a0cc-631708972942","Damien","Harris","-","0.0","1",,"RB",,,
"f202fef8-4c23-4300-bddd-d10273ba6e42","d6526d21-cca1-4a63-84fe-aeaeeefc7bbf","Tyrie","Cleveland","-","0.0","1",,"WR",,,
"f21501b2-43a3-4fa8-b62b-8047d82dc631","c762682b-8e99-4a45-850b-4bc9bbdb7a33","Leroy","Watson","-","0.0","1",,"TE",,,
"f2a3c518-8ec6-4627-acd6-8204389537b7","f27a6caa-fb96-4a55-a5a3-7bddbcadeb99","Montorie","Foster","-","0.0","1",,"WR","Seattle Seahawks",,
"f32fb984-afdf-4703-a484-02f67b0ff7c3","ea2596f7-2bfa-48b5-8b79-91d14fec34f1","Nathan","Rourke","-","0.0","1",,"QB",,,
"f3b20a46-e17a-4b54-b884-1d995aa7a443","786239f0-1d51-4b4a-8558-cd43db2113e9","Michael","Bandy","-","0.0","1",,"WR","Denver Broncos",,
"f3b98f04-45a6-4c64-8434-37f32725095a","a5add42f-3abc-4986-83cc-4b021952199c","Gabe","Davis","-","0.0","1",,"WR",,,
"f3e114e0-838a-46f0-8a2f-598a4627710b","164c7dda-98b5-4098-9f5a-afb2f622935b","Anthony","Firkser","-","0.0","1",,"TE","Detroit Lions",,
"f3f31d3c-e1bb-40e6-8a2f-07a3d13fb64e","fddad2cb-d7c1-45ba-ac45-14bc4e30bde5","Brandon","Bolden","-","0.0","1",,"RB",,,
"f4019a60-f1d5-4ae2-b48c-ba06bdf28164","805e7e9a-65c9-4cc1-a6ee-740bef7c598a","Malik","Cunningham","-","0.0","1",,"WR","Detroit Lions",,
"f44ac9a0-ec51-4ca9-b7c3-d76d65509314","a74aa498-1fe2-498e-82f7-5bad1429c606","Junior","Bergen","-","0.0","1",,"WR","San Francisco 49ers",,
"f497250d-2831-4566-9a18-7abb7cb80a37","33cf7a00-a356-4475-98bb-337269c244c4","Richie","James Jr.","-","0.0","1",,"WR",,,
"f4bd4add-b6b6-4808-8ca4-696c069a528a","b7ca5df7-57ad-4581-863d-b02c823a2cb8","Joey","Aguilar","-","0.0","1",,"QB","Jacksonville Jaguars",,
"f50bd4f2-a506-4456-90c6-def5cdf17d03","f1c9141a-6c85-4993-a108-72782e7dca8c","Ja'Corey","Brooks","-","0.0","1",,"WR",,,
"f54a8a19-d0e0-4f18-91c1-9d4c1ad9c992","0c0df20f-709a-408e-99fd-8cfaee14d56a","P.J.","Walker","-","0.0","1",,"QB",,,
"f5813bda-d6b9-4b0a-9a38-0c0eb42f6fa3","47d66d75-6983-4038-a54c-c81b9db1f9b9","Davion","Davis","-","0.0","1",,"WR",,,
"f5bb6eea-47b2-4381-beb8-4a4c70f73a07","5608fda8-ef95-463e-9b0c-b91947dc4538","Alex","Bullock","-","0.0","1",,"WR",,"OUT",
"f5c5a020-1f2a-4118-8330-58e8ac065e22","bb2ba945-13aa-4e9b-92ac-bef77ea13910","Corey","Clement","-","0.0","1",,"RB",,,
"f62c94e4-5607-4933-8a6c-0505e0e7f66c","b658ec81-7749-4bb1-a67c-328ea13dc803","Sam","Hartman","-","0.0","1",,"QB","Washington Commanders",,
"f6c4000a-e47b-411e-8b5c-c6f3d8d66ca5","cb617be8-3a77-4496-9077-1bfdeebcc88d","Chip","Trayanum","-","0.0","1",,"RB","New York Jets",,
"f6cbe570-dd5b-4435-9638-2249d68f29b0","99e22f99-909f-4299-bfda-f69ca75ee042","Malcolm","Perry","-","0.0","1",,"WR",,,
"f6cca9d4-1c19-48ae-879f-b890a769da25","dd7b48ce-9fde-46eb-b03f-45e8274cf326","Jalin","Hyatt","-","0.0","1",,"WR","New York Giants",,
"f6f2ff37-e34b-4b7e-ad8e-75044ee0fcd7","6c2e2f74-925b-4234-9d89-dba79749f6c5","Mark","Redman","-","0.0","1",,"TE","Los Angeles Rams",,
"f752b5d2-9202-437a-8bd5-0b92e6042511","d125cfb6-8766-4fc5-a436-64c5b0b19dcb","Spencer","Brown","-","0.0","1",,"RB",,,
"f7697fea-c554-4a53-9b90-9b85efb00f1d","fb4f8919-1a38-43af-a6f0-841403e012ce","Kevin","Harris","-","0.0","1",,"RB",,,
"f8446208-2716-4d65-a077-d06cc29bf941","7bb27285-2b11-4024-bac3-56513e2bf040","Lewis","Bond","-","0.0","1",,"WR","Houston Texans",,
"f844ddff-c921-4bfa-91ff-5d7b6cc9548e","823c8c18-6ea2-4d4d-af71-5c4ba581c38f","Collin","Johnson","-","0.0","1",,"WR",,,
"f904472c-66ac-4915-b7d8-f7b3aae926e9","43dc15b2-ffff-4c30-acbf-becc74ac6c86","Tyler","Kroft","-","0.0","1",,"TE",,,
"f9b85e0e-0dbb-4ba4-ae1b-857d1e1c551b","501540fa-ada9-4e50-8cbc-0afee30178c0","Johnny","Johnson","-","0.0","1",,"WR",,,
"f9caf3e1-e7ee-49a2-a0fa-9db8b341a212","3ed3bfce-c9a9-4f42-8c0a-43702e7e449b","Tre'Quan","Smith","-","0.0","1",,"WR",,,
"f9ce8251-3198-4486-bc5f-e5ca2351c735","ecb8932a-42c9-4dce-a1bd-e0a0aa21406b","Jacques","Patrick","-","0.0","1",,"RB",,,
"f9e72f0f-b80b-401a-a494-9667e8765fed","b6a6b3b1-d57b-4cf3-8c92-ce73b4a9d8f9","Tanner","Conner","-","0.0","1",,"TE","New York Giants",,
"fa209a91-8707-4921-866c-d2699b344739","342bc747-0b79-41ec-a21a-80328a60dda9","Quintez","Cephus","-","0.0","1",,"WR",,,
"fa40885d-d52c-494f-9b37-d41f0e27f9f3","1e21d975-86cd-4ec5-a056-e5bff2b6556d","Josh","Pederson","-","0.0","1",,"TE",,,
"fad8dafa-0570-4df4-b36c-66f810e1d0c5","5b9b311c-7f40-4096-9e94-c5e608a5b9af","Austin","Allen","-","0.0","1",,"TE",,,
"fadf262d-c54f-47fc-8be2-68ada724efe8","e993bea0-0942-4389-8ef9-73a9fb83ff42","Trey","Knox","-","0.0","1",,"TE",,,
"faf8c1c3-8885-45f5-bf98-a4106f049159","b6e02823-0ccf-45c3-b407-8b999e029957","Kenny","Yeboah","-","0.0","1",,"TE","Arizona Cardinals",,
"fb0698b6-da6c-4b55-a34e-dfa14a10660a","1d5d5f54-8d45-484b-8da7-25391166885e","Jordan","Murray","-","0.0","1",,"TE",,,
"fb11cebe-8b2f-4cb7-b632-151a6e0cef81","6ae27251-4aed-4a1e-8136-5c58736c597e","Landon","Parker","-","0.0","1",,"WR",,,
"fb479613-a03a-445c-8ae3-b742ae75320e","06aed1aa-6279-4ccb-9060-ab3b0091cc4b","Brycen","Hopkins","-","0.0","1",,"TE",,,
"fbe2afee-f883-411d-bd79-a2c852fec66b","951dec08-9612-4865-b891-692e753e0a91","Tommy","Sweeney","-","0.0","1",,"TE",,,
"fc5e5b90-eb00-4cb8-89d2-b7f99776d64a","57754737-d485-4aac-b26c-c39e2da4157b","Zach","Ertz","-","0.0","1",,"TE",,,
"fc976041-b254-40d3-8350-5bdad582ccd4","6138a0a8-55c9-4f5c-8c1e-38eed1b9a675","Stephen","Sullivan","-","0.0","1",,"TE",,,
"fd079987-78cc-46c4-9434-5e65f3cf9257","ed5f0b8b-addc-41c6-831f-80a0597469fa","Jaren","Hall","-","0.0","1",,"QB",,,
"fda84b50-9a55-451d-af48-22d65fb8f1e1","e71ae77e-dcbd-43d8-96a1-c986d2b5da7d","Rashard","Higgins","-","0.0","1",,"WR",,,
"fe3f10db-3355-4d66-ad53-fa9c28bbb910","12416569-f6da-4bfa-833b-8633c76ce9f9","Chris","Herndon","-","0.0","1",,"TE",,,
"fe3f9e37-7e68-4194-b975-a5c51ea2ba87","eae12782-d24f-4a99-8eee-7e189a629e37","Tyler","Davis","-","0.0","1",,"TE",,,
"fe6d0710-0e2f-4add-af99-198e061ce383","f3ff6f77-e713-4167-9083-5938fd00905f","Mason","Tipton","-","0.0","1",,"WR","New Orleans Saints",,
"fe99597d-23d9-4cfc-8336-1927554106c5","2647b1fa-7462-42f6-9c0c-7af8e832e27e","Tim","Boyle","-","0.0","1",,"QB",,,
"feded9a8-4b19-4f12-902d-c2a59549e3f3","37f5cd94-6ce7-496e-b303-496f987398b8","Will","Sheppard","-","0.0","1",,"WR","Green Bay Packers",,
"ff50affc-6fc0-4b08-9f6e-86acff8b6c0c","0684d766-82d6-4e8d-a99d-9a3ad23b9103","Jamaal","Williams","-","0.0","1",,"RB",,,
"0039503d-8b59-4e4c-bc8c-46036d5bdb91","1cd3499e-c75c-456c-ba59-1dfc8328253f","Brady","Boyd","-","0.0","1",,"WR","Jacksonville Jaguars",,
"ff9aaae4-c607-4e0c-b33f-359ec0499e92","3e3f5b2f-dd17-4f48-ab56-fbd6cc7a61b8","Mohamed","Ibrahim","-","0.0","1",,"RB",,,
"0084881c-742a-4407-9bdf-df080fafd5db","e9f27df3-1fa9-4139-93a6-0b3cf66b40b5","Trey","Sermon","-","0.0","1",,"RB",,,
"00e4c226-f1e8-4128-bea9-7084b94fcfee","35ec4c36-31c6-4f7b-b607-e3afb659e758","Chase","Cota","-","0.0","1",,"WR",,,
"013777e2-83df-4180-97af-ad7a5b2b1482","7aa4c822-519d-4d66-801e-401df60a97dd","Tanner","Taula","-","0.0","1",,"TE",,,
"01849115-7f29-40ac-855e-1ce7e28842d1","f8bdbde8-afae-4a23-ac5b-231bd7eeeeab","Dede","Westbrook","-","0.0","1",,"WR",,,
"01dd62f3-979b-496f-921e-4acab0804ad6","82fb71e6-751c-4d58-9057-d45923b76716","Jody","Fortson","-","0.0","1",,"TE",,,
"0223b406-4b49-4228-b775-c6d3a383f384","e936e39d-5930-4dcf-9b74-dd9547e7da5f","Khalil","Herbert","-","0.0","1",,"RB","San Francisco 49ers",,
"0267bb38-cd59-4f43-ab16-92e052f465d9","8ca9acae-f08f-4a8f-acfd-f944a1586938","Lorenzo","Lingard","-","0.0","1",,"RB",,,
"0272dfbd-4653-4287-8446-1b8fb23bb011","905831aa-db91-4d46-b87b-c48f922ae619","Lawrence","Cager","-","0.0","1",,"TE","Washington Commanders",,
"02c52d74-57c0-48b8-a726-58216d7cc078","53ce2974-1b1b-4b46-bef6-236d2dcf0858","KhaDarel","Hodge","-","0.0","1",,"WR","San Francisco 49ers",,
"02cf8ab4-c71c-496d-b6eb-e6a5276fa8b5","e44959d8-6573-439d-b515-d4fe532ae3a4","Phillip","Dorsett","-","0.0","1",,"WR","Las Vegas Raiders",,
"03046913-57d0-403e-9d6f-88937dbe0cd9","dcf46004-4009-4b32-8e6f-1111c0038b15","Deon","Jackson","-","0.0","1",,"RB",,,
"0343baab-e18c-4629-a30f-feb61fc8cd6e","1a460d42-fb92-4617-a034-83a815fdee35","Equanimeous","St. Brown","-","0.0","1",,"WR",,,
"039c5e8f-dd21-4d7c-86dc-494ae246d45c","358e6b1c-92f5-4681-a446-238b520e599b","Trevon","Wesco","-","0.0","1",,"TE",,,
"04261080-797b-4f3e-a853-4e6ef1de8e50","f405f507-36b0-4df1-9bed-afedfe801e3f","Keelan","Doss","-","0.0","1",,"WR",,,
"0444107f-0d23-4efc-b3cf-132bee805987","5596500e-ca2b-44c2-abf0-725506558a5a","Ke'Shawn","Vaughn","-","0.0","1",,"RB",,,
"04b0b875-2a12-462f-b1b6-a9b43ff5b87f","82f724e7-398a-4875-baa1-c081991ff3d0","Robbie","Chosen","-","0.0","1",,"WR",,,
"04bcbec0-ff00-4d5b-b40f-3cf822fc9a76","2edb4817-02bb-41de-8e1c-bf3294f45360","TJ","Harden","-","0.0","1",,"RB","Seattle Seahawks",,
"04c5a0f5-3c6a-4e67-9ca0-70e98ba9d933","88ad20bb-1f50-4818-8b4c-93e72c0f97fc","Jake","Haener","-","0.0","1",,"QB",,,
"0501d0e9-acb2-4f5b-a596-e7cb1b1e06d9","d784c591-31c4-4729-9172-5b91d69c4df0","Isaac","Rex","-","0.0","1",,"TE",,,
"05164c53-c043-475b-85ad-370247a7e92c","68a43be8-4d12-4dc3-9cc2-df895a6d3938","Tarik","Cohen","-","0.0","1",,"RB",,,
"0599541e-5df3-423d-b908-2ba4f90d29c8","d975047a-ae7e-4169-bf00-c38278ad23fc","Jerand","Bradley","-","0.0","1",,"TE","Los Angeles Chargers",,
"059c2f7e-a540-4ff0-9a79-bf3981dd5b2c","178af1d7-b8c2-4352-be8a-089712728525","Jamoi","Mayes","-","0.0","1",,"WR",,,
"05e4d457-161f-4345-8834-a5391f13d4c6","10396ac9-640d-417a-905c-08dba1f059b7","Wesley","Grimes","-","0.0","1",,"WR","San Francisco 49ers",,
"067558bf-231f-42df-bbbc-9231e9648f81","a0735cfc-a6bc-4082-ba86-548d9cbf1f73","Luke","Lachey","-","0.0","1",,"TE","Green Bay Packers",,
"06a0630a-cc79-497d-b8e5-9a33a514c905","e285720d-2bed-4675-99d3-3bfab5498fea","Denzel","Mims","-","0.0","1",,"WR","Dallas Cowboys",,
"07050f02-f0dd-4f82-9c26-8fc31d9e829e","84e60fac-dddb-4870-891e-94a3c9f1c9a6","Jakob","Johnson","-","0.0","1",,"RB",,,
"070ed921-b6f4-4f0c-aedf-713d1133abb5","c075c847-51be-42d2-ba00-d6987fd8afc2","Graham","Mertz","-","0.0","1",,"QB","Houston Texans",,
"071c78d1-44e2-438f-98e0-2577787e5a32","6fd7f2d3-4fbf-4bc9-bd92-44d72bf8b1c1","Logan","Thomas","-","0.0","1",,"TE",,,
"07205e48-3d5f-42ac-b468-61332c848aba","a545507a-fe24-4204-8e19-f1c0cf36c130","Brady","Russell","-","0.0","1",,"RB","Seattle Seahawks",,
"07f47a0b-c720-408d-9cdd-a84f744e660e","2c03f26f-0839-49fc-b351-f877c7afa0f4","Carlos","Washington","-","0.0","1",,"RB","Miami Dolphins",,
"08435cfe-ffe7-4e24-9f21-36165be021a3","3b55e8f0-5c8c-4feb-82d7-4d59b3bc32aa","Tanner","Morgan","-","0.0","1",,"QB",,,
"086abdf4-7538-4804-9916-9e4c665e5fbf","dbd9f1f7-ce84-4580-b559-240027dddbf7","Brandon","Allen","-","0.0","1",,"QB","New York Giants",,
"08dcc368-7cdf-4a81-ba55-57a46ba00684","e401a33a-381b-4aef-ab7e-17712db7519d","Kearis","Jackson","-","0.0","1",,"WR",,,
"0948cee1-c3c8-4e05-9306-5f8b7378905b","8d66c5eb-1eb6-4ef8-9f74-f84716fa60fc","Jaelon","Darden","-","0.0","1",,"WR",,,
"095a9684-8c1e-43cc-9a1a-2de34be1e558","6c05a3ab-6447-417e-986b-c713baa80595","La'Mical","Perine","-","0.0","1",,"RB",,,
"09afd3cd-4fc4-48d2-9f85-5f7a93dff31c","f4414b00-6ea6-4804-b8cf-df2a5de64ae8","Keith","Kirkwood","-","0.0","1",,"WR",,,
"09e4deb4-3f13-455f-b77e-a2ba83c582ee","5eecd2ec-ed9b-42c9-8961-dff74dc889a5","Jason","Huntley","-","0.0","1",,"RB",,,
"09fa38ed-bec2-4a38-b098-8d5e83024459","99f290b0-f6fd-4ec0-b0ed-42a4ec124cbd","Alfonzo","Graham","-","0.0","1",,"RB",,,
"0a1b2a3d-2218-4334-8876-a875fbcb0f46","07641bfd-1cc2-4c66-87cf-1949764e11b9","J. Michael","Sturdivant","-","0.0","1",,"WR","Green Bay Packers",,
"0a2f9bf9-b508-4e81-8123-f775cc43ef01","dd6a5a18-8593-4973-93ed-953596f226e3","James","Washington","-","0.0","1",,"WR",,,
"0a4a4435-d403-45a2-8df3-a2d425412f66","729e4a31-90d7-41f8-9c29-9e798040d6f5","Cam","Sims","-","0.0","1",,"WR",,,
"0a4c316e-760e-4d18-a465-3220cee7a049","7bc0cdfe-cc3e-4112-8600-001b1ef77ec0","Jake","Funk","-","0.0","1",,"RB",,,
"0a87312c-8632-47c1-bd95-8b0d4e7874d2","b83aeb53-9062-43b3-b430-5e7272a9c523","Jalen","Wayne","-","0.0","1",,"WR",,,
"0a9bd103-5262-4e52-b0ce-e5b049edad6e","2d7362a4-246e-44a1-bc8a-97670b059ea5","Reggie","Gilliam","-","0.0","1",,"RB","New England Patriots",,
"0ac441a7-967e-4d91-8f14-2b6bb6d78230","2087585e-807f-4f70-9a3b-916323f89025","C.J.","Uzomah","-","0.0","1",,"TE",,,
"0ae67592-8968-462a-a657-6cdc1e35f243","e13ef851-71c4-44b7-a5d6-71b594dc307e","Johnny","Mundt","-","0.0","1",,"TE","Philadelphia Eagles",,
"0b0d0d73-c861-4742-be92-5c6b409bef0b","8bc11558-7c59-4578-8c40-f27f5f607548","Marquez","Callaway","-","0.0","1",,"WR",,,
"0b4ef40b-99d3-4ac8-899c-baac5972a1b6","c86a8455-08b6-4bb3-bd21-9ac7fe093ae9","Jonathan","Mingo","-","0.0","1",,"WR","Dallas Cowboys",,
"0c085a23-17e2-4459-9cb8-d4e8f80b999d","c07f46cc-74e0-499c-bbd2-4ded07133e90","Octavion","Smith Jr.","-","0.0","1",,"WR",,,
"0c58b337-08be-4fb1-8770-c403bad92809","46f5c977-369f-4672-805b-d5f3b61601a0","Justyn","Ross","-","0.0","1",,"WR",,,
"0c90dfa1-819b-4767-8657-446e5ec2e0e2","600a0f50-3511-4795-8543-25c7a167e915","Jase","McClellan","-","0.0","1",,"RB",,,
"0c964192-7185-4e69-8322-40917b50995f","6b2f4b51-28cc-4eb3-9c16-4fdd0d96eb6d","Josh","Kelly","-","0.0","1",,"WR","Houston Texans",,
"0ce7ac2f-4b0b-479b-a3bc-2d7756982e5b","559fb1ff-7e0b-4df7-962f-aa251be64069","Hunter","Long","-","0.0","1",,"TE","Jacksonville Jaguars",,
"0d04b266-26e1-4647-bd0a-cec2a15da7d5","ee758390-9894-4b96-8a17-3f1bdd2ae428","Jacob","Saylors","-","0.0","1",,"RB","Detroit Lions",,
"0d2dfdbd-a964-4d14-a8be-9ae1c7bc6d54","47654b75-cd56-45a3-89c4-a20b9e201676","Benny","Snell","-","0.0","1",,"RB",,,
"0d95750d-44a8-42d0-8399-5b9c49a1cf92","c1dbe39a-c909-4e1e-8952-b31f6f237df6","Jarvis","Landry","-","0.0","1",,"WR",,,
"0daafc11-7484-45e3-8651-efc91716af90","f5719285-90d6-491e-9489-4ac0cb164e4b","Easton","Stick","-","0.0","1",,"QB","Indianapolis Colts",,
"0db711d0-8e8b-4077-aa62-baee5ca313f9","dc05839e-c96c-4dc1-b974-58a9a5b7c5a1","O.J.","Howard","-","0.0","1",,"TE",,,
"0dde690b-a978-41bb-bc46-881f74c70687","b3c9e9a3-1a3c-4e49-9806-be7d1399ed0c","E.J.","Jenkins","-","0.0","1",,"TE","Philadelphia Eagles",,
"0e814609-0960-4adc-875a-8dc015687507","f4ad7681-a5c9-4aaf-8325-324beab72305","C.J.","Ham","-","0.0","1",,"RB",,,
"0f4c5891-9cda-48b6-8b69-9bed873900b0","6d617460-69ad-4329-bab2-9b569c6658c8","Elijah","Cooks","-","0.0","1",,"WR","Carolina Panthers",,
"0f592cc6-3964-4aa7-b2ed-19c7d72a857a","d4baf681-84a9-4ed2-9373-f02e30ce4d69","David","Bell","-","0.0","1",,"WR",,,
"0f70638f-b14e-4f0c-88d3-b91ad513dd99","dfd3ffeb-7204-40aa-afc9-b4abd000c025","KJ","Hamler","-","0.0","1",,"WR",,,
"0fdc2fc5-26df-4b9f-bbb2-6a5d73e0ddd5","207562cb-4ad5-45b9-b842-1020d4ab18b0","Jeshaun","Jones","-","0.0","1",,"WR","Minnesota Vikings",,
"1010f837-b6c2-4a3b-8a0a-7c12d48c6f79","d182f0d3-7e53-445e-b61b-c7d4bd8fcb08","Mike","Williams","-","0.0","1",,"WR",,,
"10225607-a620-45f3-9a27-67b988085731","bf2cf626-85d3-4ddf-b1f5-93d0b933c610","Kole","Taylor","-","0.0","1",,"TE",,,
"102aa5ce-cdc3-4fc6-a649-6619ccad3e27","f27cd2b4-bf0a-4434-b39d-18f46d1c4909","Jalon","Daniels","-","0.0","1",,"QB","Tampa Bay Buccaneers",,
"1039205f-c49b-4d13-b29a-34d0c5a75b01","afc8de3d-259c-4ad0-9507-680e9e1c621b","Irv","Charles","-","0.0","1",,"WR","Seattle Seahawks",,
"10c0a170-fe05-4f73-9afa-f5c9f7ab1c32","f66d75d8-0185-47e9-ad66-541bda7eb752","Armani","Rogers","-","0.0","1",,"TE",,,
"10e2a452-3059-40cc-8d8b-87fa1e7578bb","81bc7f2e-11a9-4532-9f69-8525ed069808","Hal","Presley","-","0.0","1",,"WR",,,
"10eb7544-6c04-46f6-9931-40e7ab61a4cb","ec48e303-ab67-4b04-b244-cfd42d267334","CJ","Dippre","-","0.0","1",,"TE","New England Patriots",,
"110078dd-3230-4f9d-9f8b-ba5033611b8f","a863d144-7cda-4c94-853e-10b442a2b990","Hayden","Hurst","-","0.0","1",,"TE",,,
"11032d3c-41fc-45d4-98b8-9825f50e29a4","f9cefb91-2c73-4e10-8ff2-635c9350577b","Nelson","Agholor","-","0.0","1",,"WR",,,
"11c3a72f-26fa-4710-bf8a-608b2aad79b1","58ff2712-13c2-4025-bcb7-9c7fadac4e8c","Melvin","Gordon III","-","0.0","1",,"RB",,,
"127cf78f-e28d-490a-8cee-d2d3ec364fb1","c4ab1bb6-8cd2-449f-a528-b05774879d63","Dallen","Bentley","-","0.0","1",,"TE","Denver Broncos",,
"12a8f16d-2e66-4d87-a0ca-87f9f6e575c1","1fbae699-298d-4e63-ae82-e085e70376bf","Jordan","Waters","-","0.0","1",,"RB","Los Angeles Rams",,
"12c33f82-83a6-4dfc-91f9-308e42db2947","d0fdca66-42be-4419-ac89-9d95be49a632","Sawyer","Robertson","-","0.0","1",,"QB",,,
"12f179a7-6699-44b9-a616-9955fc44b4f0","f951a6bc-2ddd-47ef-b7a2-58b59d256e3c","Sammis","Reyes","-","0.0","1",,"TE",,,
"132e6874-27e7-4b3a-8f66-314044d1ce2c","bbc2b540-8a00-4d9a-b814-1eec5e92c75b","Alex","McGough","-","0.0","1",,"WR",,,
"13d77e13-38ef-4f32-bfa2-5cd75c66e00c","8a3c1010-e655-44b2-961b-be21c6582ac7","Pooka","Williams","-","0.0","1",,"WR",,,
"13f0d545-a351-4a64-8f33-329811226371","cfda7604-30c4-46e2-8e15-0ad49955bdd6","Clyde","Edwards-Helaire","-","0.0","1",,"RB",,,
"13f2e6b6-8dba-43c2-992f-73e5f8a32de2","88baddb4-a33f-4433-a1be-dc8042c8e4a5","Mathew","Sexton","-","0.0","1",,"WR",,,
"1490ded1-9b99-46e0-bc23-7c3c70ca715b","96253622-027c-4bd8-852c-0afd08f0bbf5","Mel","Brown","-","0.0","1",,"RB",,,
"14cb7682-e639-4e1b-9691-dedb29d90995","2ceefe98-832b-42b3-9edf-f3761d8f03b1","Jakeem","Grant","-","0.0","1",,"WR",,,
"14f42659-382d-4540-8c46-1ff53dabcd26","cf90b7b8-1c52-4aa5-b766-44c2f61db7aa","Nick","Vannett","-","0.0","1",,"TE","Seattle Seahawks",,
"156b7795-f843-4d54-b0b2-ea8128e3eb69","a9b50911-9c35-4f9a-ac79-b96e8586d956","Desmond","Reid","-","0.0","1",,"RB",,,
"15ade0fc-7a14-4f8f-8f5c-fe512635a284","00680dbd-e22f-4913-a553-71ca2dc999b1","Brady","Cook","-","0.0","1",,"QB","New York Jets",,
"15be0348-1ad8-41f7-a259-abcf397cdd86","c7c9b021-3d8c-47b3-ba54-fc3fc591376c","Bernhard","Seikovits","-","0.0","1",,"TE",,,
"1679ce59-59c0-4bfb-96d3-2d20f75cc22a","d230d384-a222-4aec-b7ca-a07e7d0b4b16","Deshaun","Fenwick","-","0.0","1",,"RB",,,
"16bf3e6b-fcdb-474d-aab1-1c31a6d37cd9","0fc6360d-d3cf-4186-bdfd-b653d7c79ff4","Ethan","Garbers","-","0.0","1",,"QB",,,
"175f0356-9c81-4da0-bbd3-5492d8529a1b","030dbbe9-7a02-4fc9-9d89-3ce57114ec8e","Quentin","Moore","-","0.0","1",,"TE","Washington Commanders",,
"177655a5-951d-4b29-9a11-25133e4d910c","3e1e5a1b-a544-4031-967a-2e8ccf5b48d5","Blake","Bell","-","0.0","1",,"TE",,,
"17936339-a33e-4d59-be51-470187bbcd26","31f48b13-4e12-4079-876e-71d823ac93dd","Sam","Scott","-","0.0","1",,"RB","New York Jets",,
"17f5a3a6-2b7d-4e5e-9a7c-62388864276a","ba821993-c0f5-4ba4-9abc-9d3ffac55fa0","John Samuel","Shenker","-","0.0","1",,"TE",,,
"1800e9e4-4f36-45e3-9155-68e7cc4c5162","f79d1f8a-db38-4fe5-a0c2-541b47a542ba","Joseph","Ngata","-","0.0","1",,"WR",,,
"1808de5b-03ae-458d-8aa5-f34f46dea036","f3444c97-3d7d-4987-9844-64469a914f18","Terrace","Marshall Jr.","-","0.0","1",,"WR","Miami Dolphins",,
"1835da30-6f24-4b54-b349-2ab3f069969b","999d8e9e-82e1-4314-aee4-5c97b1ee48ee","Deneric","Prince","-","0.0","1",,"RB",,,
"18755a74-1b35-49f2-8562-eb821bc5272f","ac04aaa9-0de8-4c2c-a052-5c0c949f9a7a","Ryan","Tannehill","-","0.0","1",,"QB",,,
"188d965f-ad3c-420d-befa-e8f6a70879ca","a88cc862-0213-487c-b963-423685a45820","Griffin","Hebert","-","0.0","1",,"WR",,,
"188fd8cb-698b-4e54-9276-898dae585cac","05d98712-5287-44bd-8fe6-5a691fbc6d18","Jesse","James","-","0.0","1",,"TE",,,
"18abb79c-f4c7-4b47-9f7b-37d79792fc39","6fde0433-6954-403d-9a0c-8357dbc47c09","Rahsul","Faison","-","0.0","1",,"RB",,,
"18f13155-2ed0-484f-a260-e342424305c3","24a71118-d424-410b-be45-3b19e7ea7be2","Myles","Gaskin","-","0.0","1",,"RB",,,
"19e0ae1e-8595-4f72-b8ac-508e8500387e","90742b23-d686-4b53-83b5-0104a4f61c78","Maxwell","Bishop","-","0.0","1",,"RB",,,
"19e750ec-260e-4d16-97af-ad29587acab9","e11fc79e-18ec-459a-835b-fdb566022fc2","Josh","Williams","-","0.0","1",,"RB","Tampa Bay Buccaneers",,
"1a26759d-0a89-4588-b01d-ee55537fc085","392bcba7-0d64-4324-a407-82ca0cc453a4","Patrick","Laird","-","0.0","1",,"RB",,,
"1ad967cc-4cc1-4d66-8a4d-9f104d1380b3","1780471e-fbac-4850-8e9c-168943f95f1f","Eric","Gray","-","0.0","1",,"RB","New York Giants",,
"1b557838-ddf1-4ce9-b333-d601d1302b7c","42662897-70d7-47e3-a3bb-3886117e770f","Deven","Thompkins","-","0.0","1",,"WR","Las Vegas Raiders",,
"1b7cde47-486a-4ff0-ae5b-aa62781fc37a","6328d647-7cbf-4947-8a78-b7a62284baa3","Nick","Chubb","-","0.0","1",,"RB","Houston Texans",,
"1bba32fb-9fe1-49f5-8b37-a4768cfcbad0","8ff33470-26ef-4ddd-920c-8426f449b760","K.J.","Osborn","-","0.0","1",,"WR","Tennessee Titans",,
"1bd86b2d-74e7-4326-a480-86ccc78191d8","57be2de1-9750-4c92-a330-b490c7362c0c","Jermar","Jefferson","-","0.0","1",,"RB",,,
"1cc39d06-e983-4738-aa72-6853db0ac83d","e11870ce-5a93-4ac7-86ae-290e49bef3f3","Davon","Booth","-","0.0","1",,"RB","Cleveland Browns",,
"1ce78d99-6633-4cdf-9ddc-212498eb6fd6","6bf1a468-8372-4d82-8fea-0ed37650ed23","Ricky","Seals-Jones","-","0.0","1",,"TE",,,
"1cfed67a-6a3a-4ae2-bb12-1da9245d968e","1af1ed2e-49c5-4e89-8e19-d0492d2dde71","Andrew","Beck","-","0.0","1",,"RB","New York Jets",,
"1dc233e9-6d52-4315-b110-4f9143c04805","73ac7862-53ff-4c34-8941-0ee2dd78fb06","Cole","Fotheringham","-","0.0","1",,"TE",,,
"1eb72917-a415-4acc-a97e-8bf30a7c045d","7b2be660-6197-4866-afed-8410c2eef8c2","Anthony","Tyus","-","0.0","1",,"RB","Carolina Panthers",,
"1f4802c0-c587-4372-b254-c22d9cb83d74","a37e797a-f468-49db-a3ad-d3138635aa37","DJ","Rogers","-","0.0","1",,"TE","Dallas Cowboys",,
"1f8eafd0-fd4d-4b0b-aa19-cda31716c9f9","fec68604-2ae9-42c6-ad70-04ec8637fbfb","Will","Pauling","-","0.0","1",,"WR","San Francisco 49ers",,
"1f96a64c-c665-4cdb-acd3-25e159490d70","51e0ef29-0e21-448e-b1ae-9fbb76222dee","Aidan","O'Connell","-","0.0","1",,"QB","Las Vegas Raiders",,
"1fe54429-5c3d-472b-a65a-09cb9cc9b607","d2d1b8c1-abdc-42f4-ab5d-6ff531cae13f","Sean","Brown","-","0.0","1",,"WR",,,
"2041f96d-5be9-4ec3-8bce-29b5ef73d0bf","51610023-733f-441c-8343-e6843733e367","Je'Quan","Burton","-","0.0","1",,"WR",,,
"206c1162-cdb8-4d19-b551-12ca8a841f63","7f86d8d5-68cf-49e2-8c8c-9932812eecdd","Noah","Cain","-","0.0","1",,"RB",,,
"20d0f106-9056-435e-b075-9ca5e5f6b367","3dcb0e0b-9b92-41eb-a632-088167c44521","Isaiah","Spiller","-","0.0","1",,"RB",,,
"20e8bdee-b765-4610-8027-61d9812e0edf","879086a0-f8eb-4692-9596-81d2d6391a0b","David","Blough","-","0.0","1",,"QB",,,
"20ecf2ba-13f9-4a79-ae41-b4ba487ccd65","16c96332-6b0d-48fc-a054-0fe191422dc6","Easop","Winston","-","0.0","1",,"WR",,,
"2118f808-0c12-4faa-8631-044052decb15","e62fb788-c84a-4f00-8f9e-4bd1ffc730cb","Curtis","Hodges","-","0.0","1",,"TE",,,
"21746fe2-8858-46c3-9ef4-d4ac91b23961","09140cb4-41ea-4543-a1c6-5c220babb2b4","Dominique","Dafney","-","0.0","1",,"TE",,,
"21a8119b-4169-40ef-941b-0cb9781af72e","9a95a8ed-3c68-4407-8577-b87f61314094","Carter","Bradley","-","0.0","1",,"QB","Jacksonville Jaguars",,
"221e100b-9620-484e-8ad3-70f97a4a9122","e950747c-6541-47a4-a2e6-dd59b6c536e0","Khalil","Dinkins","-","0.0","1",,"TE",,,
"224f114f-835e-4c48-b8c5-454066f2b920","8d87a855-ad6d-463e-a1ec-9d61e39fdd37","Adam","Prentice","-","0.0","1",,"RB","Denver Broncos",,
"229dd779-2823-43f6-9b1a-820dad9a7bb9","3e0bf9a0-4e58-454b-9537-585aa3f84238","Tyrone","Broden","-","0.0","1",,"WR",,,
"232975e2-de36-4703-bf9e-4883b08fd324","429bbcac-a81f-474e-9306-00a3888de9da","Keilan","Robinson","-","0.0","1",,"RB",,,
"232c2fed-ae70-479b-b44b-6f473a90edab","5aca3452-c677-4c7b-96dc-36046152cdb8","Cam","Akers","-","0.0","1",,"RB",,,
"238492f8-d7a5-43cf-8102-91a234ebc6ee","82c88dbb-b877-44b2-a312-38f9e911894c","Jaheim","Bell","-","0.0","1",,"TE","Pittsburgh Steelers",,
"248df63a-a2f6-4377-91a6-35a50dfabb60","b1fa01c2-938f-4ef1-8f2c-42716237a892","Taiwan","Jones","-","0.0","1",,"RB",,,
"24f0dce0-b50a-4939-a5a5-ce31f79fc68e","cb2a40d6-d642-4833-8d3e-cf3056f85ae8","Maurice","Alexander","-","0.0","1",,"WR","Chicago Bears",,
"24fa8e74-41bf-476e-8f88-eb62f9df159c","b0873670-5c95-4134-8926-0b88693aba4d","Cole","Hardy","-","0.0","1",,"TE",,,
"2523f5bd-15ee-43df-8405-5faab7fb72ce","00f76dc2-5727-4597-817e-ce253c10dc07","Ben","Sims","-","0.0","1",,"TE","Miami Dolphins",,
"25295205-0f30-4f52-a691-c0433a772fec","16a50953-fbe5-4b26-9170-c3246fe7d5af","Jalen","Reagor","-","0.0","1",,"WR","Miami Dolphins",,
"259782ba-08c0-49e9-ab95-08f80a0a4ab3","d27a4f15-09ed-41b3-86ff-dd6a1baa2043","Bryson","Nesbit","-","0.0","1",,"TE","Minnesota Vikings",,
"25e5fc5c-4742-42ac-b488-76ecc1ad0f33","39a845d2-bdef-4d89-8ae5-acf2e12ec18b","Kevin","Rader","-","0.0","1",,"TE",,,
"265f1441-d374-45c8-8ebb-432e1604506c","2086b60d-00d0-4267-b0b7-7afa903902b4","MyCole","Pruitt","-","0.0","1",,"TE",,,
"26f41ec4-7af6-4f1f-b322-c6e2e2ae6c7f","ac67e18e-85a1-451c-b970-22574e095cd3","Jordan","Wilkins","-","0.0","1",,"RB",,,
"26fda9b1-b021-4939-98ce-11cc1af1d729","237de2f0-e473-40ed-89b7-220bc9b29875","Laviska","Shenault Jr.","-","0.0","1",,"WR",,,
"2751f3c3-a3d2-435d-af23-1565fe39d50f","441debf6-bb87-4352-be9f-55cc3d23d6f9","Robert","Burns","-","0.0","1",,"RB",,,
"27afc503-eabd-4627-a856-73c3473b83e6","6f2c6b80-e459-40cb-b79c-7c4c85090213","Penny","Hart","-","0.0","1",,"WR",,,
"27d9836e-bbf0-4c71-ab3c-67b7cbf42096","22e1cbc7-c0e6-4369-be55-0b9a96246515","Tay","Martin","-","0.0","1",,"WR","Detroit Lions",,
"28882ebd-8057-4263-80a6-178da0a133fb","270f255e-5b1b-4521-b20b-080c0af408cc","Messiah","Swinson","-","0.0","1",,"TE","Green Bay Packers",,
"28c7f883-8bdf-4725-9342-0e273670d6ae","40359144-a3b9-40e1-b1cb-8e9a4d3994c6","Lee","Smith","-","0.0","1",,"TE",,,
"28ffacd3-47fb-492e-a4fe-0fcfdf74e7fe","75b9a5f3-1825-4653-8a8d-28d114adc1f3","Nathan","Peterman","-","0.0","1",,"QB",,,
"29580a92-75c5-4c9b-8412-bab6d4bfcbdf","48b9f1fd-bcbb-476d-9ddf-610502310dad","Simi","Fehoko","-","0.0","1",,"WR","Arizona Cardinals",,
"29a33d41-6c3e-4a6a-8245-f69b23d39e53","2b583c0f-9170-4972-a65b-dedc29a66967","Michael","Gallup","-","0.0","1",,"WR",,,
"29f5df0e-60ab-4776-9d5e-58d2509403c8","0dfbc5f1-ad18-4996-ad78-ce1d032d130b","Braylon","Sanders","-","0.0","1",,"WR",,,
"2a17f80b-4626-4f20-938f-f957975bc8e5","9453991b-18ed-4f93-9ebf-959f6024fc12","Matt","Landers","-","0.0","1",,"WR",,,
"2a4d21d5-ca71-4e77-b3d8-9e9a139dce7e","1358deda-3806-40c8-a5db-3f78d1610a20","DeCarlos","Nicholson","-","0.0","1",,"RB","Carolina Panthers",,
"2a4ded28-bde2-4f70-a996-62658ae00955","09cb280b-7e4b-43f9-b742-07227972080f","Khari","Blasingame","-","0.0","1",,"RB",,,
"2afbbba4-c150-4ad1-999f-63c27b99185b","0c7e0ce9-014c-4666-a2f6-e636bdcb21ce","AJ","McCarron","-","0.0","1",,"QB",,,
"2b54cc45-6974-4560-8ff6-cf8019b3c34b","7f88e335-8f45-4298-af36-6451c0ea1d1e","Gerald","Everett","-","0.0","1",,"TE",,,
"2b9914e3-a82d-45e1-8d45-5c50820c0575","88e8a6d1-fd86-46db-9e4e-0eb5b8fbf823","Mitch","Tinsley","-","0.0","1",,"WR","Cincinnati Bengals",,
"2bfc0e88-63b0-45a8-83a5-0c461e75f19f","d2345f79-fcfa-4ff3-a082-dea796a53878","Damiere","Byrd","-","0.0","1",,"WR",,,
"2c3dfc47-9f93-48f6-8cde-bda7c64b1b40","4a46dd44-ba05-4784-8261-f32612d39e98","Sam","Pitz","-","0.0","1",,"TE",,,
"2c92aced-2563-4b85-b1aa-ad8d3d28c95d","9a022432-a418-48f5-9473-f4af24814bbc","Kareem","Hunt","-","0.0","1",,"RB",,,
"2c995ffa-684e-4504-91a6-f5cc776641cb","ba4bb100-459d-4c8c-9d91-2e4194d27806","Jacob","Hollister","-","0.0","1",,"TE",,,
"2cc02e80-bafd-47ef-baca-4ed7bbaeb556","148989d7-36a1-4ec7-aa53-656543f3a7e6","Dontae","Fleming","-","0.0","1",,"WR","Minnesota Vikings",,
"2e624611-7eba-497c-93ab-4fad5ea95efe","bc2f280a-707a-4eaa-9979-0d7d64b219ad","Avery","Williams","-","0.0","1",,"RB",,,
"2e7dcbdb-7a2b-4687-8667-dbb10f8ab409","3417a79f-466b-4272-942c-ebdbfaf85b99","Miles","Boykin","-","0.0","1",,"WR",,,
"2e83d443-3486-4aad-8973-5cc72dc059b4","dc3165c9-7f09-463a-ad6f-ed3e9c1133cb","Justin","Watson","-","0.0","1",,"WR","Houston Texans",,
"2e945207-31eb-4a46-a695-e8683be2821d","7621d46a-ac9b-44c5-9f75-b6a315deb280","Chase","Curtis","-","0.0","1",,"TE","New York Jets",,
"2ec76819-6b14-445c-8359-185c4cbbfb71","2bd1add2-a01f-46ad-99d3-f6e07c346b77","Anthony","Miller","-","0.0","1",,"WR",,,
"2ec7defa-7b49-41de-a049-74d8dd693076","41218fd4-486a-412c-a5b1-0a08fd36f116","Brenden","Rice","-","0.0","1",,"WR",,,
"2eed57f3-0ebd-4214-9496-30297daf199e","3324bf4a-377b-4bde-8f24-380ab961e382","Darrynton","Evans","-","0.0","1",,"RB",,,
"2f004ee1-0490-46f3-ad23-1c90f481669a","1b71ed87-7d6c-4bd6-b659-8cb882491d2e","Brittain","Brown","-","0.0","1",,"RB","Chicago Bears",,
"2f071f98-d0fe-4864-9c14-983badbf53cd","c666cd08-5d54-4d91-b50d-eb84a7e70c97","Eli","Heidenreich","-","0.0","1",,"RB","Pittsburgh Steelers",,
"2f47dd8c-20d3-4834-ae9b-d04bcbfd9a55","26ce27f5-babb-4cb5-a39f-9a89c416b69e","Max","Duggan","-","0.0","1",,"QB",,,
"2f9da453-3cc9-496d-a5f0-66805ad14aae","a02d01f6-0760-4c97-8101-ea1e670af341","Zach","Gentry","-","0.0","1",,"TE",,,
"2fce455e-d496-4606-adfc-1831009fbf26","b1f4cb0f-ac20-4efd-a951-d8539f3d46b4","Jordan","Matthews","-","0.0","1",,"TE",,,
"2fe30b9d-0177-4ec7-a09e-92b878f0fe24","f1e3662b-5084-439a-9b4f-65b05962165e","Dez","Fitzpatrick","-","0.0","1",,"WR",,,
"2ffe7856-3e95-4b29-a3f2-ae9f2617bbff","bcc30f17-0f7c-4772-9303-a6e4439409c7","Dalvin","Cook","-","0.0","1",,"RB",,,
"3069fed4-26b5-4428-8b18-a6b9745564a1","46379f8d-f661-48e1-9569-07cbb1441ae0","Robert","Henry","-","0.0","1",,"RB","Washington Commanders",,
"312f89eb-a722-4c53-bed4-519ed40d830d","4b3133c5-d824-409e-b743-e51aec5d3789","Ainias","Smith","-","0.0","1",,"WR",,,
"31382398-26d0-4daf-b9e1-2e3d691eaa3a","ef1236fd-d3ed-4a8d-829c-8ded9a5cc7a7","Kendall","Milton","-","0.0","1",,"RB","Cincinnati Bengals",,
"3146cd06-9bd1-48f1-aa0e-ab60116d4a86","39797425-dade-4b0d-95a9-a9e806d28d7f","Lucky","Jackson","-","0.0","1",,"WR","Detroit Lions",,
"3148a50f-0f9c-49d3-97f2-4d979c0dd23a","a6950df6-2b6d-4155-883e-797e34d2ca08","Miller","Moss","-","0.0","1",,"QB","Chicago Bears",,
"316f8894-ba5c-4302-9041-604065c62175","322ad23a-7a5a-4740-9b2e-8e6a9f3bfab8","Erik","Ezukanma","-","0.0","1",,"WR","Philadelphia Eagles",,
"32b40334-a7a5-40ea-88bb-3bac1a3ee561","5e6778cf-2357-4dad-a725-36eb83bf7486","Dennis","Houston","-","0.0","1",,"WR","Tampa Bay Buccaneers",,
"32b49119-a44e-4e89-8cb7-9ce3ee41093f","b54a400e-6561-473e-990e-8d28394fb779","Chris","Myarick","-","0.0","1",,"TE","Las Vegas Raiders",,
"330b77a0-2933-4e27-9a2b-81b6bbcb6995","23a1285d-7c81-488e-a24c-cea3484f6892","Ross","Dwelley","-","0.0","1",,"TE",,,
"33a64147-726c-4236-9fe9-68b54793e5ba","bafcc8d6-18e2-4a46-9c9d-64b37b608e24","Mike","White","-","0.0","1",,"QB",,,
"33cd5e9e-70e0-48a3-b253-da152b32ef4f","f7ac299c-e688-43f5-9b10-ef5d55f6b691","Zay","Jones","-","0.0","1",,"WR",,,
"3404b39f-7619-4cac-bf52-b3ddda65bf89","c20da9dd-e382-47a6-87d4-e33ab7a4d2ea","Velus","Jones Jr.","-","0.0","1",,"RB","Seattle Seahawks",,
"34187f09-464e-43e8-be9d-8d9278d531b3","bdfe3e78-76b6-48e3-8f58-21c09e84ace5","Rivaldo","Fairweather","-","0.0","1",,"TE","Arizona Cardinals",,
"34941bf0-ed24-4c89-b4d2-153dbb35d169","252d5fc0-fa09-4942-9de4-8cbe4cc43c1f","Steven","Sims","-","0.0","1",,"WR",,,
"34b8d4f7-e497-4061-be61-635efd4f741d","30e9ae9d-a244-4ae2-8c2b-76ab3decbb0d","Gunner","Olszewski","-","0.0","1",,"WR","New York Giants",,
"34eecd38-c427-44e7-aba5-16078f93573b","c23bc320-3b46-44a1-ace3-18eecf14f39e","Vinny","Anthony","-","0.0","1",,"WR","Atlanta Falcons",,
"352964fc-5aaf-4cc5-96db-07625c1ce943","7736b474-9b7b-4ed4-9c89-2ecd798e7d76","Reid","Sinnett","-","0.0","1",,"QB",,,
"35429c48-2bac-4fa6-82d5-9ac7057b243a","cfb45c6c-d0bc-406b-b2a4-16a205031087","John","Wolford","-","0.0","1",,"QB",,,
"35f702b5-50e9-4107-9ae8-76e7f9272311","5c993c9f-7cfd-46d5-9a0e-986ab1c27b2f","Brenden","Bates","-","0.0","1",,"TE","Cleveland Browns",,
"3616bad0-924c-4237-8a97-e7659f261929","151dd603-9d4c-4f3f-892e-d9d3cfb57400","Emmanuel","Henderson","-","0.0","1",,"WR","Seattle Seahawks",,
"3651ca9b-fed4-4a37-954d-c5928d6ab4e1","a5ab3c4d-dbd1-46a3-aafd-fa277c6c528b","Drew","Lock","-","0.0","1",,"QB","Seattle Seahawks",,
"367d8fe0-80ea-48f1-b7b0-956349cdf1f2","91d0535d-dc7d-4422-82ff-abf56418a388","Trace","McSorley","-","0.0","1",,"QB",,,
"3696f4fc-d52b-47e5-aa73-ae9a98aeea8c","d0aa9c34-848f-4ec4-a5d4-cd2c6d6ea92a","Jaydon","Mickens","-","0.0","1",,"WR",,,
"36c2fcc8-daac-412d-8dda-de866cb7f35d","ee486dbb-1f34-4017-a37c-ae4a1ccd5e3f","Austin","Trammell","-","0.0","1",,"WR","Jacksonville Jaguars",,
"36f4940d-5352-4ea3-8794-71e86922ff96","da7e7efd-1992-4439-823b-1660049bd00d","Leonard","Taylor","-","0.0","1",,"TE",,,
"372d5c45-9b3c-446b-aecb-91f7f2799255","a5b45f4b-0439-4586-b35c-895c9e10518f","Gregory","Desrosiers","-","0.0","1",,"RB","Los Angeles Chargers",,
"376251e1-58e7-4f12-a1d6-51ef7e084ced","5433289c-72f7-44ee-8a19-94cdf844d728","Josh","Kattus","-","0.0","1",,"TE","Cincinnati Bengals",,
"37775176-c183-4651-b036-6f2044d1b212","5d581dd2-e2b8-4a9a-8e74-41ca562f02e9","Brayden","Willis","-","0.0","1",,"TE","San Francisco 49ers",,
"382fc0dc-23d4-4ae2-9a4c-f57bb54a5b51","dccf4aa3-1604-4eef-96be-74f2712d6c5f","Silas","Bolden","-","0.0","1",,"WR",,,
"3833d469-e75d-4432-9564-1807878773e7","2e6bc014-38ab-4d5e-9dbd-5ea00d40b743","Ronald","Jones","-","0.0","1",,"RB",,,
"3837ebd1-5b97-4b14-85a4-3124819a87e5","328a3897-8e58-429e-bd6d-657f3b9d4c6d","Anthony","Hankerson","-","0.0","1",,"RB","Miami Dolphins",,
"389f4409-a535-4242-88ab-a4405307c025","191e80b5-c29c-423a-996f-ba8989871efc","Nick","Williams","-","0.0","1",,"WR",,,
"38becbd1-b2b4-4155-a78d-8388d465fccb","defb990b-58ba-4796-a9b4-fc87d5f0e4d1","Sean","Ryan","-","0.0","1",,"WR",,,
"3928dc3f-42a9-42dd-9a22-fe29a3b2c489","7edf3162-eaad-44de-9818-09ab0b107eb4","Joshua","Cephus","-","0.0","1",,"WR",,,
"3936950d-fb7b-4f83-b3c3-4bf42fbbfc8a","9525a6fa-2259-421e-8f69-50df349c6a82","Cornelius","Johnson","-","0.0","1",,"WR","Baltimore Ravens",,
"39684f82-140e-40ad-9f68-8185e57d33a5","7543110b-949d-42ad-8efe-c92ef0120878","Tahj","Washington","-","0.0","1",,"WR","Miami Dolphins",,
"3971448e-7f11-4b7b-819f-bfefcacc4643","e40e1cd1-24e6-481b-b2ac-3e1409143022","Thayer","Thomas","-","0.0","1",,"WR",,,
"398a6947-0732-446b-93d5-ce0448e55728","04c6ee21-1c20-4db8-89b2-868fdee8581c","Zack","Kuntz","-","0.0","1",,"TE","Dallas Cowboys",,
"398f8d96-45b5-4a09-96ea-7610a4622828","b7a950f1-494c-41ed-b0d5-c0423dbef50e","Joseph","Manjack","-","0.0","1",,"WR","Denver Broncos",,
"39b392c8-7d6d-498c-a01a-9af58e6f9f96","75bb829d-b66a-4b42-a2f1-bb7242ecccb4","Lawrence","Keys","-","0.0","1",,"WR",,,
"3a3fcd04-f037-4a17-b6cf-5750960c926e","abc11d92-139b-44ab-9a8d-52e6972676f2","Sammy","Watkins","-","0.0","1",,"WR",,,
"3a549b3c-afb7-40fa-baa6-f2bb3b6249ae","30b931a5-30ce-41a7-ab80-76262f13ead2","Jack","Plummer","-","0.0","1",,"QB",,,
"3a94fd11-3fb3-4b11-b118-eac765d814d1","88f49e7b-9a9b-46fb-8a5e-e86b861d4796","John","FitzPatrick","-","0.0","1",,"TE",,,
"3b133dbf-526d-407d-bf8e-0287c322600c","778f355b-72cc-43b8-9f41-329981aa53bf","Elijhah","Badger","-","0.0","1",,"WR",,,
"3c44f124-5e4f-4ed2-a561-17a73de369dc","88db974e-ffe8-418a-ab27-c46b7f4ad291","Kyle","Philips","-","0.0","1",,"WR",,,
"3cd5c3af-057d-4591-afd2-acc5732490d9","c0386234-0338-404c-b0a8-0a91b6acb691","Slade","Bolden","-","0.0","1",,"WR",,,
"3cdaab14-5b99-43af-b361-a8a7dc065db7","dfae7416-023b-4d71-a89d-b52e203b2fb8","DeAndre","Carter","-","0.0","1",,"WR",,,
"3d6d9d45-9377-4cd3-a7c1-8e62480688b7","fd7f1d74-c4ba-4309-9ae7-b3bf35dcd390","J.P.","Holtz","-","0.0","1",,"TE",,,
"3d7f64f7-0092-45c5-9954-05bea521eab9","3b527565-bc5b-4659-9480-559d64eac2d3","Geoff","Swaim","-","0.0","1",,"TE",,,
"3dd9bfd1-bb25-4c99-81a2-b2ab46a92e44","3ad0f7b8-98d9-4556-bf90-f432a56345c9","Hassan","Haskins","-","0.0","1",,"RB",,,
"3ddca6b0-c6f9-4e5c-acc6-72374c9a913e","1e5330c5-a525-46b2-8425-ed0895ffd2a2","Shi","Smith","-","0.0","1",,"WR",,,
"3e306dfa-6597-4d35-a2a9-aad033d132f7","99ccfbb8-7aa2-4e4e-a202-fd795175352e","Chris","Oladokun","-","0.0","1",,"QB","Kansas City Chiefs",,
"3eb79ace-0d09-4091-94c8-e2df02d01889","a2f6d787-e95e-4674-9cbd-9e68b8bf2140","Jack","Strand","-","0.0","1",,"QB","Atlanta Falcons",,
"3ec2d00e-0cf8-40b0-9392-a9870f5384c6","8a623b0d-b2d9-4267-a75c-ed2117a813d2","Scotty","Washington","-","0.0","1",,"TE",,,
"3f3693a5-34c2-4c9b-a2d2-b9f98a80486e","89b1e246-9bfd-4eb3-b0a2-a5207072e855","CJ","Donaldson","-","0.0","1",,"RB","New Orleans Saints",,
"3f396974-94b5-4c9c-ab37-2454b8c84098","eba1eab7-6959-4a4d-9f69-4d7a01499198","Pharoh","Cooper","-","0.0","1",,"WR",,,
"4005b63f-ff6d-4b2f-a3b8-a3e48b34545e","01ba4181-6f64-4bf1-8d52-8e4d18e7d8fc","Jacob","Kibodi","-","0.0","1",,"RB",,,
"40a22102-f59a-46f7-8099-ace59707b89f","fe313663-17e8-450d-8ef9-d1ec327a5a53","Colson","Yankoff","-","0.0","1",,"TE","Washington Commanders",,
"40a3980b-4b7c-4083-b6c7-1f4680687443","49f7cb7c-4189-45e4-850e-378edd08b32b","Dylan","Parham","-","0.0","1",,"TE",,,
"412b5bbc-811d-4b8d-b000-a21b89325837","674e461d-f553-45d7-806e-705ccae13eed","Roc","Taylor","-","0.0","1",,"WR","Carolina Panthers",,
"41a375f9-5ae8-4485-9530-d00fdc59e2ab","2e66ce70-c91e-470c-8487-3cbefeab851c","Jordan","Moore","-","0.0","1",,"WR","Cincinnati Bengals",,
"41e6ac08-041a-4b95-9122-804c7b74435c","a6c845ff-11cf-4bc1-adc6-c898f5ee4a72","Kyle","Trask","-","0.0","1",,"QB",,,
"4222cce2-c807-4ed4-9255-fef548b79da7","e7043ccb-63a0-40b9-83c7-7085da3fb1e2","Boston","Scott","-","0.0","1",,"RB",,,
"42478665-6189-4e4b-ac46-c923aab285c5","7ef90151-aca0-429e-afbb-3aec19c8d687","Kazmeir","Allen","-","0.0","1",,"RB",,,
"427e2a5c-e5f4-4065-85d9-347723618f18","75690f2b-a27e-48c8-a117-58785124a182","Sean","Mannion","-","0.0","1",,"QB",,,
"429992e9-98fe-434d-8fa1-5fe790acfb96","eb11de6a-6d20-410c-8e57-8d660bc26b97","Kaden","Davis","-","0.0","1",,"WR","Chicago Bears",,
"43e34dc6-e927-45bc-8bed-b290d1e76c3f","206a29c6-12a2-4cfa-a2f3-c9494b81fb9f","Jake","Briningstool","-","0.0","1",,"TE","Kansas City Chiefs",,
"440699f7-398f-4e49-a308-b0d10fcf5a99","cdfe17eb-960c-4d81-8bbd-ced3e913a1d0","Josh","Doctson","-","0.0","1",,"WR",,,
"4427cda8-3c62-45dc-835d-5f1cff699fc5","7fdd4a23-1ba6-45c4-b58f-27add5e797c4","JaQuae","Jackson","-","0.0","1",,"WR","Los Angeles Chargers",,
"44944bd9-0301-4b87-9e07-946122630c35","fc4474e1-fb35-416b-890c-4ca1de17d792","Matt","Breida","-","0.0","1",,"RB",,,
"449ec775-c21b-4f94-bc90-65252a0aa578","c416383c-a073-4c95-b98d-95f973469ee2","Nyheim","Miller-Hines","-","0.0","1",,"RB",,,
"456bed2d-a227-4783-b87e-c26b21900a6b","0dc76583-d9f4-42f9-8a6b-5c07446602cc","Matthew","Slater","-","0.0","1",,"WR",,,
"4592fdc2-c171-47ea-b02e-bb7169020e80","b6fc1eff-ec88-4523-9656-d9fd6b53a7ff","Ezekiel","Elliott","-","0.0","1",,"RB","Dallas Cowboys",,
"45f56755-7be4-43f0-a078-939def79a709","cefc1262-7ac8-4152-ac80-2d7b11da1cc9","Kaden","Prather","-","0.0","1",,"WR","Green Bay Packers",,
"46272d9f-ce62-4512-8311-97c4cc394dd6","06cfc2e1-7494-4093-9c79-488681e373b9","Cody","Latimer","-","0.0","1",,"WR",,,
"46284c68-cbb2-4d46-86d4-7c1a37847918","9aa62b42-770f-4ec2-8e85-30ca00509906","Isaiah","Winstead","-","0.0","1",,"WR",,,
"465361e0-c174-4466-8678-82d223e96d5d","6aaca934-89ae-4000-89ca-79c00a8afc02","Terion","Stewart","-","0.0","1",,"RB","Kansas City Chiefs",,
"47042cd8-b9df-479f-a859-d193f6f2ee58","66b6a62b-3013-4637-9f17-a54cbce4f45a","Javon","Baker","-","0.0","1",,"WR",,,
"47191acb-4056-447f-940b-f65f314b8387","26267416-3042-416a-87a0-499861cf6d88","Malik","Flowers","-","0.0","1",,"WR",,,
"47543ee8-4829-4fe5-9c0f-1be9d712e5b8","dd510349-6c96-4b20-8d8e-2cb7da8bf499","Eno","Benjamin","-","0.0","1",,"RB",,,
"47785b18-a286-4d42-80e9-8e9d6f4ed4a9","575785ec-d27a-4b99-ba9f-42dcd8b89185","Trey","Quinn","-","0.0","1",,"WR",,,
"481847f0-f93d-4682-8955-a0de97dd0283","3bbf88ce-3649-4fe3-b321-b2026d2e20e0","James","O'Shaughnessy","-","0.0","1",,"TE",,,
"4831dd6c-2563-4c8a-99c7-fdca834b0cb0","f448c37b-a82a-428c-9d58-c6958f8b478e","Jaret","Patterson","-","0.0","1",,"RB","Los Angeles Chargers",,
"48700dd2-30ba-4dfe-acf3-237313c75d77","cf36add4-e8c2-4e63-a381-3c260485a2a6","Joshua","Kelley","-","0.0","1",,"RB",,,
"48722079-527e-48d9-a54d-4ef7711ea5fc","b067967c-394a-47c8-8863-4d14b7d1d254","Dax","Milne","-","0.0","1",,"WR",,,
"48c8979b-2a07-4ef1-a568-fff73c754b04","921a45d6-b593-4dbb-82ef-a8d187d65b89","Cortez","Braham","-","0.0","1",,"WR","Baltimore Ravens",,
"48d22d88-aabc-4fd5-a5e6-2ed97628cc91","3d04078f-82ec-4b45-8291-aa5b08221d4f","Matt","Corral","-","0.0","1",,"QB",,,
"48d7d2c3-6bc9-4cb5-b960-def927dc75bb","27752b82-b3bd-4ccb-a5d3-8dbb8814dd35","Robert","Lewis","-","0.0","1",,"WR",,,
"496585b8-0d89-485c-af80-a94eba7460ec","13057098-cc2b-4996-b92b-d0eb1fc86068","Blaine","Gabbert","-","0.0","1",,"QB",,,
"4ade032e-7b34-4a70-884a-6970af139d37","5015aead-f8b4-419f-a711-517786575595","Caleb","Huntley","-","0.0","1",,"RB",,,
"4b38d9dd-9480-4cbd-8aad-024673213460","dab88fd5-33ee-430c-9c8c-b8be161b04ff","Shaquan","Davis","-","0.0","1",,"WR",,,
"4b4a6656-4133-4504-8fb2-5a0fa0f6a07f","681c5989-5f28-4645-955e-dfefb0e221a1","Duke","Williams","-","0.0","1",,"WR",,,
"4b7128ad-14d6-4a70-85f0-b06320ae65f3","e7b3c934-50a8-4a3a-9f2b-a26cf98542ac","Jonathan","Ward","-","0.0","1",,"RB",,,
"4b9b1369-962a-4f36-a812-45aec07a3c6a","aac67e29-d938-402b-ab3e-d020976afd40","Tre'Shaun","Harrison","-","0.0","1",,"WR",,,
"4c47fbf5-46e0-4f0a-bacc-8fd53660f287","cf3ef49c-dc3b-4645-9300-7daa2d659787","Squirrel","White","-","0.0","1",,"WR",,,
"4c562f77-9a5e-4ff7-93cd-86e1156e6095","de7041bb-b56f-4bb4-847a-c9892bda0b1b","Jared","Wayne","-","0.0","1",,"WR","Houston Texans",,
"4c77cf71-13ce-4ca7-8a5b-8af865076b8f","6055d19c-9329-4216-a7a2-785f011e2392","Ray-Ray","McCloud III","-","0.0","1",,"WR",,,
"4c8cd7a1-c10b-4c8e-8ef9-b95eb3d35452","e7196a07-4d7c-49e0-b67f-1a04815b2d98","Ty","Montgomery","-","0.0","1",,"WR",,,
"4c952092-00c1-4342-b765-b4b553a66da2","7ea00793-952c-4b99-871a-eea575a9f233","Sam","Pinckney","-","0.0","1",,"WR",,,
"4ccb8f5f-66ac-4702-bed9-d5f206c41c73","4a8dfda0-4799-466b-af25-2fe1c00b01f3","Brett","Rypien","-","0.0","1",,"QB",,,
"4d0108db-221f-4c60-9d7e-3e3e3c399418","7ca8cb1d-4dff-4015-94e4-45ce09087af7","Keilahn","Harris","-","0.0","1",,"WR",,,
"4d5ba4f8-fe3a-48ca-a160-dbc8a7cf699e","8f692ef5-a0bb-467d-b8ca-1cc2e456532e","Gerrid","Doaks","-","0.0","1",,"RB",,,
"4db1d380-b609-4133-bb6a-245d3956c3e7","182ed059-d05b-48ad-876d-066765be91eb","Jalen","White","-","0.0","1",,"RB",,,
"4dc25996-9b95-409d-a2b1-d2c5bc153ba8","ad84c9f3-fcd3-4ff0-96cb-ed74c9d14e18","Taylor","Elgersma","-","0.0","1",,"QB",,,
"4deea280-c2b4-4864-b757-c8a68244828d","8d115c93-d2fc-43c8-b1e1-ed92ea8d5e6d","Sam","Wiglusz","-","0.0","1",,"WR",,,
"4e4b1ef5-e810-4912-8335-9701c6062e17","6ae90029-ef26-48ec-b192-e6c4dd67f3c0","Xavier","Guillory","-","0.0","1",,"WR","Baltimore Ravens",,
"4ee838ab-6d1e-4fbf-82c9-accc07b1a341","1d7e2d3a-efe7-43fe-b8d1-7f69c0de676c","Seth","Henigan","-","0.0","1",,"QB",,,
"4f171995-4d8d-4c27-96a1-86800e259d2f","475177f8-69e0-4e62-80e3-74d26aa54836","Devonte","Ross","-","0.0","1",,"WR","Los Angeles Chargers",,
"4f39e96f-4d2c-42ea-b033-197a94f3c342","653b8ff0-6dd9-41a2-9175-0fcba9f06dc0","Skylar","Thompson","-","0.0","1",,"QB","Baltimore Ravens",,
"4f8a73f2-5709-4cd0-90b9-3fd009de64e2","8aa22065-6bf8-4fee-b0b8-4e58af51f8d7","Neal","Johnson","-","0.0","1",,"TE",,,
"501dc9de-01ff-49c1-bcb1-2529fcda5e1d","4815d59e-4f5f-4641-a199-11154721e945","Tre","Nixon","-","0.0","1",,"WR",,,
"502c0a36-c59f-4a4f-b02f-fe92df49f618","4c286f7d-da6a-41ba-a471-f1fcad219888","Brandon","Powell","-","0.0","1",,"WR",,,
"505d282a-3d4a-43df-a510-ddaaa7d6d491","8cd958e5-1a31-4200-af0f-706c15f35aa5","Daylen","Baldwin","-","0.0","1",,"WR",,,
"5064ecc8-0aec-44a1-acaf-8541c9280ee5","3904d4a3-0ab7-490d-8923-5ea81499dfdb","Mark","Gronowski","-","0.0","1",,"QB",,,
"5079dec1-093b-40df-9d92-bd33107b8997","c079c44b-8dca-452f-bbd0-6aa72420de96","Mario","Williams","-","0.0","1",,"WR","Los Angeles Rams",,
"509452b9-f374-41e2-835e-aa549b228133","fa3a2428-7c77-4629-87e1-935eb5832440","Dean","Conners","-","0.0","1",,"RB",,,
"509d2772-99d2-4ce0-a0ca-184f500bd657","60121a36-8aa4-4d1b-8c38-1769d34f4941","Michael","Wiley","-","0.0","1",,"RB",,,
"50be9745-5fb9-4e9a-87bc-e4e788c2acde","f5a6acf9-b129-4d49-a7b9-f1e16a48f2a6","Kyron","Drones","-","0.0","1",,"QB","Green Bay Packers",,
"512a4fcd-3ddc-4d96-a586-b512dec60e42","7f204c2b-9f90-4fc4-addd-8833327eba11","Johnny","Lumpkin","-","0.0","1",,"TE",,,
"5188adbc-87a9-4d0d-988b-404eba6f13e4","a23ada60-09cb-4e45-9bd1-f35daea52e25","Erik","Krommenhoek","-","0.0","1",,"TE",,,
"51ca74b5-025a-4647-a159-cca713288ed3","af9bc7b6-fdfe-4c60-b199-3508e9abad3a","Jeff","Wilson Jr.","-","0.0","1",,"RB",,,
"51cc7d09-0ec6-455d-a5b8-c6cb283b9c0f","87939b5c-548c-48c3-8215-87c16fc255af","AJ","Henning","-","0.0","1",,"WR","Miami Dolphins",,
"520d4aa2-4de6-4aee-8d45-a7bba56a9767","647541b8-9325-45fe-9b4e-4043e5547006","Chandler","Brayboy","-","0.0","1",,"WR","Jacksonville Jaguars",,
"52d4282a-f001-41dc-925c-c1d0ec13d5d0","78c700de-f98e-4043-be37-1a1735256c38","Ja'Lynn","Polk","-","0.0","1",,"WR",,,
"52df3d4b-1566-41d9-8a3b-d9b5aa0026cf","684fc58b-2c49-4dd8-9b55-02df290597aa","Byron","Pringle","-","0.0","1",,"WR",,,
"53743b1e-f2ea-4a2a-8c36-214cc3d609bb","88b7899f-3d80-48b1-8c92-b86845527660","CJ","Williams","-","0.0","1",,"WR","Jacksonville Jaguars",,
"538c23fd-e777-4bd7-895d-13b5216a634f","bc5aa9a5-8bbe-42b6-9670-86257b8e153c","Holton","Ahlers","-","0.0","1",,"QB",,,
"53aba52a-6f68-412d-9449-9f5c4ac130b5","b030ee61-d44b-4cb7-976a-2b2d8885befd","Nate","McCrary","-","0.0","1",,"RB",,,
"54b59478-7644-46e7-85fe-f2439075f5bd","58619510-459f-4cd1-b79b-0c2075d57cd3","Sterling","Shepard","-","0.0","1",,"WR",,,
"54f8fd0e-e5b3-4391-a8fa-74dd73fb6100","e335d9fe-6f4d-4331-98db-849609ae5a66","Ian","Book","-","0.0","1",,"QB",,,
"55c08d36-2499-4efa-8950-4bba1785a25e","deb8afc0-af2d-4d40-b2d7-cb9b3c405e8c","J.J.","Taylor","-","0.0","1",,"RB",,,
"5646c244-b764-4a35-a61d-52690a4d5de0","1dc3e6a9-ae93-4126-a8ee-f047d9044296","Sal","Cannella","-","0.0","1",,"TE",,,
"5661470e-2bd7-4bed-b4df-6c7bb007a446","dc2e3603-d50d-4e48-8af4-6a8d7c7446eb","Daurice","Fountain","-","0.0","1",,"WR",,,
"56638a19-44fb-4f00-934d-2fd68c697637","bc7dd508-16f0-49c9-a87c-e5295f27fb2a","Isaiah","Neyor","-","0.0","1",,"WR","Green Bay Packers",,
"57b4a121-6029-40c9-96b0-4a1b2d5d6fc8","dc6f13c8-709d-41be-84ce-1f11151225e5","Jeff","Caldwell","-","0.0","1",,"WR","Kansas City Chiefs",,
"57e19af6-7623-49e0-994a-de76bb68284d","a26700df-5f0a-48e2-866d-362d83de2aa4","Trevor","Siemian","-","0.0","1",,"QB",,,
"5809dbf0-21c8-4ba6-99e6-6c542e5ca7f1","abbfc8f3-2503-4312-a001-3b79775bc2fa","James","Proche","-","0.0","1",,"WR",,,
"587f5fca-0bf9-4ecb-9fc1-3dd3841eaf46","7fbb01f7-c733-48ed-957d-9b0c11f2f2cd","David","Durden","-","0.0","1",,"WR",,,
"58eef06b-fa3f-4dc6-adf9-479b476650d0","8b384832-21b2-4959-9ead-93d75e9c2e60","Xazavian","Valladay","-","0.0","1",,"RB",,,
"59500a4a-2bd1-433a-9ecf-60696a894a09","71693042-40f2-413d-b49d-17d923313d7b","DeeJay","Dallas","-","0.0","1",,"RB","Jacksonville Jaguars",,
"5961df5a-020f-42f0-af25-b27bdac0cb85","19509873-f51a-4cd7-8436-149cbd0009b7","Daniel","Arias","-","0.0","1",,"WR",,,
"59f4cb17-5567-4e2b-a61e-f355dd1ca022","9ac6f890-b53b-4709-b823-6fdb73a371ee","Blake","Watson","-","0.0","1",,"RB",,,
"5a8f50d8-2a5a-485d-8d0a-f04fa801ffe7","6e9df746-d5c4-472e-af68-e2c4331a7fe6","D'Onta","Foreman","-","0.0","1",,"RB",,,
"5aae24cd-13e5-4532-8ee3-04eeeaed12ce","76b32911-77ef-4dc5-a24b-94cef51b7f7b","Demetric","Felton","-","0.0","1",,"RB",,,
"5b201d47-3faa-41f6-8048-ad8d3f0ef857","a28195c7-d5fb-42fa-9667-9539c1db470d","Joe","Fagnano","-","0.0","1",,"QB","Baltimore Ravens",,
"5b2959d7-6c57-4d19-acaa-6dc2a654a82b","3233ed0b-c669-48d1-9b6f-f2a9b0f25a94","Cephus","Johnson","-","0.0","1",,"WR",,,
"5b4f3d3d-ed25-4a39-a729-a1e1399751c1","8c96de65-f229-4f8f-929e-2fa0b7a2647c","Austin","Mack","-","0.0","1",,"WR",,,
"5b50f545-80fd-4cc0-9fca-de774daa2417","c3059018-0cee-42a7-8ad4-e11aa6c5bfe5","Clayton","Tune","-","0.0","1",,"QB",,,
"5b6e97fb-0035-42c2-809a-f327035468ef","75db8d7a-8a83-4a3c-918f-ae035fd6bb62","Drake","Stoops","-","0.0","1",,"WR",,,
"5ba4f975-639c-462b-850a-560705c77b25","506acbf6-d40d-413a-804b-b1b88f57aa9a","Isaiah","Wooden","-","0.0","1",,"WR",,,
"5bcdbbbf-c284-4fa6-b6be-9f4051c213e6","fe185af0-5ea1-400b-ba68-754813802b96","Jake","Kumerow","-","0.0","1",,"WR",,,
"5c7e8d60-12da-4927-89b6-ef3067e49802","1e8d3d2c-b9aa-4d4e-b9a6-8e3cd2b01e33","Hunter","Renfrow","-","0.0","1",,"WR",,,
"5cad0012-63bd-4dbd-8263-b71088d68a39","3cd91567-2eb5-4a43-a64d-59a4235e5508","John","Kelly","-","0.0","1",,"RB",,,
"5cc896ad-b78e-431f-af5c-51d1722aba31","9b47db2f-b03f-4e6a-8c34-109961413742","Brandon","Smith","-","0.0","1",,"WR","Pittsburgh Steelers",,
"5d04cf58-e358-4b19-a855-aba86e1e03b9","297c385d-a1fa-46bb-8ed7-955b34d5b27c","Bauer","Sharp","-","0.0","1",,"TE","Tampa Bay Buccaneers",,
"5dce4ad4-2625-4df7-a0e1-bd35fb3bb66e","08804ef2-c983-4ea2-b7c9-325628a1e45a","D'Ernest","Johnson","-","0.0","1",,"RB",,,
"5dd925f3-9bdc-49d9-b08b-cb6ec31816a8","8e657894-cbf8-4464-b60c-c9cf9aa2520b","Raheem","Blackshear","-","0.0","1",,"RB","Detroit Lions",,
"5e51bfea-4e76-4423-938f-9a9a382df647","66314378-509f-4782-aae3-289603eca611","Lan","Larison","-","0.0","1",,"RB","New England Patriots",,
"5ef79dd8-b458-4ca8-97f4-1ee0427f9c20","ee0509c7-82c2-428a-b884-8517a4ceb0e0","Brandon","Dillon","-","0.0","1",,"TE",,,
"5f313607-15c1-4d61-856b-49ae109f4d4f","ce422a7c-2ab7-4b92-8cd4-c3d27eff095c","Montrell","Washington","-","0.0","1",,"WR","Houston Texans",,
"60282bba-8842-4c42-b5f1-282da8b2e41e","90254d27-8b68-47b3-a0b8-80acf507f0ab","Matt","Barkley","-","0.0","1",,"QB",,,
"602b621c-c171-4038-89cb-daf2ff595a87","9c41bba6-096a-4abc-ac6b-53b2c42a3f2e","Malik","Heath","-","0.0","1",,"WR",,,
"6043a640-80f1-439b-966a-96d3aa306591","5327d273-a03e-4305-9f77-e92292dbd1cd","Mike","Harley","-","0.0","1",,"WR",,,
"6058620a-fbea-4486-a836-97407886081c","c26e64ed-4bb5-4c28-8eea-e4e309e53bdd","Derek","Wright","-","0.0","1",,"WR",,,
"60c20ddc-3d2b-4468-9cf2-ae25788fa279","c7c2c860-0909-4631-a237-d8a0175f7677","Dontrell","Hilliard","-","0.0","1",,"RB",,,
"6128b7a9-109b-4bf5-a1f0-02c7d6fde3e0","1c56c16c-64ad-4ba5-bcc7-5d6dfe949568","Malik","Rutherford","-","0.0","1",,"WR",,,
"6144759c-63ad-4f6b-93d9-0279a281d842","2c649590-432e-4773-b521-f994b29a7c40","Noah","Whittington","-","0.0","1",,"RB","Houston Texans",,
"615767d7-2b0e-47e3-9281-15601d6f614b","6f040dad-a0f3-4c30-8613-df0abc3b88f2","Jamari","Thrash","-","0.0","1",,"WR",,,
"61ad441a-61b9-4bc1-a74b-1cb954063db1","9b3d4373-be77-4ffd-9510-372f04c37f19","Kedon","Slovis","-","0.0","1",,"QB","Arizona Cardinals",,
"6257c1eb-dd54-4ee9-a977-458000a6fd05","d0c282f2-25e3-4ef1-bd7c-2a0e91425a5c","Mac","Dalena","-","0.0","1",,"WR","Buffalo Bills",,
"628338e1-676b-4b1c-8a4a-e648b3ada1a3","004956c3-c897-494e-b7d2-7ba2f94ea755","Gee","Scott","-","0.0","1",,"TE",,,
"62d2ec0b-d1c0-4247-8f0c-f7dfe3753956","8bc4c091-5e1a-47db-a7ca-fc32595e42b4","Racey","McMath","-","0.0","1",,"WR",,,
"62eb4188-d6ec-49d9-910f-4651761ae50b","68dc655d-e697-4753-a723-a759a9911ec9","Derrick","Gore","-","0.0","1",,"RB",,,
"62edfc2e-aee9-4c9a-a7c2-7cff0ea4d922","eb3931e1-de43-45ad-986f-b8222a838fd1","Sam","Howell","-","0.0","1",,"QB","Dallas Cowboys",,
"641534d1-665e-4aaf-a70b-375814219f52","876a2db7-22d8-48b6-a3e9-bd825405b722","Traeshon","Holden","-","0.0","1",,"WR","Dallas Cowboys",,
"64d8a8d0-7238-4eb1-ac0e-f952c93b5cfe","4bfe28e5-0792-4db9-a256-f0684cdbbbee","Chase","Claypool","-","0.0","1",,"WR",,,
"6514f5b6-76bc-4ad6-b60c-0ed975550482","fb090786-d8de-4e8d-9db9-04e89e44ea63","Taylor","Heinicke","-","0.0","1",,"QB",,,
"65da5e32-007c-4420-9f1b-4bb30f1c78a7","a78c336a-f043-4845-b2d3-47b48a24a214","Chris","Pierce","-","0.0","1",,"TE",,,
"65dcf805-24ff-4c54-8178-524116b49f9c","cbd44d70-a500-4e0f-8d9c-a1fa32183aa3","John","Ross","-","0.0","1",,"WR",,,
"661e5ded-b89f-485e-88c7-82452ac82d51","972c1749-c532-4a50-a1de-2c74b3f88286","Adam","Thielen","-","0.0","1",,"WR",,,
"663ef6e3-6f50-4ba5-b23f-ae7e3e519651","d36a2a04-0fcf-40e9-bd55-2fcf59220920","Chris","Hilton","-","0.0","1",,"WR","Washington Commanders",,
"66501328-68e1-47ef-af23-55a24c4dc49c","f12eabf7-9703-49dd-a362-fb53ad065745","Matt","Bushman","-","0.0","1",,"TE",,,
"667b2ec8-b85f-450c-9605-683e1128c3c8","3938dfa9-766c-44b0-90a8-d0aa272a05e6","Tarik","Black","-","0.0","1",,"WR","Detroit Lions",,
"66c499d9-b6e6-4713-91da-234329078b57","10e0a2ff-5721-42d3-808a-c73914405da5","Dee","Eskridge","-","0.0","1",,"WR",,,
"66c92e51-5af3-4496-9ca7-daa4e29c7ddc","7da829d5-a014-412b-9db5-5c865cfe8534","Tyler","Lockett","-","0.0","1",,"WR",,,
"67316d48-5886-440b-87a3-54ce7c213ee1","a851c544-5c32-4bb4-b848-9275faf8e12a","Dorian","Singer","-","0.0","1",,"WR",,,
"67dd8a2a-0820-4b47-bde7-da6a6821577f","35745477-761a-4375-9af6-566ad8cb8167","Tre'","McKitty","-","0.0","1",,"TE",,,
"680d343a-cc81-468c-95c5-4e524958feca","a6ae1e0c-62a2-4735-8cb8-8e2d30fbba2d","Case","Keenum","-","0.0","1",,"QB","Chicago Bears",,
"681ce4e4-7ef2-4bd0-9f11-307fae7cab91","3cd29adf-71c5-4c78-8981-ac12e98f6060","Andy","Isabella","-","0.0","1",,"WR",,,
"68777949-f769-4773-85cd-055892c5add4","6131096e-860d-46a9-8c35-6f99bbb950ff","Peyton","Hendershot","-","0.0","1",,"TE",,,
"68a07537-d593-4beb-8ec2-2b32ff3c70b2","d2dd8436-1694-45fa-99bb-38b95be026f5","Tucker","Fisk","-","0.0","1",,"TE",,,
"68ee8683-7c7d-4c3e-b172-5ae4156b0652","61ced104-e70b-491f-9210-b9314023d3f6","Jimmy","Garoppolo","-","0.0","1",,"QB",,,
"6900428d-fb15-47e8-835e-d8d2cc475e39","b93eaf91-c5a3-4a8b-ad58-35f8e5850814","Marcell","Ateman","-","0.0","1",,"WR",,,
"690bc397-4b72-4f51-998f-817dcf94362f","3509fb2d-290e-463e-a200-91811aeaa68f","Duke","Johnson","-","0.0","1",,"RB",,,
"691244de-9733-48aa-9133-42a1c750a9f2","ff84664b-1118-41f6-8140-8a2c67ed4077","Kalen","Ballage","-","0.0","1",,"RB",,,
"691cb509-82b2-494b-af97-623089057db9","1f8b31f5-5a8b-461e-accd-d8bc9ecf5a11","Evan","Hull","-","0.0","1",,"RB","Arizona Cardinals",,
"692d4c6c-7837-41d5-a9be-e283f60ae292","762d6ec0-ac96-4d34-95ae-69511a1d6654","Christian","Wade","-","0.0","1",,"RB",,,
"69538998-c192-4e81-a622-4771d75536e2","f77e48d7-57da-4c3c-b042-c6007840d60f","Nick","Bowers","-","0.0","1",,"TE",,,
"6a0fc078-4218-4d65-b39d-e49b68d123f5","147c819e-435f-431a-a98f-0821eb2347f9","Kejon","Owens","-","0.0","1",,"RB",,,
"6a1ce31d-c2f9-40dd-8d63-dc04af6f81e1","f03bee15-39cc-4f13-9e8d-072887c6a371","Brycen","Tremayne","-","0.0","1",,"WR","Carolina Panthers",,
"6a2006fe-db33-4e76-b481-c3bc1ef863ae","cb567828-73a6-437a-9348-5e4b2712813f","Jacob","Clark","-","0.0","1",,"QB","Las Vegas Raiders",,
"6a7494d9-b908-4d21-8b19-b28963b9fe52","007f27db-0883-49fb-b11e-6d741346f648","Stephen","Anderson","-","0.0","1",,"TE",,,
"6adf7de0-7aa0-4640-b91f-1d9c1b0c66ae","5df6c28e-255a-4a53-92fc-53af23fb7b9d","Sean","McKeon","-","0.0","1",,"TE","Indianapolis Colts",,
"6b445abf-fdb8-4e58-a4aa-608c3391410f","963d8ebc-533c-42d6-bfa7-0d800e0270f3","Tommy","Mellott","-","0.0","1",,"WR",,,
"6b6be67b-dbe7-42b0-b6da-47a98b328886","8241afd7-811e-4f9b-9e5b-71d707270d1a","Tony","Jones Jr.","-","0.0","1",,"RB",,,
"6b6d2131-d49d-49bc-887a-62acc3928c7b","5a3d90f2-18c8-4616-85c3-042838230cbf","Devin","Asiasi","-","0.0","1",,"TE",,,
"6b8ca2c6-4b32-474f-8fee-ff64b513d415","9f5d5b15-8591-4ef0-ad82-c9ef91b19fb4","Blake","Jarwin","-","0.0","1",,"TE",,,
"6b983478-7215-435f-8ec9-1c16a6c33801","861d1db0-77d9-4f58-a7ef-5268cdfca261","Tyren","Montgomery","-","0.0","1",,"WR","Tennessee Titans",,
"6b9eaf98-0224-46f8-ad24-299e9931d697","20da98de-46ad-43ad-a6ef-e6ed946b48ad","Kevin","White","-","0.0","1",,"WR",,,
"6bba2d60-da27-4341-9e24-a5f86fb8c7d0","bf94084b-a103-4fb6-a02b-bc093f9f8a1b","Cam","Camper","-","0.0","1",,"WR","New York Jets",,
"6c11b8dc-8345-49a7-b904-c0823417d797","648033dc-0124-429a-9a89-7ddb9f195885","Qadree","Ollison","-","0.0","1",,"RB",,,
"6da69b2b-39fd-467c-af2e-9dafaf233340","f2933db0-3b5e-44ff-a354-7a06053ea2b9","Michael","Thomas","-","0.0","1",,"WR",,,
"6dc8ff52-ddf8-46a8-8987-ef6ecd3219a7","530b2c58-6a12-4fa2-96fb-83c47ad24bbc","Keith","Smith","-","0.0","1",,"RB",,,
"6f4f4067-1e49-4bdc-97c2-5fbbdfa44cd7","5c160264-7635-4e4c-81e1-f5d24b89a66d","Zack","Annexstad","-","0.0","1",,"QB",,,
"6f591bab-cb16-4820-8848-39db5b34feca","3c804b7c-622b-4a73-9596-1bd803b695cc","Jordan","Mims","-","0.0","1",,"RB","Minnesota Vikings",,
"6f6f3a1a-89e2-4278-86e3-0bf81f99dd63","eb7f3504-9d5c-489a-b9c4-9fd4bdbaddb7","Max","Brosmer","-","0.0","1",,"QB","Minnesota Vikings",,
"6fa23c8b-3c53-4482-afee-dd7b6c751e00","3e13323d-137e-4cbb-b4b9-731304cda5b0","Ja'Mori","Maclin","-","0.0","1",,"WR","Buffalo Bills",,
"6fe32793-d6d9-4609-bbd7-5b76d205e66e","55d2ccbb-3084-4d4f-82d2-7f0ba17516f8","Tyler","Kahmann","-","0.0","1",,"WR",,,
"70138ae8-13b6-4843-a214-607fbae861bb","a8c6ef44-3a37-4c86-9c18-50d0432f9286","Austin","Reed","-","0.0","1",,"QB",,,
"704b5ac4-1342-41c0-8079-eafdedfb2c02","7fee807d-be87-4220-b14d-e696e5505989","Travis","Vokolek","-","0.0","1",,"TE",,,
"70f23656-37af-45a0-9369-8c0df0074aa6","c25debc8-79b9-44d5-8ac4-4edca7d7b779","Raheem","Mostert","-","0.0","1",,"RB",,,
"7113da40-9e33-4bd1-831f-baa35dbbf62c","cb942ebf-9e1f-46a5-8f64-a60dbc18c527","John","Stephens","-","0.0","1",,"TE",,,
"7193e5b2-6897-4e87-a79b-3fcb8fab4c13","7c0893a1-8af4-430b-9b4e-d3e1e47cb5b4","Laquon","Treadwell","-","0.0","1",,"WR","Indianapolis Colts",,
"71cd0e00-d696-4c0d-bf8e-ee18619d9847","b70312ac-a86a-42fa-850c-a013404dea02","Ja'Quinden","Jackson","-","0.0","1",,"RB",,,
"7205ae4c-ba67-4548-adeb-a0a4d7a3fead","fedef765-e0cc-42d8-954e-71945c76995f","Anthony","McFarland","-","0.0","1",,"RB",,,
"72206dfe-2aa1-43d8-a656-8efe24c7c5f6","fa8107ca-2809-4452-810d-81a0c1d49513","DJ","Turner","-","0.0","1",,"WR","Houston Texans",,
"72305907-5d8e-47c4-aaf7-430dd48c0ef5","d8c4bb3c-9908-4fa5-8ece-b0afde6f2bcd","Chris","Brazzell","-","0.0","1",,"WR","Carolina Panthers",,
"73729b23-819e-4c68-a4df-c4e580c6ac30","0f50cd38-095f-4059-94ef-3376425ee580","Stanley","Morgan","-","0.0","1",,"WR",,,
"73cfaabd-57cc-4c22-8205-831830c2631e","c576e13c-880b-4d4f-b275-23fb789abb72","Dan","Villari","-","0.0","1",,"TE","Los Angeles Rams",,
"73d85eaf-5f18-40d8-9990-84967daa1b0d","91825171-c173-4090-a2a4-b8ce15b17be2","Stephen","Carlson","-","0.0","1",,"TE","Chicago Bears",,
"73fb6f94-22af-42ff-91ac-bf807af66ba5","a3cc6ddd-d3c7-4c2f-8003-b3684dba54d4","Chase","Edmonds","-","0.0","1",,"RB",,,
"74470d96-95bb-4fdb-bc9f-2523d223d570","533824be-28f0-4af1-b0ff-2b14b7429032","Jakobie","Keeney-James","-","0.0","1",,"WR","Pittsburgh Steelers",,
"74734f82-adf4-4c14-be18-0aebe847840a","f3a5c04d-f5af-4f6c-8cf7-7af190f50cc6","Chris","Evans","-","0.0","1",,"RB",,,
"747773fe-57a4-4dab-a066-fc367725e48f","84c71c8e-2b4a-4fc9-b3bc-237325d1e6e1","DT","Sherffield","-","0.0","1",,"WR",,,
"74f06521-cccc-4ab8-a9d5-ab2de0f7b4fc","224aa219-dd0f-4199-97d0-bd12f78dd08a","Monaray","Baldwin","-","0.0","1",,"WR",,,
"74f1c1bf-47ab-4e16-962c-97e15720cca5","75b58a21-6cc1-43ed-832f-a702fec0ef07","Harrison","Bryant","-","0.0","1",,"TE",,,
"74f4747f-d672-4344-aba2-99e346750077","f8e83c99-fd2f-4b28-8fca-80e840ac0623","Kendrick","Law","-","0.0","1",,"WR","Detroit Lions",,
"7522a549-5166-4210-b5ad-853236556338","09e53f61-1fb8-4e59-972e-52522e99170d","Trey","Burton","-","0.0","1",,"TE",,,
"756038a9-b6fc-4cc0-a180-c9b3f16ed27c","452d1457-52c5-4a85-b017-5c9d1a6236b6","Jake","Luton","-","0.0","1",,"QB",,,
"75c44a7a-cfd5-4078-a665-9a318e7cae87","cffa584f-35bc-4797-a98e-0bc0e14c573d","Trent","Pennix","-","0.0","1",,"RB",,,
"764431ed-1da3-4ecf-8e95-c0cd8ebddc5a","b96ab86c-9eeb-427f-a54b-53a9a21bc3fe","Hassan","Hall","-","0.0","1",,"RB",,,
"7687339b-e8ee-469c-95d2-5e03347a2c06","f579e9d6-fb89-46b2-929a-53a4851997e1","Lake","McRee","-","0.0","1",,"TE","Pittsburgh Steelers",,
"7718dcd1-ff29-4285-b993-a7c598ecbf91","38cab376-575a-45c9-8bd7-6bbfbfcacb9b","Jalin","Conyers","-","0.0","1",,"TE",,,
"772dd44d-c0a2-4d02-a32c-0034f592f5eb","ad974ca0-9a05-40ee-aeb0-71d0a96164d4","Godwin","Igwebuike","-","0.0","1",,"RB",,,
"772fe059-0452-4d1b-af25-6e2ea2998a2a","ea260f2b-13af-4983-bf6c-44afe070b431","Sincere","Brown","-","0.0","1",,"WR","Los Angeles Chargers",,
"77bd7e5d-cbf2-4c71-b90c-3ce6d6a8a5c5","3016f3be-0dc1-468c-b102-a44ad9082d85","Shedrick","Jackson","-","0.0","1",,"WR","Las Vegas Raiders",,
"78306c98-89ef-4c7c-9c42-4aa886ace54e","0c5747c5-27d9-4faa-bc0c-887636c60262","Zach","Pascal","-","0.0","1",,"WR",,,
"7854b8f2-62ae-4bbf-91b5-5d5f985ab6ce","512d8d07-85b2-4163-aea0-1b2b0dd25c07","Luke","Altmyer","-","0.0","1",,"QB","Detroit Lions",,
"78cc11d6-724b-481a-a6a1-324deca70be5","43873831-e925-49a4-b349-ba44f0df0441","Jesse","Matthews","-","0.0","1",,"WR",,,
"78f8c09c-a2f4-4c67-8474-f44d1662aefd","6d23433e-d0b0-4e2c-ba38-11ed84fbdf34","Anthony","Smith","-","0.0","1",,"WR","Dallas Cowboys",,
"79038ac0-29ea-401a-ab36-680c697acece","0357a12c-e7e4-47c4-bd88-440f21a6edc0","Gary","Brightwell","-","0.0","1",,"RB","Cincinnati Bengals",,
"79287e06-eb0e-4950-9650-dad1230a63d2","5f1b36de-f199-4398-baa3-d67458035896","Chris","Blair","-","0.0","1",,"WR","Atlanta Falcons",,
"793c4681-3b39-4559-b4a3-444548affac7","48176c26-4529-4840-b4ed-1cdad2751286","Adrian","Martinez","-","0.0","1",,"QB","San Francisco 49ers",,
"7970b6a9-b399-496e-9866-34a39f590ddb","faf1168b-1260-4685-99e9-35d6ace800ed","Hakeem","Butler","-","0.0","1",,"WR","Denver Broncos",,
"7a1d41d4-6dd9-460d-87c1-181fc69a2db3","250f8ea3-aefe-4698-91f5-fa8a9e2482b1","Roman","Hemby","-","0.0","1",,"RB","Las Vegas Raiders",,
"7a91eabb-b954-476f-8055-3be80debf110","c5d0be73-4304-4ab4-b4a2-b7a9cba329aa","SaRodorick","Thompson","-","0.0","1",,"RB",,,
"7aafe0ac-7e7f-4ae1-b49b-69b0ad7c7ed4","ac7a0ed5-a085-410c-a7a7-535b29449979","Isaiah","Washington","-","0.0","1",,"WR",,,
"7b6fe1d1-8cee-4f1e-a219-c3e0672834e6","b524d141-792b-40b0-b03f-5ba8b37d86be","Trent","Taylor","-","0.0","1",,"WR",,,
"7bc7bd37-6837-4694-b55a-e921031203ac","6bdca556-2005-44fc-92b2-d76c8fc07c0d","James","Robinson","-","0.0","1",,"RB",,,
"7c947227-5ba9-47a5-9be8-5058e7ad94ac","1b1876c0-21fc-4786-9c81-796dcce39265","Russell","Gage","-","0.0","1",,"WR",,,
"7cc3d4c9-21a2-4885-ba2c-27c46cf78dbf","e437bb76-664f-4432-ae52-ed32f979bfb1","Emani","Bailey","-","0.0","1",,"RB",,,
"7cd997f5-f623-4bb6-bd87-7ab05f202cc0","c3161dcc-7e6e-46a4-a992-32462e5a364e","Jordan","Akins","-","0.0","1",,"TE",,,
"7d528056-6bf7-4ca2-b69f-d9f0e958443b","f48808e6-a675-424c-9c26-f5691e1998ad","Dillon","Bell","-","0.0","1",,"WR","Minnesota Vikings",,
"7d8fe2e8-06d0-408b-b347-9623a2e39735","2d1cc4cf-0217-47b8-ac69-23e008276426","McCallan","Castles","-","0.0","1",,"TE","Green Bay Packers",,
"7dd44d07-5662-4726-bdec-ef9cca3bfb0b","7e6000de-0a9b-4d12-862b-5194ce6d526c","Austin","Ekeler","-","0.0","1",,"RB",,,
"7e2d9ef5-f920-4c42-9d64-f0976dfb3a7f","3eccee36-1be5-48ac-9760-838e33f7a7dc","Ryan","Jones","-","0.0","1",,"TE",,,
"7e347b32-147d-4eaf-9252-0daaa0cfe45f","3f534681-235b-479a-9f7f-49b46d92cf59","David","Martin-Robinson","-","0.0","1",,"TE","Tennessee Titans",,
"7e74d978-9e01-4f05-aa6f-f07cb7ea8bfb","c69d5b8f-c689-48ec-b36a-f127a261b73d","Jake","Browning","-","0.0","1",,"QB","Tampa Bay Buccaneers",,
"7e88584d-91f9-45cc-beb9-6aaae738faea","7cf73b21-7869-405e-8239-80c658ea3768","Kelly","Akharaiyi","-","0.0","1",,"WR",,,
"7eb354a2-6c2c-4d30-8697-36f3df6f7827","a9f6b720-1dc6-47e4-8217-714d4b47c829","Hunter","Bryant","-","0.0","1",,"TE",,,
"7ebb6279-236f-4691-bc2b-45add6126dee","ed0b21cf-64a2-44b8-9d5f-442aed878ce6","Noah","Togiai","-","0.0","1",,"TE",,,
"7ed287fa-458d-44d7-a700-bec86d71a448","2855b529-dddf-429a-9e10-ea062d0706cf","Darrell","Henderson Jr.","-","0.0","1",,"RB",,,
"7ef9c01f-0277-4a1d-a23f-76dcf32d27e5","d3040abd-11b2-4c94-b5da-c9396d813955","Deonte","Harty","-","0.0","1",,"WR",,,
"7f34e965-a0e2-4124-948f-e897912040a7","4b7d88bc-b34c-4826-ad58-c0b93f89a91f","Jordan","Travis","-","0.0","1",,"QB",,,
"7f51120f-5d41-4a11-b04a-ab59024a6238","c9d028e6-b508-49ec-b235-00b399afc15c","Jamison","Crowder","-","0.0","1",,"WR",,,
"7fbd54f8-4937-44c1-9eb1-1d0d2722e150","7e6f6802-ff96-4ef9-8e01-14724b993253","Craig","Reynolds","-","0.0","1",,"RB",,,
"7ffbf8d9-5f96-4538-b386-192689e4fe6d","1048a3a5-5817-47dd-a714-ca0c518a955c","Lance","McCutcheon","-","0.0","1",,"WR","Tennessee Titans",,
"80daf4ec-4594-48f3-b23e-8c06a5684284","68eaa5cf-1831-47b4-b85a-36fd85d64d66","Greg","Ward","-","0.0","1",,"WR",,,
"80f7c164-d96c-4b88-a8d6-c1330531837e","492e4cc2-bf84-4497-8c05-7d93c82b5e9b","Jamal","Agnew","-","0.0","1",,"WR",,,
"811512e2-82fd-4192-88e0-17edafdf1825","7431ac9e-a62f-4721-834e-a9327e2f8797","Paul","Richardson","-","0.0","1",,"WR",,,
"8166ad9a-3250-4b82-8484-8ffbeace6e68","2695dd38-cb15-4384-ab7d-dc9b8e3f79c3","Dalen","Cambre","-","0.0","1",,"WR","New York Giants",,
"82b319d0-330e-414a-ba10-2c746343625b","a424a93e-841b-446b-a1b5-f5750e352516","Tanner","Mordecai","-","0.0","1",,"QB",,,
"82c049be-61ac-420c-8ca0-4426360695cc","1b6dc9ac-9050-4d08-b71e-9de119bfd6e0","Moliki","Matavao","-","0.0","1",,"TE","New Orleans Saints",,
"8337c44b-c38f-4b3f-82dc-8781b1095e4d","ecdc9d60-8a41-4a9c-ac5f-8c2e317ae109","Ty","Scott","-","0.0","1",,"WR",,,
"838e2a8d-1f2b-47f7-a30b-7a22051a7c47","75768915-8483-4ce8-8f8f-b1f5c672cf5a","Thaddeus","Moss","-","0.0","1",,"TE",,,
"83f8bd90-a2e8-4f4f-9d81-e6db8321978b","1f163be4-3dff-4eb1-8b32-86da677ab672","Tanner","McLachlan","-","0.0","1",,"TE","San Francisco 49ers",,
"8439b986-2c1f-4f51-8551-00a4d6a43c83","0a87e4f7-9666-40f6-bbe0-7ab0e15d21e0","Derek","Parish","-","0.0","1",,"TE",,,
"84a1b024-4a8d-4dbc-88bc-627abadfcb53","b464489b-bf3c-4d18-aa72-4b83e8ffb15b","Scotty","Miller","-","0.0","1",,"WR","Chicago Bears",,
"851ae75f-d19d-45e5-8bf0-67e090b09c69","19d6019b-fdcb-403f-9fef-d6b7146855b6","Ricky","Person","-","0.0","1",,"RB",,,
"85306523-65c8-4528-beb4-2b9d09d956cd","2e0622f2-f2a1-47b3-808b-9a8f58ec8c94","Thomas","Odukoya","-","0.0","1",,"TE",,,
"8580a086-c54d-4396-830f-a976c67af632","f7e9c5ff-ad4a-4fd8-b62b-693842b39d3a","Keaontay","Ingram","-","0.0","1",,"RB",,,
"85acfec5-671e-41bf-996d-078dca3354c3","df22a581-dfb7-4ab1-92ba-15a69e6949cb","Athan","Kaliakmanis","-","0.0","1",,"QB","Washington Commanders",,
"862c22db-a834-4169-a5f9-1b5641935e80","a5b828e4-f1ea-4f9c-a95f-583e82eae5a2","Jashaun","Corbin","-","0.0","1",,"RB","Dallas Cowboys",,
"86399466-0f7b-4b98-a0ea-7d544e3cc79c","eae87370-22b6-4dc4-a026-27305b132c61","Treyton","Welch","-","0.0","1",,"TE","New Orleans Saints",,
"864e990a-77d5-47a2-b860-94dfa07a743a","7b6a4f58-122e-45c0-bf23-d862552ba221","Stetson","Bennett","-","0.0","1",,"QB","Los Angeles Rams",,
"86510e28-ac5c-4aaa-8e46-64a7fbf1e099","9a5f030e-a843-4a54-87aa-4a08fe407401","Theo","Riddick","-","0.0","1",,"RB",,,
"86d4aff9-b606-4106-b8f3-e77bd5375736","e49e848d-1e37-485e-939d-534e50721502","Montrell","Johnson","-","0.0","1",,"RB",,,
"87130da9-2574-41c0-838a-6517883ca263","af646a26-fe0b-44bb-9034-cbcb024fc9bc","Ra'Shaun","Henry","-","0.0","1",,"WR",,,
"8723a34b-dc40-4c59-a6fb-717db851c50c","5e4aad4b-1f05-47c8-bd0f-20c11f944bea","Devine","Ozigbo","-","0.0","1",,"RB",,,
"87699286-f795-4415-90a8-76532424c75d","fe8df930-ae36-41bb-abd3-89b1f8fab697","Jaxon","Janke","-","0.0","1",,"WR",,,
"87917b03-c942-43e6-9428-6b3967d8787d","1f9f5102-e716-47d5-b39a-481f77f72b15","Trinidad","Chambliss","-","0.0","1",,"QB",,,
"87d80e79-8fb5-48cf-b86d-199f3d0fa78b","ef44b171-1cde-4949-8a3c-411ecd79d3df","Michael","Jacobson","-","0.0","1",,"TE",,,
"87fc8e0b-2c10-4a24-8771-f3ad9491e04f","8465d200-efe2-4fb8-abdf-648e28af2be2","Jalen","Virgil","-","0.0","1",,"WR",,,
"88066723-943a-4cf3-9d20-7c3cffb389eb","fb2d8d58-1a9d-44b9-a0d7-c94029920ad8","Joshua","Simon","-","0.0","1",,"TE","Atlanta Falcons",,
"881b2d57-1f6d-4a80-9ad3-4398cc1d5452","327c2823-575c-48df-b3e7-a022ce7053b7","Ellis","Merriweather","-","0.0","1",,"RB",,,
"8822de29-5d4d-4f8e-b04c-aa62bd25019e","19f3df7d-99f9-4555-8e03-a4afd3fa8c49","Joe","Mixon","-","0.0","1",,"RB",,,
"8867030f-af93-4d3f-bb43-83732997935f","5d87928f-2bc7-498c-bbf1-824a5d83b714","Tyrion","Davis-Price","-","0.0","1",,"RB",,,
"88901fa6-51df-4c08-85e3-f7d3611c92c3","ac4c7470-c683-4e07-8768-086db0598961","Dymere","Miller","-","0.0","1",,"WR",,,
"88ee8046-6232-4de7-9f9f-7989663d1eac","531f52ff-5f9d-41fd-a094-df76ef6db136","Alec","Ingold","-","0.0","1",,"RB","Los Angeles Chargers",,
"8902c988-c536-452a-87f7-0cd23a767365","5c8a31c4-6731-4d82-a770-ba31821ab109","Kobe","Hudson","-","0.0","1",,"WR",,,
"8905d01f-e415-451d-a90e-338b10e2b248","5c10c497-057a-4c46-bccf-8c48f3d33f65","Terrell","Bynum","-","0.0","1",,"WR",,,
"890c3181-085a-4697-ad26-16fafdc88297","5f155641-2aa3-4159-9540-5776019aedad","Cornell","Powell","-","0.0","1",,"WR",,,
"891e54ce-b6dd-4762-a30a-64e9476a4821","3745014e-c77f-4330-ae2f-323525f72720","Gus","Edwards","-","0.0","1",,"RB",,,
"8925e30e-2f39-4a8b-9c27-e847fc99cbed","732d9e9d-89ea-44b6-a3af-53335718fcb1","Lew","Nichols","-","0.0","1",,"RB","Pittsburgh Steelers",,
"89577576-e12f-4763-b984-029efde7081b","714d5c65-5248-4e1b-97db-fb6a32344d5f","David","Wells","-","0.0","1",,"TE",,,
"89e33ee9-68a7-4574-9320-92535bd9fc55","37be9929-2955-41cf-bb72-646ab62987aa","Sincere","McCormick","-","0.0","1",,"RB","San Francisco 49ers",,
"8a07f5cc-e181-4639-8b68-59ea25e2d95d","8ff4e7e8-f959-4d1a-a29a-8aded7108f78","Dayton","Wade","-","0.0","1",,"WR","Baltimore Ravens",,
"8a1b1960-7e5f-4a5a-855d-7d1deb2f9fac","f8d1ae78-7bbe-40f4-9b24-a5f384de240e","Leonard","Fournette","-","0.0","1",,"RB",,,
"8a4575f2-a14b-43b4-99f2-97767db4381e","1d88d6df-e227-42a4-8909-7eff2f18214e","Joshua","Dobbs","-","0.0","1",,"QB",,,
"8a696aa0-8bc0-4357-9342-f79514072117","84cf37a2-d9f9-4315-a56a-c003a186023d","Tyreek","Hill","-","0.0","1",,"WR",,,
"8a7df54c-a131-444c-ab34-7ecc25613364","2fd9b7b5-27b3-4f69-8abe-60a8144c6909","Brandin","Cooks","-","0.0","1",,"WR",,,
"8adc668b-2fec-4c09-b542-ac85ab06497c","e3933362-2750-427e-80d1-70d150296830","Myles","Price","-","0.0","1",,"WR","Minnesota Vikings",,
"8b14afaf-231f-4cda-86d4-3e88fe9e16ad","6bc99a7f-88bc-4011-9b73-a807020176a7","Jason","Brownlee","-","0.0","1",,"WR","Kansas City Chiefs",,
"8c58e58a-fc03-4030-9b2f-372fcb018767","7dc4bf58-7897-4fc0-8a97-7de75f3c487e","Thomas","Yassmin","-","0.0","1",,"TE","Green Bay Packers",,
"8d301443-0bab-413e-a01b-065a03ba2cee","04bce27e-b105-48d2-8308-96b1b477a51b","Ben","Patterson","-","0.0","1",,"WR",,,
"8d5ab224-db5d-4737-8989-621c451fd659","109091e3-517d-427c-98d0-c3982fd84508","Dominic","Richardson","-","0.0","1",,"RB",,,
"8d61b90f-8fb3-46d4-a808-3d3e49944468","de3aa862-92f1-430e-ba20-bb079f1591e8","Nikola","Kalinic","-","0.0","1",,"TE","Chicago Bears",,
"8d62684e-30c7-4333-a395-30ac571bb083","62b33363-6b96-472e-ac58-a37611b925fd","Curtis","Samuel","-","0.0","1",,"WR",,,
"8d642974-6208-4551-92b0-966f99e38266","46effd99-f99a-4096-87fa-2a3435776c69","Jacob","Warren","-","0.0","1",,"TE",,,
"8d6ad208-6b00-402b-9eae-ef68c592bb97","757851a6-79b9-4c5b-af7e-af0fcb9d5f80","Donald","Parham Jr.","-","0.0","1",,"TE",,,
"8dc2a7bb-a522-482d-b045-90ad9fdea8b8","878aad5f-c243-4060-99d4-3dd62c5e7d3b","Zaire","Mitchell-Paden","-","0.0","1",,"TE","New Orleans Saints",,
"8de3d435-3d0a-40e9-b2fc-733ade84961a","95652101-b19a-4d49-b9e7-b0cafe70c3b3","Ben","DiNucci","-","0.0","1",,"QB",,,
"8e51a37f-6ae4-4669-9d1d-00f82623902e","e454b9db-4daa-4097-b0bf-4547391d1141","Isaiah","Ford","-","0.0","1",,"WR",,,
"8e5c44b9-2ed0-402a-a735-c9881bdcf47e","4b7cbb4c-1ab9-4e5b-9c08-b92992cf4d45","Behren","Morton","-","0.0","1",,"QB","New England Patriots",,
"8f05ffa0-2998-465b-8f96-b61554ad4cae","18a2674f-16a8-4b41-b131-cb67e413e598","Diego","Pavia","-","0.0","1",,"QB",,,
"8f50de5f-42a2-4cd7-924d-1a081f2a7bc2","fece6263-7a43-4071-a9e6-885d954d8b9c","Terique","Owens","-","0.0","1",,"WR",,,
"8fe2a739-5777-429d-8ae7-a0cbdd2c379e","12a94d1a-7d2e-4044-8a20-8e2e111439fd","Jack","Colletto","-","0.0","1",,"RB",,,
"9036f297-f912-4376-b9e0-8ce63818457e","44aba8e5-5c9d-48f4-855f-926414a6be2e","Dillon","Johnson","-","0.0","1",,"RB",,,
"9056cec1-ab9b-487f-82e0-6807df578d53","828e279b-2c87-4d90-ab2e-2b7b37889e9c","Samori","Toure","-","0.0","1",,"WR","Philadelphia Eagles",,
"9060e491-9816-40c2-a822-a479a8fb14d9","8338c416-2fd9-40a4-a9d0-5219379eda93","Tyreik","McAllister","-","0.0","1",,"WR",,,
"9137e636-3af8-43aa-b0ab-68a7b45e6ba9","8da84d64-bab4-4fdd-ac2d-f6729e5a31a5","Kaden","Smith","-","0.0","1",,"TE",,,